image_id,image_path,class_id,is_train
1,001.Black_footed_Albatross/Black_Footed_Albatross_0046_18.jpg,1,0
3,001.Black_footed_Albatross/Black_Footed_Albatross_0002_55.jpg,1,0
6,001.Black_footed_Albatross/Black_Footed_Albatross_0085_92.jpg,1,0
10,001.Black_footed_Albatross/Black_Footed_Albatross_0025_796057.jpg,1,0
12,001.Black_footed_Albatross/Black_Footed_Albatross_0086_796062.jpg,1,0
13,001.Black_footed_Albatross/Black_Footed_Albatross_0049_796063.jpg,1,0
14,001.Black_footed_Albatross/Black_Footed_Albatross_0006_796065.jpg,1,0
16,001.Black_footed_Albatross/Black_Footed_Albatross_0016_796067.jpg,1,0
17,001.Black_footed_Albatross/Black_Footed_Albatross_0065_796068.jpg,1,0
19,001.Black_footed_Albatross/Black_Footed_Albatross_0042_796071.jpg,1,0
22,001.Black_footed_Albatross/Black_Footed_Albatross_0090_796077.jpg,1,0
25,001.Black_footed_Albatross/Black_Footed_Albatross_0008_796083.jpg,1,0
26,001.Black_footed_Albatross/Black_Footed_Albatross_0033_796086.jpg,1,0
27,001.Black_footed_Albatross/Black_Footed_Albatross_0024_796089.jpg,1,0
29,001.Black_footed_Albatross/Black_Footed_Albatross_0026_796095.jpg,1,0
33,001.Black_footed_Albatross/Black_Footed_Albatross_0064_796101.jpg,1,0
34,001.Black_footed_Albatross/Black_Footed_Albatross_0076_417.jpg,1,0
38,001.Black_footed_Albatross/Black_Footed_Albatross_0053_796109.jpg,1,0
39,001.Black_footed_Albatross/Black_Footed_Albatross_0001_796111.jpg,1,0
44,001.Black_footed_Albatross/Black_Footed_Albatross_0037_796120.jpg,1,0
45,001.Black_footed_Albatross/Black_Footed_Albatross_0082_796121.jpg,1,0
47,001.Black_footed_Albatross/Black_Footed_Albatross_0050_796125.jpg,1,0
48,001.Black_footed_Albatross/Black_Footed_Albatross_0078_796126.jpg,1,0
50,001.Black_footed_Albatross/Black_Footed_Albatross_0045_796129.jpg,1,0
52,001.Black_footed_Albatross/Black_Footed_Albatross_0088_796133.jpg,1,0
54,001.Black_footed_Albatross/Black_Footed_Albatross_0003_796136.jpg,1,0
57,001.Black_footed_Albatross/Black_Footed_Albatross_0035_796140.jpg,1,0
59,001.Black_footed_Albatross/Black_Footed_Albatross_0058_796074.jpg,1,0
61,002.Laysan_Albatross/Laysan_Albatross_0002_1027.jpg,2,0
63,002.Laysan_Albatross/Laysan_Albatross_0082_524.jpg,2,0
65,002.Laysan_Albatross/Laysan_Albatross_0070_788.jpg,2,0
68,002.Laysan_Albatross/Laysan_Albatross_0053_543.jpg,2,0
70,002.Laysan_Albatross/Laysan_Albatross_0001_545.jpg,2,0
71,002.Laysan_Albatross/Laysan_Albatross_0023_1059.jpg,2,0
76,002.Laysan_Albatross/Laysan_Albatross_0060_777.jpg,2,0
79,002.Laysan_Albatross/Laysan_Albatross_0080_821.jpg,2,0
82,002.Laysan_Albatross/Laysan_Albatross_0091_602.jpg,2,0
83,002.Laysan_Albatross/Laysan_Albatross_0102_611.jpg,2,0
85,002.Laysan_Albatross/Laysan_Albatross_0017_614.jpg,2,0
87,002.Laysan_Albatross/Laysan_Albatross_0035_876.jpg,2,0
88,002.Laysan_Albatross/Laysan_Albatross_0098_621.jpg,2,0
90,002.Laysan_Albatross/Laysan_Albatross_0034_628.jpg,2,0
92,002.Laysan_Albatross/Laysan_Albatross_0058_637.jpg,2,0
93,002.Laysan_Albatross/Laysan_Albatross_0028_643.jpg,2,0
95,002.Laysan_Albatross/Laysan_Albatross_0075_668.jpg,2,0
98,002.Laysan_Albatross/Laysan_Albatross_0064_674.jpg,2,0
100,002.Laysan_Albatross/Laysan_Albatross_0049_918.jpg,2,0
101,002.Laysan_Albatross/Laysan_Albatross_0012_696.jpg,2,0
103,002.Laysan_Albatross/Laysan_Albatross_0037_699.jpg,2,0
106,002.Laysan_Albatross/Laysan_Albatross_0042_801.jpg,2,0
107,002.Laysan_Albatross/Laysan_Albatross_0004_930.jpg,2,0
108,002.Laysan_Albatross/Laysan_Albatross_0093_725.jpg,2,0
112,002.Laysan_Albatross/Laysan_Albatross_0021_737.jpg,2,0
114,002.Laysan_Albatross/Laysan_Albatross_0059_488.jpg,2,0
118,002.Laysan_Albatross/Laysan_Albatross_0103_504.jpg,2,0
119,002.Laysan_Albatross/Laysan_Albatross_0079_506.jpg,2,0
126,003.Sooty_Albatross/Sooty_Albatross_0003_1078.jpg,3,0
129,003.Sooty_Albatross/Sooty_Albatross_0044_1105.jpg,3,0
130,003.Sooty_Albatross/Sooty_Albatross_0071_1116.jpg,3,0
132,003.Sooty_Albatross/Sooty_Albatross_0030_1122.jpg,3,0
133,003.Sooty_Albatross/Sooty_Albatross_0054_796347.jpg,3,0
134,003.Sooty_Albatross/Sooty_Albatross_0033_1128.jpg,3,0
135,003.Sooty_Albatross/Sooty_Albatross_0048_1130.jpg,3,0
139,003.Sooty_Albatross/Sooty_Albatross_0024_1161.jpg,3,0
144,003.Sooty_Albatross/Sooty_Albatross_0005_796342.jpg,3,0
146,003.Sooty_Albatross/Sooty_Albatross_0042_1210.jpg,3,0
147,003.Sooty_Albatross/Sooty_Albatross_0046_1211.jpg,3,0
149,003.Sooty_Albatross/Sooty_Albatross_0049_796350.jpg,3,0
150,003.Sooty_Albatross/Sooty_Albatross_0050_796351.jpg,3,0
154,003.Sooty_Albatross/Sooty_Albatross_0010_796355.jpg,3,0
155,003.Sooty_Albatross/Sooty_Albatross_0029_796357.jpg,3,0
161,003.Sooty_Albatross/Sooty_Albatross_0076_796365.jpg,3,0
162,003.Sooty_Albatross/Sooty_Albatross_0004_796366.jpg,3,0
163,003.Sooty_Albatross/Sooty_Albatross_0065_796367.jpg,3,0
165,003.Sooty_Albatross/Sooty_Albatross_0007_796372.jpg,3,0
167,003.Sooty_Albatross/Sooty_Albatross_0051_796374.jpg,3,0
169,003.Sooty_Albatross/Sooty_Albatross_0067_796376.jpg,3,0
170,003.Sooty_Albatross/Sooty_Albatross_0066_796382.jpg,3,0
171,003.Sooty_Albatross/Sooty_Albatross_0036_796387.jpg,3,0
173,003.Sooty_Albatross/Sooty_Albatross_0006_796390.jpg,3,0
175,003.Sooty_Albatross/Sooty_Albatross_0002_796395.jpg,3,0
178,003.Sooty_Albatross/Sooty_Albatross_0013_796402.jpg,3,0
180,004.Groove_billed_Ani/Groove_Billed_Ani_0094_1540.jpg,4,0
183,004.Groove_billed_Ani/Groove_Billed_Ani_0080_1549.jpg,4,0
185,004.Groove_billed_Ani/Groove_Billed_Ani_0037_1560.jpg,4,0
186,004.Groove_billed_Ani/Groove_Billed_Ani_0017_1561.jpg,4,0
190,004.Groove_billed_Ani/Groove_Billed_Ani_0031_1588.jpg,4,0
191,004.Groove_billed_Ani/Groove_Billed_Ani_0107_1590.jpg,4,0
192,004.Groove_billed_Ani/Groove_Billed_Ani_0035_1591.jpg,4,0
193,004.Groove_billed_Ani/Groove_Billed_Ani_0109_1592.jpg,4,0
198,004.Groove_billed_Ani/Groove_Billed_Ani_0075_1617.jpg,4,0
199,004.Groove_billed_Ani/Groove_Billed_Ani_0029_1620.jpg,4,0
200,004.Groove_billed_Ani/Groove_Billed_Ani_0108_1639.jpg,4,0
201,004.Groove_billed_Ani/Groove_Billed_Ani_0100_1646.jpg,4,0
207,004.Groove_billed_Ani/Groove_Billed_Ani_0053_1672.jpg,4,0
208,004.Groove_billed_Ani/Groove_Billed_Ani_0088_1678.jpg,4,0
210,004.Groove_billed_Ani/Groove_Billed_Ani_0082_1697.jpg,4,0
211,004.Groove_billed_Ani/Groove_Billed_Ani_0101_1700.jpg,4,0
212,004.Groove_billed_Ani/Groove_Billed_Ani_0010_1704.jpg,4,0
214,004.Groove_billed_Ani/Groove_Billed_Ani_0040_1715.jpg,4,0
217,004.Groove_billed_Ani/Groove_Billed_Ani_0074_1730.jpg,4,0
219,004.Groove_billed_Ani/Groove_Billed_Ani_0059_1480.jpg,4,0
223,004.Groove_billed_Ani/Groove_Billed_Ani_0005_1750.jpg,4,0
226,004.Groove_billed_Ani/Groove_Billed_Ani_0014_1755.jpg,4,0
229,004.Groove_billed_Ani/Groove_Billed_Ani_0060_1505.jpg,4,0
231,004.Groove_billed_Ani/Groove_Billed_Ani_0087_1765.jpg,4,0
233,004.Groove_billed_Ani/Groove_Billed_Ani_0062_1767.jpg,4,0
234,004.Groove_billed_Ani/Groove_Billed_Ani_0092_1516.jpg,4,0
236,004.Groove_billed_Ani/Groove_Billed_Ani_0009_1522.jpg,4,0
237,004.Groove_billed_Ani/Groove_Billed_Ani_0078_1780.jpg,4,0
240,005.Crested_Auklet/Crested_Auklet_0042_794902.jpg,5,0
244,005.Crested_Auklet/Crested_Auklet_0041_794910.jpg,5,0
246,005.Crested_Auklet/Crested_Auklet_0044_1825.jpg,5,0
251,005.Crested_Auklet/Crested_Auklet_0011_794927.jpg,5,0
252,005.Crested_Auklet/Crested_Auklet_0059_794929.jpg,5,0
255,005.Crested_Auklet/Crested_Auklet_0021_794938.jpg,5,0
259,005.Crested_Auklet/Crested_Auklet_0074_794949.jpg,5,0
260,005.Crested_Auklet/Crested_Auklet_0028_794951.jpg,5,0
265,005.Crested_Auklet/Crested_Auklet_0053_794966.jpg,5,0
271,005.Crested_Auklet/Crested_Auklet_0068_785253.jpg,5,0
279,005.Crested_Auklet/Crested_Auklet_0036_794905.jpg,5,0
282,005.Crested_Auklet/Crested_Auklet_0048_1791.jpg,5,0
286,006.Least_Auklet/Least_Auklet_0014_1901.jpg,6,0
292,006.Least_Auklet/Least_Auklet_0032_795068.jpg,6,0
298,006.Least_Auklet/Least_Auklet_0039_795081.jpg,6,0
300,006.Least_Auklet/Least_Auklet_0025_795087.jpg,6,0
304,006.Least_Auklet/Least_Auklet_0028_795094.jpg,6,0
309,006.Least_Auklet/Least_Auklet_0041_795107.jpg,6,0
311,006.Least_Auklet/Least_Auklet_0004_795112.jpg,6,0
312,006.Least_Auklet/Least_Auklet_0023_1898.jpg,6,0
314,006.Least_Auklet/Least_Auklet_0046_795118.jpg,6,0
329,007.Parakeet_Auklet/Parakeet_Auklet_0072_795929.jpg,7,0
330,007.Parakeet_Auklet/Parakeet_Auklet_0030_795930.jpg,7,0
337,007.Parakeet_Auklet/Parakeet_Auklet_0058_795942.jpg,7,0
340,007.Parakeet_Auklet/Parakeet_Auklet_0020_795947.jpg,7,0
343,007.Parakeet_Auklet/Parakeet_Auklet_0064_795954.jpg,7,0
344,007.Parakeet_Auklet/Parakeet_Auklet_0039_795955.jpg,7,0
346,007.Parakeet_Auklet/Parakeet_Auklet_0050_795957.jpg,7,0
348,007.Parakeet_Auklet/Parakeet_Auklet_0031_795960.jpg,7,0
350,007.Parakeet_Auklet/Parakeet_Auklet_0026_795962.jpg,7,0
352,007.Parakeet_Auklet/Parakeet_Auklet_0067_795964.jpg,7,0
354,007.Parakeet_Auklet/Parakeet_Auklet_0015_795966.jpg,7,0
356,007.Parakeet_Auklet/Parakeet_Auklet_0013_795970.jpg,7,0
357,007.Parakeet_Auklet/Parakeet_Auklet_0051_795971.jpg,7,0
360,007.Parakeet_Auklet/Parakeet_Auklet_0040_795974.jpg,7,0
363,007.Parakeet_Auklet/Parakeet_Auklet_0016_795977.jpg,7,0
365,007.Parakeet_Auklet/Parakeet_Auklet_0075_795981.jpg,7,0
369,007.Parakeet_Auklet/Parakeet_Auklet_0061_795990.jpg,7,0
370,007.Parakeet_Auklet/Parakeet_Auklet_0008_795992.jpg,7,0
371,007.Parakeet_Auklet/Parakeet_Auklet_0034_795994.jpg,7,0
372,007.Parakeet_Auklet/Parakeet_Auklet_0010_795995.jpg,7,0
373,007.Parakeet_Auklet/Parakeet_Auklet_0070_795998.jpg,7,0
381,008.Rhinoceros_Auklet/Rhinoceros_Auklet_0042_2101.jpg,8,0
382,008.Rhinoceros_Auklet/Rhinoceros_Auklet_0027_797496.jpg,8,0
383,008.Rhinoceros_Auklet/Rhinoceros_Auklet_0034_797497.jpg,8,0
384,008.Rhinoceros_Auklet/Rhinoceros_Auklet_0037_797499.jpg,8,0
386,008.Rhinoceros_Auklet/Rhinoceros_Auklet_0044_797502.jpg,8,0
389,008.Rhinoceros_Auklet/Rhinoceros_Auklet_0025_797508.jpg,8,0
391,008.Rhinoceros_Auklet/Rhinoceros_Auklet_0051_797510.jpg,8,0
394,008.Rhinoceros_Auklet/Rhinoceros_Auklet_0041_797515.jpg,8,0
405,008.Rhinoceros_Auklet/Rhinoceros_Auklet_0046_797532.jpg,8,0
407,008.Rhinoceros_Auklet/Rhinoceros_Auklet_0003_797535.jpg,8,0
408,008.Rhinoceros_Auklet/Rhinoceros_Auklet_0045_797536.jpg,8,0
410,008.Rhinoceros_Auklet/Rhinoceros_Auklet_0001_797538.jpg,8,0
412,008.Rhinoceros_Auklet/Rhinoceros_Auklet_0004_797541.jpg,8,0
419,008.Rhinoceros_Auklet/Rhinoceros_Auklet_0048_2162.jpg,8,0
422,008.Rhinoceros_Auklet/Rhinoceros_Auklet_0022_2170.jpg,8,0
424,008.Rhinoceros_Auklet/Rhinoceros_Auklet_0039_2174.jpg,8,0
425,009.Brewer_Blackbird/Brewer_Blackbird_0099_2560.jpg,9,0
430,009.Brewer_Blackbird/Brewer_Blackbird_0106_2608.jpg,9,0
434,009.Brewer_Blackbird/Brewer_Blackbird_0009_2616.jpg,9,0
435,009.Brewer_Blackbird/Brewer_Blackbird_0102_2620.jpg,9,0
438,009.Brewer_Blackbird/Brewer_Blackbird_0101_2630.jpg,9,0
439,009.Brewer_Blackbird/Brewer_Blackbird_0054_2631.jpg,9,0
440,009.Brewer_Blackbird/Brewer_Blackbird_0096_2634.jpg,9,0
442,009.Brewer_Blackbird/Brewer_Blackbird_0041_2653.jpg,9,0
443,009.Brewer_Blackbird/Brewer_Blackbird_0090_2658.jpg,9,0
445,009.Brewer_Blackbird/Brewer_Blackbird_0017_2668.jpg,9,0
447,009.Brewer_Blackbird/Brewer_Blackbird_0137_2680.jpg,9,0
449,009.Brewer_Blackbird/Brewer_Blackbird_0046_2688.jpg,9,0
450,009.Brewer_Blackbird/Brewer_Blackbird_0012_2691.jpg,9,0
451,009.Brewer_Blackbird/Brewer_Blackbird_0066_2693.jpg,9,0
453,009.Brewer_Blackbird/Brewer_Blackbird_0016_2225.jpg,9,0
455,009.Brewer_Blackbird/Brewer_Blackbird_0025_2231.jpg,9,0
457,009.Brewer_Blackbird/Brewer_Blackbird_0080_2234.jpg,9,0
458,009.Brewer_Blackbird/Brewer_Blackbird_0127_2235.jpg,9,0
459,009.Brewer_Blackbird/Brewer_Blackbird_0049_2258.jpg,9,0
462,009.Brewer_Blackbird/Brewer_Blackbird_0010_2269.jpg,9,0
463,009.Brewer_Blackbird/Brewer_Blackbird_0061_2270.jpg,9,0
468,009.Brewer_Blackbird/Brewer_Blackbird_0015_2286.jpg,9,0
472,009.Brewer_Blackbird/Brewer_Blackbird_0038_2294.jpg,9,0
473,009.Brewer_Blackbird/Brewer_Blackbird_0042_2302.jpg,9,0
475,009.Brewer_Blackbird/Brewer_Blackbird_0065_2310.jpg,9,0
480,009.Brewer_Blackbird/Brewer_Blackbird_0027_2329.jpg,9,0
483,009.Brewer_Blackbird/Brewer_Blackbird_0004_2345.jpg,9,0
487,010.Red_winged_Blackbird/Red_Winged_Blackbird_0022_4483.jpg,10,0
488,010.Red_winged_Blackbird/Red_Winged_Blackbird_0017_4116.jpg,10,0
492,010.Red_winged_Blackbird/Red_Winged_Blackbird_0058_4141.jpg,10,0
493,010.Red_winged_Blackbird/Red_Winged_Blackbird_0074_4146.jpg,10,0
498,010.Red_winged_Blackbird/Red_Winged_Blackbird_0064_4936.jpg,10,0
499,010.Red_winged_Blackbird/Red_Winged_Blackbird_0104_3918.jpg,10,0
501,010.Red_winged_Blackbird/Red_Winged_Blackbird_0024_4180.jpg,10,0
503,010.Red_winged_Blackbird/Red_Winged_Blackbird_0089_4188.jpg,10,0
506,010.Red_winged_Blackbird/Red_Winged_Blackbird_0109_4454.jpg,10,0
508,010.Red_winged_Blackbird/Red_Winged_Blackbird_0053_4072.jpg,10,0
509,010.Red_winged_Blackbird/Red_Winged_Blackbird_0006_6005.jpg,10,0
510,010.Red_winged_Blackbird/Red_Winged_Blackbird_0007_3706.jpg,10,0
512,010.Red_winged_Blackbird/Red_Winged_Blackbird_0013_5762.jpg,10,0
513,010.Red_winged_Blackbird/Red_Winged_Blackbird_0062_4233.jpg,10,0
514,010.Red_winged_Blackbird/Red_Winged_Blackbird_0099_3985.jpg,10,0
516,010.Red_winged_Blackbird/Red_Winged_Blackbird_0071_3988.jpg,10,0
517,010.Red_winged_Blackbird/Red_Winged_Blackbird_0027_4123.jpg,10,0
519,010.Red_winged_Blackbird/Red_Winged_Blackbird_0088_4007.jpg,10,0
521,010.Red_winged_Blackbird/Red_Winged_Blackbird_0010_6386.jpg,10,0
525,010.Red_winged_Blackbird/Red_Winged_Blackbird_0065_4026.jpg,10,0
526,010.Red_winged_Blackbird/Red_Winged_Blackbird_0039_4285.jpg,10,0
528,010.Red_winged_Blackbird/Red_Winged_Blackbird_0029_4804.jpg,10,0
532,010.Red_winged_Blackbird/Red_Winged_Blackbird_0009_5841.jpg,10,0
534,010.Red_winged_Blackbird/Red_Winged_Blackbird_0011_5845.jpg,10,0
536,010.Red_winged_Blackbird/Red_Winged_Blackbird_0047_3802.jpg,10,0
538,010.Red_winged_Blackbird/Red_Winged_Blackbird_0094_5856.jpg,10,0
540,010.Red_winged_Blackbird/Red_Winged_Blackbird_0072_4338.jpg,10,0
543,010.Red_winged_Blackbird/Red_Winged_Blackbird_0078_5372.jpg,10,0
546,011.Rusty_Blackbird/Rusty_Blackbird_0055_6923.jpg,11,0
548,011.Rusty_Blackbird/Rusty_Blackbird_0020_6679.jpg,11,0
550,011.Rusty_Blackbird/Rusty_Blackbird_0104_6685.jpg,11,0
551,011.Rusty_Blackbird/Rusty_Blackbird_0043_2597.jpg,11,0
553,011.Rusty_Blackbird/Rusty_Blackbird_0109_6698.jpg,11,0
556,011.Rusty_Blackbird/Rusty_Blackbird_0081_6967.jpg,11,0
558,011.Rusty_Blackbird/Rusty_Blackbird_0051_6715.jpg,11,0
560,011.Rusty_Blackbird/Rusty_Blackbird_0075_6717.jpg,11,0
563,011.Rusty_Blackbird/Rusty_Blackbird_0112_3415.jpg,11,0
565,011.Rusty_Blackbird/Rusty_Blackbird_0003_6749.jpg,11,0
567,011.Rusty_Blackbird/Rusty_Blackbird_0047_7009.jpg,11,0
569,011.Rusty_Blackbird/Rusty_Blackbird_0060_6756.jpg,11,0
571,011.Rusty_Blackbird/Rusty_Blackbird_0120_6762.jpg,11,0
572,011.Rusty_Blackbird/Rusty_Blackbird_0026_6768.jpg,11,0
573,011.Rusty_Blackbird/Rusty_Blackbird_0005_6771.jpg,11,0
578,011.Rusty_Blackbird/Rusty_Blackbird_0052_7035.jpg,11,0
579,011.Rusty_Blackbird/Rusty_Blackbird_0057_6935.jpg,11,0
580,011.Rusty_Blackbird/Rusty_Blackbird_0111_3220.jpg,11,0
582,011.Rusty_Blackbird/Rusty_Blackbird_0105_6937.jpg,11,0
583,011.Rusty_Blackbird/Rusty_Blackbird_0022_6808.jpg,11,0
584,011.Rusty_Blackbird/Rusty_Blackbird_0100_6597.jpg,11,0
585,011.Rusty_Blackbird/Rusty_Blackbird_0092_2727.jpg,11,0
586,011.Rusty_Blackbird/Rusty_Blackbird_0094_6582.jpg,11,0
589,011.Rusty_Blackbird/Rusty_Blackbird_0096_6846.jpg,11,0
590,011.Rusty_Blackbird/Rusty_Blackbird_0027_6593.jpg,11,0
594,011.Rusty_Blackbird/Rusty_Blackbird_0080_6877.jpg,11,0
597,011.Rusty_Blackbird/Rusty_Blackbird_0015_6885.jpg,11,0
602,011.Rusty_Blackbird/Rusty_Blackbird_0013_6902.jpg,11,0
604,012.Yellow_headed_Blackbird/Yellow_Headed_Blackbird_0108_7937.jpg,12,0
608,012.Yellow_headed_Blackbird/Yellow_Headed_Blackbird_0015_8207.jpg,12,0
609,012.Yellow_headed_Blackbird/Yellow_Headed_Blackbird_0061_8208.jpg,12,0
610,012.Yellow_headed_Blackbird/Yellow_Headed_Blackbird_0065_8481.jpg,12,0
615,012.Yellow_headed_Blackbird/Yellow_Headed_Blackbird_0009_8248.jpg,12,0
616,012.Yellow_headed_Blackbird/Yellow_Headed_Blackbird_0043_8250.jpg,12,0
618,012.Yellow_headed_Blackbird/Yellow_Headed_Blackbird_0088_8257.jpg,12,0
623,012.Yellow_headed_Blackbird/Yellow_Headed_Blackbird_0034_7736.jpg,12,0
624,012.Yellow_headed_Blackbird/Yellow_Headed_Blackbird_0079_8535.jpg,12,0
632,012.Yellow_headed_Blackbird/Yellow_Headed_Blackbird_0042_8574.jpg,12,0
634,012.Yellow_headed_Blackbird/Yellow_Headed_Blackbird_0024_8586.jpg,12,0
637,012.Yellow_headed_Blackbird/Yellow_Headed_Blackbird_0080_8601.jpg,12,0
638,012.Yellow_headed_Blackbird/Yellow_Headed_Blackbird_0023_7325.jpg,12,0
640,012.Yellow_headed_Blackbird/Yellow_Headed_Blackbird_0055_8357.jpg,12,0
643,012.Yellow_headed_Blackbird/Yellow_Headed_Blackbird_0013_8362.jpg,12,0
644,012.Yellow_headed_Blackbird/Yellow_Headed_Blackbird_0085_8363.jpg,12,0
646,012.Yellow_headed_Blackbird/Yellow_Headed_Blackbird_0098_8367.jpg,12,0
649,012.Yellow_headed_Blackbird/Yellow_Headed_Blackbird_0059_8079.jpg,12,0
650,012.Yellow_headed_Blackbird/Yellow_Headed_Blackbird_0100_8407.jpg,12,0
651,012.Yellow_headed_Blackbird/Yellow_Headed_Blackbird_0053_8410.jpg,12,0
654,012.Yellow_headed_Blackbird/Yellow_Headed_Blackbird_0102_8441.jpg,12,0
656,012.Yellow_headed_Blackbird/Yellow_Headed_Blackbird_0047_7929.jpg,12,0
658,012.Yellow_headed_Blackbird/Yellow_Headed_Blackbird_0012_8443.jpg,12,0
659,012.Yellow_headed_Blackbird/Yellow_Headed_Blackbird_0035_8447.jpg,12,0
661,013.Bobolink/Bobolink_0007_9246.jpg,13,0
664,013.Bobolink/Bobolink_0115_9265.jpg,13,0
665,013.Bobolink/Bobolink_0039_9779.jpg,13,0
673,013.Bobolink/Bobolink_0074_9311.jpg,13,0
674,013.Bobolink/Bobolink_0120_10859.jpg,13,0
675,013.Bobolink/Bobolink_0097_10861.jpg,13,0
676,013.Bobolink/Bobolink_0109_9869.jpg,13,0
681,013.Bobolink/Bobolink_0126_11458.jpg,13,0
683,013.Bobolink/Bobolink_0081_9439.jpg,13,0
684,013.Bobolink/Bobolink_0048_9988.jpg,13,0
686,013.Bobolink/Bobolink_0067_11533.jpg,13,0
687,013.Bobolink/Bobolink_0110_9496.jpg,13,0
688,013.Bobolink/Bobolink_0071_9503.jpg,13,0
689,013.Bobolink/Bobolink_0128_9947.jpg,13,0
692,013.Bobolink/Bobolink_0026_11057.jpg,13,0
695,013.Bobolink/Bobolink_0112_11073.jpg,13,0
696,013.Bobolink/Bobolink_0057_10051.jpg,13,0
697,013.Bobolink/Bobolink_0049_9540.jpg,13,0
698,013.Bobolink/Bobolink_0027_10569.jpg,13,0
700,013.Bobolink/Bobolink_0076_11093.jpg,13,0
704,013.Bobolink/Bobolink_0043_10607.jpg,13,0
705,013.Bobolink/Bobolink_0056_9080.jpg,13,0
707,013.Bobolink/Bobolink_0021_10623.jpg,13,0
708,013.Bobolink/Bobolink_0070_10624.jpg,13,0
709,013.Bobolink/Bobolink_0114_10627.jpg,13,0
711,013.Bobolink/Bobolink_0106_9126.jpg,13,0
714,013.Bobolink/Bobolink_0040_9681.jpg,13,0
718,013.Bobolink/Bobolink_0079_10736.jpg,13,0
721,014.Indigo_Bunting/Indigo_Bunting_0014_14167.jpg,14,0
723,014.Indigo_Bunting/Indigo_Bunting_0068_13081.jpg,14,0
724,014.Indigo_Bunting/Indigo_Bunting_0040_11805.jpg,14,0
726,014.Indigo_Bunting/Indigo_Bunting_0063_11820.jpg,14,0
728,014.Indigo_Bunting/Indigo_Bunting_0037_14128.jpg,14,0
731,014.Indigo_Bunting/Indigo_Bunting_0027_11579.jpg,14,0
738,014.Indigo_Bunting/Indigo_Bunting_0015_12632.jpg,14,0
739,014.Indigo_Bunting/Indigo_Bunting_0016_13661.jpg,14,0
742,014.Indigo_Bunting/Indigo_Bunting_0073_13933.jpg,14,0
743,014.Indigo_Bunting/Indigo_Bunting_0072_14197.jpg,14,0
745,014.Indigo_Bunting/Indigo_Bunting_0071_11639.jpg,14,0
749,014.Indigo_Bunting/Indigo_Bunting_0036_13716.jpg,14,0
750,014.Indigo_Bunting/Indigo_Bunting_0013_12949.jpg,14,0
753,014.Indigo_Bunting/Indigo_Bunting_0060_14495.jpg,14,0
757,014.Indigo_Bunting/Indigo_Bunting_0058_12207.jpg,14,0
759,014.Indigo_Bunting/Indigo_Bunting_0054_12213.jpg,14,0
761,014.Indigo_Bunting/Indigo_Bunting_0025_12532.jpg,14,0
763,014.Indigo_Bunting/Indigo_Bunting_0052_11893.jpg,14,0
764,014.Indigo_Bunting/Indigo_Bunting_0029_13761.jpg,14,0
765,014.Indigo_Bunting/Indigo_Bunting_0010_13000.jpg,14,0
766,014.Indigo_Bunting/Indigo_Bunting_0078_11852.jpg,14,0
767,014.Indigo_Bunting/Indigo_Bunting_0061_13259.jpg,14,0
771,014.Indigo_Bunting/Indigo_Bunting_0065_14558.jpg,14,0
772,014.Indigo_Bunting/Indigo_Bunting_0051_12837.jpg,14,0
773,014.Indigo_Bunting/Indigo_Bunting_0033_12777.jpg,14,0
774,014.Indigo_Bunting/Indigo_Bunting_0077_14060.jpg,14,0
777,014.Indigo_Bunting/Indigo_Bunting_0031_13300.jpg,14,0
779,014.Indigo_Bunting/Indigo_Bunting_0074_12829.jpg,14,0
783,015.Lazuli_Bunting/Lazuli_Bunting_0047_14863.jpg,15,0
785,015.Lazuli_Bunting/Lazuli_Bunting_0101_14873.jpg,15,0
786,015.Lazuli_Bunting/Lazuli_Bunting_0052_14618.jpg,15,0
787,015.Lazuli_Bunting/Lazuli_Bunting_0085_14627.jpg,15,0
795,015.Lazuli_Bunting/Lazuli_Bunting_0078_15164.jpg,15,0
797,015.Lazuli_Bunting/Lazuli_Bunting_0066_14914.jpg,15,0
799,015.Lazuli_Bunting/Lazuli_Bunting_0001_14916.jpg,15,0
800,015.Lazuli_Bunting/Lazuli_Bunting_0076_14662.jpg,15,0
802,015.Lazuli_Bunting/Lazuli_Bunting_0035_14920.jpg,15,0
803,015.Lazuli_Bunting/Lazuli_Bunting_0070_14665.jpg,15,0
804,015.Lazuli_Bunting/Lazuli_Bunting_0040_14923.jpg,15,0
805,015.Lazuli_Bunting/Lazuli_Bunting_0026_14669.jpg,15,0
808,015.Lazuli_Bunting/Lazuli_Bunting_0032_14778.jpg,15,0
811,015.Lazuli_Bunting/Lazuli_Bunting_0028_14950.jpg,15,0
815,015.Lazuli_Bunting/Lazuli_Bunting_0094_11894.jpg,15,0
817,015.Lazuli_Bunting/Lazuli_Bunting_0030_14986.jpg,15,0
820,015.Lazuli_Bunting/Lazuli_Bunting_0097_14617.jpg,15,0
821,015.Lazuli_Bunting/Lazuli_Bunting_0059_14749.jpg,15,0
824,015.Lazuli_Bunting/Lazuli_Bunting_0037_15021.jpg,15,0
825,015.Lazuli_Bunting/Lazuli_Bunting_0093_15030.jpg,15,0
826,015.Lazuli_Bunting/Lazuli_Bunting_0057_14775.jpg,15,0
827,015.Lazuli_Bunting/Lazuli_Bunting_0056_15032.jpg,15,0
830,015.Lazuli_Bunting/Lazuli_Bunting_0084_14815.jpg,15,0
831,015.Lazuli_Bunting/Lazuli_Bunting_0042_14820.jpg,15,0
832,015.Lazuli_Bunting/Lazuli_Bunting_0025_15079.jpg,15,0
837,015.Lazuli_Bunting/Lazuli_Bunting_0048_14844.jpg,15,0
838,016.Painted_Bunting/Painted_Bunting_0102_16642.jpg,16,0
839,016.Painted_Bunting/Painted_Bunting_0004_16641.jpg,16,0
840,016.Painted_Bunting/Painted_Bunting_0077_16819.jpg,16,0
844,016.Painted_Bunting/Painted_Bunting_0008_16416.jpg,16,0
846,016.Painted_Bunting/Painted_Bunting_0011_16690.jpg,16,0
847,016.Painted_Bunting/Painted_Bunting_0040_16691.jpg,16,0
848,016.Painted_Bunting/Painted_Bunting_0010_16948.jpg,16,0
849,016.Painted_Bunting/Painted_Bunting_0072_16697.jpg,16,0
850,016.Painted_Bunting/Painted_Bunting_0054_16711.jpg,16,0
851,016.Painted_Bunting/Painted_Bunting_0069_16462.jpg,16,0
854,016.Painted_Bunting/Painted_Bunting_0094_16467.jpg,16,0
858,016.Painted_Bunting/Painted_Bunting_0016_15200.jpg,16,0
866,016.Painted_Bunting/Painted_Bunting_0098_15226.jpg,16,0
868,016.Painted_Bunting/Painted_Bunting_0081_15230.jpg,16,0
869,016.Painted_Bunting/Painted_Bunting_0019_15231.jpg,16,0
876,016.Painted_Bunting/Painted_Bunting_0029_16530.jpg,16,0
878,016.Painted_Bunting/Painted_Bunting_0080_16534.jpg,16,0
880,016.Painted_Bunting/Painted_Bunting_0027_16536.jpg,16,0
882,016.Painted_Bunting/Painted_Bunting_0044_16557.jpg,16,0
883,016.Painted_Bunting/Painted_Bunting_0085_15282.jpg,16,0
885,016.Painted_Bunting/Painted_Bunting_0078_16565.jpg,16,0
886,016.Painted_Bunting/Painted_Bunting_0013_15294.jpg,16,0
887,016.Painted_Bunting/Painted_Bunting_0021_15295.jpg,16,0
890,016.Painted_Bunting/Painted_Bunting_0009_16674.jpg,16,0
892,016.Painted_Bunting/Painted_Bunting_0032_16605.jpg,16,0
893,016.Painted_Bunting/Painted_Bunting_0049_16869.jpg,16,0
897,017.Cardinal/Cardinal_0072_17159.jpg,17,0
899,017.Cardinal/Cardinal_0047_17673.jpg,17,0
901,017.Cardinal/Cardinal_0035_17678.jpg,17,0
903,017.Cardinal/Cardinal_0103_17425.jpg,17,0
904,017.Cardinal/Cardinal_0102_17808.jpg,17,0
905,017.Cardinal/Cardinal_0006_17684.jpg,17,0
908,017.Cardinal/Cardinal_0078_17181.jpg,17,0
909,017.Cardinal/Cardinal_0041_17189.jpg,17,0
911,017.Cardinal/Cardinal_0040_17477.jpg,17,0
913,017.Cardinal/Cardinal_0093_17676.jpg,17,0
914,017.Cardinal/Cardinal_0022_17233.jpg,17,0
915,017.Cardinal/Cardinal_0023_19026.jpg,17,0
919,017.Cardinal/Cardinal_0033_19215.jpg,17,0
921,017.Cardinal/Cardinal_0105_19045.jpg,17,0
930,017.Cardinal/Cardinal_0014_17389.jpg,17,0
932,017.Cardinal/Cardinal_0001_17057.jpg,17,0
933,017.Cardinal/Cardinal_0074_18339.jpg,17,0
936,017.Cardinal/Cardinal_0018_17071.jpg,17,0
938,017.Cardinal/Cardinal_0062_17334.jpg,17,0
940,017.Cardinal/Cardinal_0095_18108.jpg,17,0
942,017.Cardinal/Cardinal_0016_17862.jpg,17,0
944,017.Cardinal/Cardinal_0055_18898.jpg,17,0
945,017.Cardinal/Cardinal_0010_18894.jpg,17,0
948,017.Cardinal/Cardinal_0049_18258.jpg,17,0
949,017.Cardinal/Cardinal_0082_17875.jpg,17,0
953,018.Spotted_Catbird/Spotted_Catbird_0018_796800.jpg,18,0
958,018.Spotted_Catbird/Spotted_Catbird_0033_796805.jpg,18,0
961,018.Spotted_Catbird/Spotted_Catbird_0015_796808.jpg,18,0
962,018.Spotted_Catbird/Spotted_Catbird_0044_796809.jpg,18,0
968,018.Spotted_Catbird/Spotted_Catbird_0048_796817.jpg,18,0
969,018.Spotted_Catbird/Spotted_Catbird_0026_796818.jpg,18,0
971,018.Spotted_Catbird/Spotted_Catbird_0040_796820.jpg,18,0
973,018.Spotted_Catbird/Spotted_Catbird_0003_796822.jpg,18,0
976,018.Spotted_Catbird/Spotted_Catbird_0002_796827.jpg,18,0
977,018.Spotted_Catbird/Spotted_Catbird_0032_796828.jpg,18,0
983,018.Spotted_Catbird/Spotted_Catbird_0014_19425.jpg,18,0
993,018.Spotted_Catbird/Spotted_Catbird_0009_796795.jpg,18,0
996,018.Spotted_Catbird/Spotted_Catbird_0021_796798.jpg,18,0
998,019.Gray_Catbird/Gray_Catbird_0043_21008.jpg,19,0
1001,019.Gray_Catbird/Gray_Catbird_0039_21040.jpg,19,0
1003,019.Gray_Catbird/Gray_Catbird_0069_21065.jpg,19,0
1005,019.Gray_Catbird/Gray_Catbird_0013_20562.jpg,19,0
1006,019.Gray_Catbird/Gray_Catbird_0019_20567.jpg,19,0
1011,019.Gray_Catbird/Gray_Catbird_0028_20598.jpg,19,0
1012,019.Gray_Catbird/Gray_Catbird_0022_19585.jpg,19,0
1013,019.Gray_Catbird/Gray_Catbird_0031_21635.jpg,19,0
1014,019.Gray_Catbird/Gray_Catbird_0075_21125.jpg,19,0
1016,019.Gray_Catbird/Gray_Catbird_0102_20644.jpg,19,0
1018,019.Gray_Catbird/Gray_Catbird_0060_20656.jpg,19,0
1021,019.Gray_Catbird/Gray_Catbird_0101_21178.jpg,19,0
1025,019.Gray_Catbird/Gray_Catbird_0053_20694.jpg,19,0
1028,019.Gray_Catbird/Gray_Catbird_0104_20716.jpg,19,0
1030,019.Gray_Catbird/Gray_Catbird_0092_20735.jpg,19,0
1031,019.Gray_Catbird/Gray_Catbird_0024_20739.jpg,19,0
1033,019.Gray_Catbird/Gray_Catbird_0113_21270.jpg,19,0
1035,019.Gray_Catbird/Gray_Catbird_0007_20186.jpg,19,0
1036,019.Gray_Catbird/Gray_Catbird_0139_21281.jpg,19,0
1038,019.Gray_Catbird/Gray_Catbird_0049_21311.jpg,19,0
1041,019.Gray_Catbird/Gray_Catbird_0105_20864.jpg,19,0
1043,019.Gray_Catbird/Gray_Catbird_0002_21395.jpg,19,0
1044,019.Gray_Catbird/Gray_Catbird_0057_20979.jpg,19,0
1046,019.Gray_Catbird/Gray_Catbird_0008_20430.jpg,19,0
1047,019.Gray_Catbird/Gray_Catbird_0138_20945.jpg,19,0
1050,019.Gray_Catbird/Gray_Catbird_0044_20955.jpg,19,0
1054,019.Gray_Catbird/Gray_Catbird_0071_20974.jpg,19,0
1057,020.Yellow_breasted_Chat/Yellow_Breasted_Chat_0029_22017.jpg,20,0
1061,020.Yellow_breasted_Chat/Yellow_Breasted_Chat_0010_21777.jpg,20,0
1062,020.Yellow_breasted_Chat/Yellow_Breasted_Chat_0063_21783.jpg,20,0
1063,020.Yellow_breasted_Chat/Yellow_Breasted_Chat_0109_21796.jpg,20,0
1064,020.Yellow_breasted_Chat/Yellow_Breasted_Chat_0048_21797.jpg,20,0
1066,020.Yellow_breasted_Chat/Yellow_Breasted_Chat_0011_21820.jpg,20,0
1068,020.Yellow_breasted_Chat/Yellow_Breasted_Chat_0084_22082.jpg,20,0
1070,020.Yellow_breasted_Chat/Yellow_Breasted_Chat_0072_21830.jpg,20,0
1071,020.Yellow_breasted_Chat/Yellow_Breasted_Chat_0095_21832.jpg,20,0
1072,020.Yellow_breasted_Chat/Yellow_Breasted_Chat_0066_21839.jpg,20,0
1075,020.Yellow_breasted_Chat/Yellow_Breasted_Chat_0091_22111.jpg,20,0
1076,020.Yellow_breasted_Chat/Yellow_Breasted_Chat_0008_21856.jpg,20,0
1077,020.Yellow_breasted_Chat/Yellow_Breasted_Chat_0002_21819.jpg,20,0
1081,020.Yellow_breasted_Chat/Yellow_Breasted_Chat_0035_21870.jpg,20,0
1082,020.Yellow_breasted_Chat/Yellow_Breasted_Chat_0110_21871.jpg,20,0
1084,020.Yellow_breasted_Chat/Yellow_Breasted_Chat_0086_21877.jpg,20,0
1089,020.Yellow_breasted_Chat/Yellow_Breasted_Chat_0081_21829.jpg,20,0
1090,020.Yellow_breasted_Chat/Yellow_Breasted_Chat_0023_21664.jpg,20,0
1092,020.Yellow_breasted_Chat/Yellow_Breasted_Chat_0001_21928.jpg,20,0
1095,020.Yellow_breasted_Chat/Yellow_Breasted_Chat_0041_21683.jpg,20,0
1096,020.Yellow_breasted_Chat/Yellow_Breasted_Chat_0088_21686.jpg,20,0
1097,020.Yellow_breasted_Chat/Yellow_Breasted_Chat_0022_21944.jpg,20,0
1099,020.Yellow_breasted_Chat/Yellow_Breasted_Chat_0087_21695.jpg,20,0
1102,020.Yellow_breasted_Chat/Yellow_Breasted_Chat_0034_21955.jpg,20,0
1104,020.Yellow_breasted_Chat/Yellow_Breasted_Chat_0030_21964.jpg,20,0
1105,020.Yellow_breasted_Chat/Yellow_Breasted_Chat_0061_21967.jpg,20,0
1109,020.Yellow_breasted_Chat/Yellow_Breasted_Chat_0079_21978.jpg,20,0
1116,021.Eastern_Towhee/Eastern_Towhee_0122_22538.jpg,21,0
1117,021.Eastern_Towhee/Eastern_Towhee_0018_22546.jpg,21,0
1118,021.Eastern_Towhee/Eastern_Towhee_0110_22549.jpg,21,0
1119,021.Eastern_Towhee/Eastern_Towhee_0048_22557.jpg,21,0
1128,021.Eastern_Towhee/Eastern_Towhee_0086_22611.jpg,21,0
1131,021.Eastern_Towhee/Eastern_Towhee_0053_22623.jpg,21,0
1133,021.Eastern_Towhee/Eastern_Towhee_0091_22629.jpg,21,0
1136,021.Eastern_Towhee/Eastern_Towhee_0017_22138.jpg,21,0
1137,021.Eastern_Towhee/Eastern_Towhee_0020_22141.jpg,21,0
1138,021.Eastern_Towhee/Eastern_Towhee_0067_22142.jpg,21,0
1142,021.Eastern_Towhee/Eastern_Towhee_0085_22674.jpg,21,0
1143,021.Eastern_Towhee/Eastern_Towhee_0105_22675.jpg,21,0
1144,021.Eastern_Towhee/Eastern_Towhee_0098_22676.jpg,21,0
1148,021.Eastern_Towhee/Eastern_Towhee_0108_22182.jpg,21,0
1150,021.Eastern_Towhee/Eastern_Towhee_0125_22220.jpg,21,0
1153,021.Eastern_Towhee/Eastern_Towhee_0112_22231.jpg,21,0
1154,021.Eastern_Towhee/Eastern_Towhee_0031_22233.jpg,21,0
1158,021.Eastern_Towhee/Eastern_Towhee_0015_22275.jpg,21,0
1159,021.Eastern_Towhee/Eastern_Towhee_0022_22279.jpg,21,0
1160,021.Eastern_Towhee/Eastern_Towhee_0080_22303.jpg,21,0
1161,021.Eastern_Towhee/Eastern_Towhee_0115_22304.jpg,21,0
1162,021.Eastern_Towhee/Eastern_Towhee_0001_22314.jpg,21,0
1164,021.Eastern_Towhee/Eastern_Towhee_0121_22319.jpg,21,0
1168,021.Eastern_Towhee/Eastern_Towhee_0049_22357.jpg,21,0
1169,021.Eastern_Towhee/Eastern_Towhee_0129_22358.jpg,21,0
1170,021.Eastern_Towhee/Eastern_Towhee_0014_22367.jpg,21,0
1172,021.Eastern_Towhee/Eastern_Towhee_0024_22382.jpg,21,0
1174,021.Eastern_Towhee/Eastern_Towhee_0062_22418.jpg,21,0
1176,022.Chuck_will_Widow/Chuck_Will_Widow_0033_22792.jpg,22,0
1177,022.Chuck_will_Widow/Chuck_Will_Widow_0045_22798.jpg,22,0
1178,022.Chuck_will_Widow/Chuck_Will_Widow_0032_22802.jpg,22,0
1179,022.Chuck_will_Widow/Chuck_Will_Widow_0019_22806.jpg,22,0
1180,022.Chuck_will_Widow/Chuck_Will_Widow_0021_796952.jpg,22,0
1182,022.Chuck_will_Widow/Chuck_Will_Widow_0011_796954.jpg,22,0
1190,022.Chuck_will_Widow/Chuck_Will_Widow_0015_796962.jpg,22,0
1192,022.Chuck_will_Widow/Chuck_Will_Widow_0010_796964.jpg,22,0
1195,022.Chuck_will_Widow/Chuck_Will_Widow_0022_796967.jpg,22,0
1199,022.Chuck_will_Widow/Chuck_Will_Widow_0047_796971.jpg,22,0
1200,022.Chuck_will_Widow/Chuck_Will_Widow_0025_796972.jpg,22,0
1206,022.Chuck_will_Widow/Chuck_Will_Widow_0027_796978.jpg,22,0
1209,022.Chuck_will_Widow/Chuck_Will_Widow_0031_796981.jpg,22,0
1211,022.Chuck_will_Widow/Chuck_Will_Widow_0042_796983.jpg,22,0
1212,022.Chuck_will_Widow/Chuck_Will_Widow_0052_796984.jpg,22,0
1215,022.Chuck_will_Widow/Chuck_Will_Widow_0014_796987.jpg,22,0
1216,022.Chuck_will_Widow/Chuck_Will_Widow_0028_796988.jpg,22,0
1217,022.Chuck_will_Widow/Chuck_Will_Widow_0038_796989.jpg,22,0
1218,022.Chuck_will_Widow/Chuck_Will_Widow_0051_796991.jpg,22,0
1220,022.Chuck_will_Widow/Chuck_Will_Widow_0030_796994.jpg,22,0
1223,022.Chuck_will_Widow/Chuck_Will_Widow_0041_796997.jpg,22,0
1225,022.Chuck_will_Widow/Chuck_Will_Widow_0058_796999.jpg,22,0
1226,022.Chuck_will_Widow/Chuck_Will_Widow_0039_797000.jpg,22,0
1230,022.Chuck_will_Widow/Chuck_Will_Widow_0029_22751.jpg,22,0
1234,023.Brandt_Cormorant/Brandt_Cormorant_0019_23058.jpg,23,0
1235,023.Brandt_Cormorant/Brandt_Cormorant_0092_23061.jpg,23,0
1237,023.Brandt_Cormorant/Brandt_Cormorant_0002_23072.jpg,23,0
1240,023.Brandt_Cormorant/Brandt_Cormorant_0018_23090.jpg,23,0
1243,023.Brandt_Cormorant/Brandt_Cormorant_0052_23356.jpg,23,0
1244,023.Brandt_Cormorant/Brandt_Cormorant_0064_22849.jpg,23,0
1247,023.Brandt_Cormorant/Brandt_Cormorant_0065_23118.jpg,23,0
1249,023.Brandt_Cormorant/Brandt_Cormorant_0079_22874.jpg,23,0
1254,023.Brandt_Cormorant/Brandt_Cormorant_0001_23398.jpg,23,0
1255,023.Brandt_Cormorant/Brandt_Cormorant_0040_23144.jpg,23,0
1257,023.Brandt_Cormorant/Brandt_Cormorant_0028_22892.jpg,23,0
1258,023.Brandt_Cormorant/Brandt_Cormorant_0042_23151.jpg,23,0
1261,023.Brandt_Cormorant/Brandt_Cormorant_0061_22902.jpg,23,0
1262,023.Brandt_Cormorant/Brandt_Cormorant_0026_22913.jpg,23,0
1264,023.Brandt_Cormorant/Brandt_Cormorant_0003_22922.jpg,23,0
1265,023.Brandt_Cormorant/Brandt_Cormorant_0049_22924.jpg,23,0
1267,023.Brandt_Cormorant/Brandt_Cormorant_0007_22934.jpg,23,0
1268,023.Brandt_Cormorant/Brandt_Cormorant_0036_22937.jpg,23,0
1269,023.Brandt_Cormorant/Brandt_Cormorant_0091_22825.jpg,23,0
1271,023.Brandt_Cormorant/Brandt_Cormorant_0039_22945.jpg,23,0
1272,023.Brandt_Cormorant/Brandt_Cormorant_0078_23203.jpg,23,0
1273,023.Brandt_Cormorant/Brandt_Cormorant_0053_22957.jpg,23,0
1281,023.Brandt_Cormorant/Brandt_Cormorant_0088_22948.jpg,23,0
1283,023.Brandt_Cormorant/Brandt_Cormorant_0073_23259.jpg,23,0
1284,023.Brandt_Cormorant/Brandt_Cormorant_0071_23007.jpg,23,0
1285,023.Brandt_Cormorant/Brandt_Cormorant_0084_23265.jpg,23,0
1289,023.Brandt_Cormorant/Brandt_Cormorant_0047_23337.jpg,23,0
1292,024.Red_faced_Cormorant/Red_Faced_Cormorant_0026_796289.jpg,24,0
1293,024.Red_faced_Cormorant/Red_Faced_Cormorant_0021_796265.jpg,24,0
1295,024.Red_faced_Cormorant/Red_Faced_Cormorant_0003_796270.jpg,24,0
1297,024.Red_faced_Cormorant/Red_Faced_Cormorant_0069_796274.jpg,24,0
1301,024.Red_faced_Cormorant/Red_Faced_Cormorant_0013_796278.jpg,24,0
1304,024.Red_faced_Cormorant/Red_Faced_Cormorant_0063_796284.jpg,24,0
1305,024.Red_faced_Cormorant/Red_Faced_Cormorant_0024_796285.jpg,24,0
1306,024.Red_faced_Cormorant/Red_Faced_Cormorant_0057_796286.jpg,24,0
1313,024.Red_faced_Cormorant/Red_Faced_Cormorant_0054_796301.jpg,24,0
1315,024.Red_faced_Cormorant/Red_Faced_Cormorant_0025_796306.jpg,24,0
1316,024.Red_faced_Cormorant/Red_Faced_Cormorant_0015_796307.jpg,24,0
1317,024.Red_faced_Cormorant/Red_Faced_Cormorant_0039_796308.jpg,24,0
1321,024.Red_faced_Cormorant/Red_Faced_Cormorant_0058_796315.jpg,24,0
1323,024.Red_faced_Cormorant/Red_Faced_Cormorant_0020_796318.jpg,24,0
1325,024.Red_faced_Cormorant/Red_Faced_Cormorant_0068_796321.jpg,24,0
1330,024.Red_faced_Cormorant/Red_Faced_Cormorant_0001_796327.jpg,24,0
1333,024.Red_faced_Cormorant/Red_Faced_Cormorant_0047_796330.jpg,24,0
1335,024.Red_faced_Cormorant/Red_Faced_Cormorant_0066_796333.jpg,24,0
1339,024.Red_faced_Cormorant/Red_Faced_Cormorant_0027_23482.jpg,24,0
1342,024.Red_faced_Cormorant/Red_Faced_Cormorant_0023_796328.jpg,24,0
1345,025.Pelagic_Cormorant/Pelagic_Cormorant_0009_23561.jpg,25,0
1347,025.Pelagic_Cormorant/Pelagic_Cormorant_0032_23570.jpg,25,0
1348,025.Pelagic_Cormorant/Pelagic_Cormorant_0070_23513.jpg,25,0
1350,025.Pelagic_Cormorant/Pelagic_Cormorant_0063_23515.jpg,25,0
1351,025.Pelagic_Cormorant/Pelagic_Cormorant_0046_23588.jpg,25,0
1352,025.Pelagic_Cormorant/Pelagic_Cormorant_0036_23503.jpg,25,0
1356,025.Pelagic_Cormorant/Pelagic_Cormorant_0071_23964.jpg,25,0
1359,025.Pelagic_Cormorant/Pelagic_Cormorant_0042_23522.jpg,25,0
1364,025.Pelagic_Cormorant/Pelagic_Cormorant_0092_23639.jpg,25,0
1371,025.Pelagic_Cormorant/Pelagic_Cormorant_0002_23680.jpg,25,0
1372,025.Pelagic_Cormorant/Pelagic_Cormorant_0003_23695.jpg,25,0
1373,025.Pelagic_Cormorant/Pelagic_Cormorant_0010_23711.jpg,25,0
1379,025.Pelagic_Cormorant/Pelagic_Cormorant_0005_23720.jpg,25,0
1382,025.Pelagic_Cormorant/Pelagic_Cormorant_0030_23732.jpg,25,0
1385,025.Pelagic_Cormorant/Pelagic_Cormorant_0041_23763.jpg,25,0
1386,025.Pelagic_Cormorant/Pelagic_Cormorant_0016_23509.jpg,25,0
1387,025.Pelagic_Cormorant/Pelagic_Cormorant_0074_23511.jpg,25,0
1388,025.Pelagic_Cormorant/Pelagic_Cormorant_0082_23844.jpg,25,0
1390,025.Pelagic_Cormorant/Pelagic_Cormorant_0096_23775.jpg,25,0
1391,025.Pelagic_Cormorant/Pelagic_Cormorant_0025_23776.jpg,25,0
1392,025.Pelagic_Cormorant/Pelagic_Cormorant_0102_23778.jpg,25,0
1393,025.Pelagic_Cormorant/Pelagic_Cormorant_0076_23523.jpg,25,0
1394,025.Pelagic_Cormorant/Pelagic_Cormorant_0098_23783.jpg,25,0
1395,025.Pelagic_Cormorant/Pelagic_Cormorant_0099_23784.jpg,25,0
1396,025.Pelagic_Cormorant/Pelagic_Cormorant_0073_23785.jpg,25,0
1397,025.Pelagic_Cormorant/Pelagic_Cormorant_0033_23530.jpg,25,0
1399,025.Pelagic_Cormorant/Pelagic_Cormorant_0001_23538.jpg,25,0
1400,025.Pelagic_Cormorant/Pelagic_Cormorant_0014_23801.jpg,25,0
1409,026.Bronzed_Cowbird/Bronzed_Cowbird_0051_24083.jpg,26,0
1410,026.Bronzed_Cowbird/Bronzed_Cowbird_0030_24103.jpg,26,0
1411,026.Bronzed_Cowbird/Bronzed_Cowbird_0034_796209.jpg,26,0
1412,026.Bronzed_Cowbird/Bronzed_Cowbird_0091_796212.jpg,26,0
1413,026.Bronzed_Cowbird/Bronzed_Cowbird_0025_796213.jpg,26,0
1416,026.Bronzed_Cowbird/Bronzed_Cowbird_0046_796218.jpg,26,0
1419,026.Bronzed_Cowbird/Bronzed_Cowbird_0022_796221.jpg,26,0
1421,026.Bronzed_Cowbird/Bronzed_Cowbird_0087_796223.jpg,26,0
1422,026.Bronzed_Cowbird/Bronzed_Cowbird_0043_796224.jpg,26,0
1423,026.Bronzed_Cowbird/Bronzed_Cowbird_0073_796226.jpg,26,0
1424,026.Bronzed_Cowbird/Bronzed_Cowbird_0013_24131.jpg,26,0
1425,026.Bronzed_Cowbird/Bronzed_Cowbird_0026_796229.jpg,26,0
1427,026.Bronzed_Cowbird/Bronzed_Cowbird_0061_796232.jpg,26,0
1430,026.Bronzed_Cowbird/Bronzed_Cowbird_0076_796235.jpg,26,0
1431,026.Bronzed_Cowbird/Bronzed_Cowbird_0020_796237.jpg,26,0
1433,026.Bronzed_Cowbird/Bronzed_Cowbird_0058_796239.jpg,26,0
1434,026.Bronzed_Cowbird/Bronzed_Cowbird_0010_24146.jpg,26,0
1435,026.Bronzed_Cowbird/Bronzed_Cowbird_0049_24147.jpg,26,0
1437,026.Bronzed_Cowbird/Bronzed_Cowbird_0003_796246.jpg,26,0
1442,026.Bronzed_Cowbird/Bronzed_Cowbird_0078_796262.jpg,26,0
1443,026.Bronzed_Cowbird/Bronzed_Cowbird_0024_24167.jpg,26,0
1446,026.Bronzed_Cowbird/Bronzed_Cowbird_0082_24175.jpg,26,0
1448,026.Bronzed_Cowbird/Bronzed_Cowbird_0021_24189.jpg,26,0
1449,026.Bronzed_Cowbird/Bronzed_Cowbird_0081_24198.jpg,26,0
1450,026.Bronzed_Cowbird/Bronzed_Cowbird_0064_24199.jpg,26,0
1451,026.Bronzed_Cowbird/Bronzed_Cowbird_0031_24139.jpg,26,0
1454,026.Bronzed_Cowbird/Bronzed_Cowbird_0019_796242.jpg,26,0
1462,026.Bronzed_Cowbird/Bronzed_Cowbird_0016_796245.jpg,26,0
1467,027.Shiny_Cowbird/Shiny_Cowbird_0057_24345.jpg,27,0
1471,027.Shiny_Cowbird/Shiny_Cowbird_0039_24359.jpg,27,0
1473,027.Shiny_Cowbird/Shiny_Cowbird_0029_24372.jpg,27,0
1477,027.Shiny_Cowbird/Shiny_Cowbird_0067_24392.jpg,27,0
1478,027.Shiny_Cowbird/Shiny_Cowbird_0079_24399.jpg,27,0
1479,027.Shiny_Cowbird/Shiny_Cowbird_0012_24249.jpg,27,0
1480,027.Shiny_Cowbird/Shiny_Cowbird_0068_24413.jpg,27,0
1481,027.Shiny_Cowbird/Shiny_Cowbird_0059_24421.jpg,27,0
1482,027.Shiny_Cowbird/Shiny_Cowbird_0007_24434.jpg,27,0
1483,027.Shiny_Cowbird/Shiny_Cowbird_0051_24438.jpg,27,0
1485,027.Shiny_Cowbird/Shiny_Cowbird_0037_24440.jpg,27,0
1487,027.Shiny_Cowbird/Shiny_Cowbird_0030_24206.jpg,27,0
1490,027.Shiny_Cowbird/Shiny_Cowbird_0018_796830.jpg,27,0
1492,027.Shiny_Cowbird/Shiny_Cowbird_0081_796833.jpg,27,0
1494,027.Shiny_Cowbird/Shiny_Cowbird_0009_796835.jpg,27,0
1495,027.Shiny_Cowbird/Shiny_Cowbird_0035_796837.jpg,27,0
1496,027.Shiny_Cowbird/Shiny_Cowbird_0085_796839.jpg,27,0
1497,027.Shiny_Cowbird/Shiny_Cowbird_0004_796841.jpg,27,0
1498,027.Shiny_Cowbird/Shiny_Cowbird_0078_796846.jpg,27,0
1502,027.Shiny_Cowbird/Shiny_Cowbird_0027_796850.jpg,27,0
1503,027.Shiny_Cowbird/Shiny_Cowbird_0031_796851.jpg,27,0
1506,027.Shiny_Cowbird/Shiny_Cowbird_0043_796857.jpg,27,0
1507,027.Shiny_Cowbird/Shiny_Cowbird_0015_796858.jpg,27,0
1513,027.Shiny_Cowbird/Shiny_Cowbird_0080_796875.jpg,27,0
1517,027.Shiny_Cowbird/Shiny_Cowbird_0020_24276.jpg,27,0
1520,027.Shiny_Cowbird/Shiny_Cowbird_0005_796873.jpg,27,0
1521,027.Shiny_Cowbird/Shiny_Cowbird_0032_24284.jpg,27,0
1522,027.Shiny_Cowbird/Shiny_Cowbird_0074_24297.jpg,27,0
1524,028.Brown_Creeper/Brown_Creeper_0093_24581.jpg,28,0
1525,028.Brown_Creeper/Brown_Creeper_0123_24589.jpg,28,0
1526,028.Brown_Creeper/Brown_Creeper_0111_24590.jpg,28,0
1529,028.Brown_Creeper/Brown_Creeper_0069_24618.jpg,28,0
1531,028.Brown_Creeper/Brown_Creeper_0079_24647.jpg,28,0
1534,028.Brown_Creeper/Brown_Creeper_0005_24659.jpg,28,0
1536,028.Brown_Creeper/Brown_Creeper_0104_24698.jpg,28,0
1538,028.Brown_Creeper/Brown_Creeper_0027_24729.jpg,28,0
1539,028.Brown_Creeper/Brown_Creeper_0088_24731.jpg,28,0
1542,028.Brown_Creeper/Brown_Creeper_0107_24827.jpg,28,0
1545,028.Brown_Creeper/Brown_Creeper_0089_24841.jpg,28,0
1546,028.Brown_Creeper/Brown_Creeper_0004_24851.jpg,28,0
1550,028.Brown_Creeper/Brown_Creeper_0029_24912.jpg,28,0
1551,028.Brown_Creeper/Brown_Creeper_0065_24464.jpg,28,0
1556,028.Brown_Creeper/Brown_Creeper_0075_24947.jpg,28,0
1558,028.Brown_Creeper/Brown_Creeper_0012_24956.jpg,28,0
1559,028.Brown_Creeper/Brown_Creeper_0001_24449.jpg,28,0
1560,028.Brown_Creeper/Brown_Creeper_0124_24963.jpg,28,0
1561,028.Brown_Creeper/Brown_Creeper_0056_24452.jpg,28,0
1563,028.Brown_Creeper/Brown_Creeper_0046_24463.jpg,28,0
1566,028.Brown_Creeper/Brown_Creeper_0051_24468.jpg,28,0
1568,028.Brown_Creeper/Brown_Creeper_0101_24987.jpg,28,0
1570,028.Brown_Creeper/Brown_Creeper_0031_24999.jpg,28,0
1575,028.Brown_Creeper/Brown_Creeper_0006_25034.jpg,28,0
1576,028.Brown_Creeper/Brown_Creeper_0057_24529.jpg,28,0
1577,028.Brown_Creeper/Brown_Creeper_0073_24546.jpg,28,0
1580,028.Brown_Creeper/Brown_Creeper_0102_25000.jpg,28,0
1583,029.American_Crow/American_Crow_0030_25092.jpg,29,0
1593,029.American_Crow/American_Crow_0021_25137.jpg,29,0
1596,029.American_Crow/American_Crow_0011_25151.jpg,29,0
1597,029.American_Crow/American_Crow_0043_25666.jpg,29,0
1600,029.American_Crow/American_Crow_0139_25186.jpg,29,0
1602,029.American_Crow/American_Crow_0131_25706.jpg,29,0
1606,029.American_Crow/American_Crow_0053_25203.jpg,29,0
1607,029.American_Crow/American_Crow_0099_25717.jpg,29,0
1609,029.American_Crow/American_Crow_0121_25720.jpg,29,0
1610,029.American_Crow/American_Crow_0080_25220.jpg,29,0
1611,029.American_Crow/American_Crow_0137_25221.jpg,29,0
1612,029.American_Crow/American_Crow_0050_25255.jpg,29,0
1613,029.American_Crow/American_Crow_0085_25260.jpg,29,0
1614,029.American_Crow/American_Crow_0105_25283.jpg,29,0
1615,029.American_Crow/American_Crow_0014_25287.jpg,29,0
1616,029.American_Crow/American_Crow_0088_25303.jpg,29,0
1618,029.American_Crow/American_Crow_0004_25819.jpg,29,0
1625,029.American_Crow/American_Crow_0127_25412.jpg,29,0
1626,029.American_Crow/American_Crow_0066_25827.jpg,29,0
1627,029.American_Crow/American_Crow_0031_25433.jpg,29,0
1628,029.American_Crow/American_Crow_0067_25443.jpg,29,0
1629,029.American_Crow/American_Crow_0079_25463.jpg,29,0
1630,029.American_Crow/American_Crow_0051_25505.jpg,29,0
1631,029.American_Crow/American_Crow_0069_25506.jpg,29,0
1633,029.American_Crow/American_Crow_0110_25541.jpg,29,0
1634,029.American_Crow/American_Crow_0001_25053.jpg,29,0
1636,029.American_Crow/American_Crow_0048_25062.jpg,29,0
1640,029.American_Crow/American_Crow_0104_25086.jpg,29,0
1643,030.Fish_Crow/Fish_Crow_0080_25861.jpg,30,0
1644,030.Fish_Crow/Fish_Crow_0059_25864.jpg,30,0
1648,030.Fish_Crow/Fish_Crow_0018_25879.jpg,30,0
1649,030.Fish_Crow/Fish_Crow_0041_25887.jpg,30,0
1651,030.Fish_Crow/Fish_Crow_0034_25891.jpg,30,0
1652,030.Fish_Crow/Fish_Crow_0042_26148.jpg,30,0
1655,030.Fish_Crow/Fish_Crow_0031_25909.jpg,30,0
1656,030.Fish_Crow/Fish_Crow_0036_25911.jpg,30,0
1659,030.Fish_Crow/Fish_Crow_0085_25919.jpg,30,0
1660,030.Fish_Crow/Fish_Crow_0071_25155.jpg,30,0
1661,030.Fish_Crow/Fish_Crow_0040_25158.jpg,30,0
1662,030.Fish_Crow/Fish_Crow_0051_25934.jpg,30,0
1664,030.Fish_Crow/Fish_Crow_0013_25939.jpg,30,0
1665,030.Fish_Crow/Fish_Crow_0065_25942.jpg,30,0
1666,030.Fish_Crow/Fish_Crow_0072_25945.jpg,30,0
1667,030.Fish_Crow/Fish_Crow_0012_25946.jpg,30,0
1673,030.Fish_Crow/Fish_Crow_0073_25977.jpg,30,0
1678,030.Fish_Crow/Fish_Crow_0082_26012.jpg,30,0
1679,030.Fish_Crow/Fish_Crow_0032_26014.jpg,30,0
1682,030.Fish_Crow/Fish_Crow_0061_25884.jpg,30,0
1683,030.Fish_Crow/Fish_Crow_0020_26027.jpg,30,0
1692,030.Fish_Crow/Fish_Crow_0053_26067.jpg,30,0
1693,030.Fish_Crow/Fish_Crow_0047_26070.jpg,30,0
1694,030.Fish_Crow/Fish_Crow_0037_26071.jpg,30,0
1695,030.Fish_Crow/Fish_Crow_0002_26072.jpg,30,0
1697,030.Fish_Crow/Fish_Crow_0035_26081.jpg,30,0
1698,030.Fish_Crow/Fish_Crow_0063_26094.jpg,30,0
1700,030.Fish_Crow/Fish_Crow_0056_25851.jpg,30,0
1702,031.Black_billed_Cuckoo/Black_Billed_Cuckoo_0071_26288.jpg,31,0
1705,031.Black_billed_Cuckoo/Black_Billed_Cuckoo_0032_26292.jpg,31,0
1708,031.Black_billed_Cuckoo/Black_Billed_Cuckoo_0076_26177.jpg,31,0
1710,031.Black_billed_Cuckoo/Black_Billed_Cuckoo_0051_795318.jpg,31,0
1712,031.Black_billed_Cuckoo/Black_Billed_Cuckoo_0045_26194.jpg,31,0
1713,031.Black_billed_Cuckoo/Black_Billed_Cuckoo_0065_26203.jpg,31,0
1715,031.Black_billed_Cuckoo/Black_Billed_Cuckoo_0015_26208.jpg,31,0
1718,031.Black_billed_Cuckoo/Black_Billed_Cuckoo_0018_26218.jpg,31,0
1719,031.Black_billed_Cuckoo/Black_Billed_Cuckoo_0017_26221.jpg,31,0
1722,031.Black_billed_Cuckoo/Black_Billed_Cuckoo_0052_26232.jpg,31,0
1723,031.Black_billed_Cuckoo/Black_Billed_Cuckoo_0006_26233.jpg,31,0
1725,031.Black_billed_Cuckoo/Black_Billed_Cuckoo_0030_26240.jpg,31,0
1728,031.Black_billed_Cuckoo/Black_Billed_Cuckoo_0044_26243.jpg,31,0
1729,031.Black_billed_Cuckoo/Black_Billed_Cuckoo_0091_26246.jpg,31,0
1733,031.Black_billed_Cuckoo/Black_Billed_Cuckoo_0085_795294.jpg,31,0
1736,031.Black_billed_Cuckoo/Black_Billed_Cuckoo_0073_795304.jpg,31,0
1737,031.Black_billed_Cuckoo/Black_Billed_Cuckoo_0008_795305.jpg,31,0
1739,031.Black_billed_Cuckoo/Black_Billed_Cuckoo_0042_795308.jpg,31,0
1743,031.Black_billed_Cuckoo/Black_Billed_Cuckoo_0083_795315.jpg,31,0
1745,031.Black_billed_Cuckoo/Black_Billed_Cuckoo_0022_795319.jpg,31,0
1746,031.Black_billed_Cuckoo/Black_Billed_Cuckoo_0034_795320.jpg,31,0
1748,031.Black_billed_Cuckoo/Black_Billed_Cuckoo_0089_795322.jpg,31,0
1750,031.Black_billed_Cuckoo/Black_Billed_Cuckoo_0043_795324.jpg,31,0
1753,031.Black_billed_Cuckoo/Black_Billed_Cuckoo_0046_795328.jpg,31,0
1755,031.Black_billed_Cuckoo/Black_Billed_Cuckoo_0037_795330.jpg,31,0
1756,031.Black_billed_Cuckoo/Black_Billed_Cuckoo_0024_795331.jpg,31,0
1760,031.Black_billed_Cuckoo/Black_Billed_Cuckoo_0027_26319.jpg,31,0
1761,031.Black_billed_Cuckoo/Black_Billed_Cuckoo_0007_26320.jpg,31,0
1771,032.Mangrove_Cuckoo/Mangrove_Cuckoo_0040_26378.jpg,32,0
1776,032.Mangrove_Cuckoo/Mangrove_Cuckoo_0037_26389.jpg,32,0
1777,032.Mangrove_Cuckoo/Mangrove_Cuckoo_0053_26390.jpg,32,0
1780,032.Mangrove_Cuckoo/Mangrove_Cuckoo_0010_26399.jpg,32,0
1782,032.Mangrove_Cuckoo/Mangrove_Cuckoo_0011_26406.jpg,32,0
1783,032.Mangrove_Cuckoo/Mangrove_Cuckoo_0023_26409.jpg,32,0
1784,032.Mangrove_Cuckoo/Mangrove_Cuckoo_0002_26410.jpg,32,0
1785,032.Mangrove_Cuckoo/Mangrove_Cuckoo_0049_794631.jpg,32,0
1786,032.Mangrove_Cuckoo/Mangrove_Cuckoo_0009_26354.jpg,32,0
1788,032.Mangrove_Cuckoo/Mangrove_Cuckoo_0030_26350.jpg,32,0
1791,032.Mangrove_Cuckoo/Mangrove_Cuckoo_0018_794593.jpg,32,0
1793,032.Mangrove_Cuckoo/Mangrove_Cuckoo_0035_794595.jpg,32,0
1796,032.Mangrove_Cuckoo/Mangrove_Cuckoo_0001_794601.jpg,32,0
1797,032.Mangrove_Cuckoo/Mangrove_Cuckoo_0021_794602.jpg,32,0
1798,032.Mangrove_Cuckoo/Mangrove_Cuckoo_0032_794603.jpg,32,0
1799,032.Mangrove_Cuckoo/Mangrove_Cuckoo_0047_794604.jpg,32,0
1800,032.Mangrove_Cuckoo/Mangrove_Cuckoo_0043_794605.jpg,32,0
1804,032.Mangrove_Cuckoo/Mangrove_Cuckoo_0026_794609.jpg,32,0
1805,032.Mangrove_Cuckoo/Mangrove_Cuckoo_0007_794610.jpg,32,0
1811,032.Mangrove_Cuckoo/Mangrove_Cuckoo_0003_794619.jpg,32,0
1814,032.Mangrove_Cuckoo/Mangrove_Cuckoo_0017_794623.jpg,32,0
1816,033.Yellow_billed_Cuckoo/Yellow_Billed_Cuckoo_0023_26637.jpg,33,0
1819,033.Yellow_billed_Cuckoo/Yellow_Billed_Cuckoo_0117_26651.jpg,33,0
1822,033.Yellow_billed_Cuckoo/Yellow_Billed_Cuckoo_0078_26888.jpg,33,0
1826,033.Yellow_billed_Cuckoo/Yellow_Billed_Cuckoo_0005_26684.jpg,33,0
1828,033.Yellow_billed_Cuckoo/Yellow_Billed_Cuckoo_0060_26686.jpg,33,0
1829,033.Yellow_billed_Cuckoo/Yellow_Billed_Cuckoo_0007_26687.jpg,33,0
1832,033.Yellow_billed_Cuckoo/Yellow_Billed_Cuckoo_0061_26692.jpg,33,0
1836,033.Yellow_billed_Cuckoo/Yellow_Billed_Cuckoo_0012_26712.jpg,33,0
1838,033.Yellow_billed_Cuckoo/Yellow_Billed_Cuckoo_0090_26714.jpg,33,0
1840,033.Yellow_billed_Cuckoo/Yellow_Billed_Cuckoo_0074_26466.jpg,33,0
1843,033.Yellow_billed_Cuckoo/Yellow_Billed_Cuckoo_0053_26738.jpg,33,0
1844,033.Yellow_billed_Cuckoo/Yellow_Billed_Cuckoo_0073_26744.jpg,33,0
1845,033.Yellow_billed_Cuckoo/Yellow_Billed_Cuckoo_0077_26431.jpg,33,0
1847,033.Yellow_billed_Cuckoo/Yellow_Billed_Cuckoo_0014_26754.jpg,33,0
1848,033.Yellow_billed_Cuckoo/Yellow_Billed_Cuckoo_0098_26501.jpg,33,0
1851,033.Yellow_billed_Cuckoo/Yellow_Billed_Cuckoo_0033_26521.jpg,33,0
1853,033.Yellow_billed_Cuckoo/Yellow_Billed_Cuckoo_0018_26535.jpg,33,0
1856,033.Yellow_billed_Cuckoo/Yellow_Billed_Cuckoo_0003_26797.jpg,33,0
1857,033.Yellow_billed_Cuckoo/Yellow_Billed_Cuckoo_0116_26544.jpg,33,0
1861,033.Yellow_billed_Cuckoo/Yellow_Billed_Cuckoo_0088_26812.jpg,33,0
1862,033.Yellow_billed_Cuckoo/Yellow_Billed_Cuckoo_0104_26814.jpg,33,0
1865,033.Yellow_billed_Cuckoo/Yellow_Billed_Cuckoo_0024_26832.jpg,33,0
1866,033.Yellow_billed_Cuckoo/Yellow_Billed_Cuckoo_0006_26578.jpg,33,0
1867,033.Yellow_billed_Cuckoo/Yellow_Billed_Cuckoo_0107_26838.jpg,33,0
1869,033.Yellow_billed_Cuckoo/Yellow_Billed_Cuckoo_0066_26600.jpg,33,0
1871,033.Yellow_billed_Cuckoo/Yellow_Billed_Cuckoo_0029_26865.jpg,33,0
1873,033.Yellow_billed_Cuckoo/Yellow_Billed_Cuckoo_0067_26878.jpg,33,0
1874,034.Gray_crowned_Rosy_Finch/Gray_Crowned_Rosy_Finch_0078_27136.jpg,34,0
1876,034.Gray_crowned_Rosy_Finch/Gray_Crowned_Rosy_Finch_0027_27153.jpg,34,0
1882,034.Gray_crowned_Rosy_Finch/Gray_Crowned_Rosy_Finch_0019_27192.jpg,34,0
1884,034.Gray_crowned_Rosy_Finch/Gray_Crowned_Rosy_Finch_0076_27200.jpg,34,0
1885,034.Gray_crowned_Rosy_Finch/Gray_Crowned_Rosy_Finch_0009_26977.jpg,34,0
1887,034.Gray_crowned_Rosy_Finch/Gray_Crowned_Rosy_Finch_0018_26978.jpg,34,0
1890,034.Gray_crowned_Rosy_Finch/Gray_Crowned_Rosy_Finch_0004_797272.jpg,34,0
1891,034.Gray_crowned_Rosy_Finch/Gray_Crowned_Rosy_Finch_0048_27236.jpg,34,0
1893,034.Gray_crowned_Rosy_Finch/Gray_Crowned_Rosy_Finch_0053_797276.jpg,34,0
1894,034.Gray_crowned_Rosy_Finch/Gray_Crowned_Rosy_Finch_0007_797278.jpg,34,0
1900,034.Gray_crowned_Rosy_Finch/Gray_Crowned_Rosy_Finch_0036_797287.jpg,34,0
1901,034.Gray_crowned_Rosy_Finch/Gray_Crowned_Rosy_Finch_0023_797288.jpg,34,0
1902,034.Gray_crowned_Rosy_Finch/Gray_Crowned_Rosy_Finch_0040_26985.jpg,34,0
1906,034.Gray_crowned_Rosy_Finch/Gray_Crowned_Rosy_Finch_0079_797294.jpg,34,0
1908,034.Gray_crowned_Rosy_Finch/Gray_Crowned_Rosy_Finch_0066_797298.jpg,34,0
1909,034.Gray_crowned_Rosy_Finch/Gray_Crowned_Rosy_Finch_0031_797299.jpg,34,0
1910,034.Gray_crowned_Rosy_Finch/Gray_Crowned_Rosy_Finch_0029_797300.jpg,34,0
1913,034.Gray_crowned_Rosy_Finch/Gray_Crowned_Rosy_Finch_0034_797305.jpg,34,0
1915,034.Gray_crowned_Rosy_Finch/Gray_Crowned_Rosy_Finch_0064_27007.jpg,34,0
1916,034.Gray_crowned_Rosy_Finch/Gray_Crowned_Rosy_Finch_0072_26993.jpg,34,0
1917,034.Gray_crowned_Rosy_Finch/Gray_Crowned_Rosy_Finch_0022_27028.jpg,34,0
1919,034.Gray_crowned_Rosy_Finch/Gray_Crowned_Rosy_Finch_0084_27034.jpg,34,0
1924,034.Gray_crowned_Rosy_Finch/Gray_Crowned_Rosy_Finch_0037_27088.jpg,34,0
1925,034.Gray_crowned_Rosy_Finch/Gray_Crowned_Rosy_Finch_0073_27104.jpg,34,0
1926,034.Gray_crowned_Rosy_Finch/Gray_Crowned_Rosy_Finch_0041_27105.jpg,34,0
1927,034.Gray_crowned_Rosy_Finch/Gray_Crowned_Rosy_Finch_0057_27107.jpg,34,0
1931,034.Gray_crowned_Rosy_Finch/Gray_Crowned_Rosy_Finch_0028_27114.jpg,34,0
1935,035.Purple_Finch/Purple_Finch_0115_28190.jpg,35,0
1937,035.Purple_Finch/Purple_Finch_0001_27571.jpg,35,0
1940,035.Purple_Finch/Purple_Finch_0031_28175.jpg,35,0
1942,035.Purple_Finch/Purple_Finch_0030_27255.jpg,35,0
1943,035.Purple_Finch/Purple_Finch_0079_27258.jpg,35,0
1944,035.Purple_Finch/Purple_Finch_0119_27260.jpg,35,0
1946,035.Purple_Finch/Purple_Finch_0002_27266.jpg,35,0
1947,035.Purple_Finch/Purple_Finch_0098_27280.jpg,35,0
1948,035.Purple_Finch/Purple_Finch_0097_27288.jpg,35,0
1950,035.Purple_Finch/Purple_Finch_0046_27295.jpg,35,0
1956,035.Purple_Finch/Purple_Finch_0117_27427.jpg,35,0
1958,035.Purple_Finch/Purple_Finch_0033_27926.jpg,35,0
1959,035.Purple_Finch/Purple_Finch_0133_27928.jpg,35,0
1960,035.Purple_Finch/Purple_Finch_0091_27425.jpg,35,0
1962,035.Purple_Finch/Purple_Finch_0076_27441.jpg,35,0
1964,035.Purple_Finch/Purple_Finch_0020_27961.jpg,35,0
1965,035.Purple_Finch/Purple_Finch_0059_27966.jpg,35,0
1966,035.Purple_Finch/Purple_Finch_0008_27455.jpg,35,0
1967,035.Purple_Finch/Purple_Finch_0035_27972.jpg,35,0
1969,035.Purple_Finch/Purple_Finch_0065_27473.jpg,35,0
1976,035.Purple_Finch/Purple_Finch_0130_27555.jpg,35,0
1980,035.Purple_Finch/Purple_Finch_0124_27567.jpg,35,0
1983,035.Purple_Finch/Purple_Finch_0120_27597.jpg,35,0
1984,035.Purple_Finch/Purple_Finch_0118_27604.jpg,35,0
1985,035.Purple_Finch/Purple_Finch_0043_28117.jpg,35,0
1986,035.Purple_Finch/Purple_Finch_0106_27607.jpg,35,0
1987,035.Purple_Finch/Purple_Finch_0023_27986.jpg,35,0
1989,035.Purple_Finch/Purple_Finch_0067_27431.jpg,35,0
1993,036.Northern_Flicker/Northern_Flicker_0072_28678.jpg,36,0
1995,036.Northern_Flicker/Northern_Flicker_0041_28697.jpg,36,0
1996,036.Northern_Flicker/Northern_Flicker_0093_28700.jpg,36,0
1997,036.Northern_Flicker/Northern_Flicker_0094_28726.jpg,36,0
1999,036.Northern_Flicker/Northern_Flicker_0034_28740.jpg,36,0
2000,036.Northern_Flicker/Northern_Flicker_0021_28741.jpg,36,0
2004,036.Northern_Flicker/Northern_Flicker_0006_28290.jpg,36,0
2005,036.Northern_Flicker/Northern_Flicker_0135_28291.jpg,36,0
2006,036.Northern_Flicker/Northern_Flicker_0099_28312.jpg,36,0
2008,036.Northern_Flicker/Northern_Flicker_0084_28318.jpg,36,0
2010,036.Northern_Flicker/Northern_Flicker_0068_28330.jpg,36,0
2014,036.Northern_Flicker/Northern_Flicker_0055_28344.jpg,36,0
2015,036.Northern_Flicker/Northern_Flicker_0086_28360.jpg,36,0
2016,036.Northern_Flicker/Northern_Flicker_0104_28371.jpg,36,0
2020,036.Northern_Flicker/Northern_Flicker_0100_28898.jpg,36,0
2021,036.Northern_Flicker/Northern_Flicker_0046_28391.jpg,36,0
2024,036.Northern_Flicker/Northern_Flicker_0136_28918.jpg,36,0
2027,036.Northern_Flicker/Northern_Flicker_0022_28952.jpg,36,0
2029,036.Northern_Flicker/Northern_Flicker_0053_28445.jpg,36,0
2031,036.Northern_Flicker/Northern_Flicker_0131_28962.jpg,36,0
2032,036.Northern_Flicker/Northern_Flicker_0124_28966.jpg,36,0
2035,036.Northern_Flicker/Northern_Flicker_0125_28485.jpg,36,0
2037,036.Northern_Flicker/Northern_Flicker_0090_28491.jpg,36,0
2039,036.Northern_Flicker/Northern_Flicker_0108_28502.jpg,36,0
2043,036.Northern_Flicker/Northern_Flicker_0044_28592.jpg,36,0
2048,036.Northern_Flicker/Northern_Flicker_0079_28630.jpg,36,0
2049,036.Northern_Flicker/Northern_Flicker_0127_28411.jpg,36,0
2051,036.Northern_Flicker/Northern_Flicker_0051_28650.jpg,36,0
2057,037.Acadian_Flycatcher/Acadian_Flycatcher_0022_29145.jpg,37,0
2059,037.Acadian_Flycatcher/Acadian_Flycatcher_0013_29232.jpg,37,0
2060,037.Acadian_Flycatcher/Acadian_Flycatcher_0070_29150.jpg,37,0
2062,037.Acadian_Flycatcher/Acadian_Flycatcher_0036_795577.jpg,37,0
2063,037.Acadian_Flycatcher/Acadian_Flycatcher_0069_795579.jpg,37,0
2064,037.Acadian_Flycatcher/Acadian_Flycatcher_0030_795591.jpg,37,0
2070,037.Acadian_Flycatcher/Acadian_Flycatcher_0059_29102.jpg,37,0
2072,037.Acadian_Flycatcher/Acadian_Flycatcher_0015_795578.jpg,37,0
2073,037.Acadian_Flycatcher/Acadian_Flycatcher_0043_29115.jpg,37,0
2074,037.Acadian_Flycatcher/Acadian_Flycatcher_0049_795580.jpg,37,0
2076,037.Acadian_Flycatcher/Acadian_Flycatcher_0034_795583.jpg,37,0
2077,037.Acadian_Flycatcher/Acadian_Flycatcher_0064_795584.jpg,37,0
2081,037.Acadian_Flycatcher/Acadian_Flycatcher_0042_29127.jpg,37,0
2084,037.Acadian_Flycatcher/Acadian_Flycatcher_0021_795594.jpg,37,0
2086,037.Acadian_Flycatcher/Acadian_Flycatcher_0046_795596.jpg,37,0
2091,037.Acadian_Flycatcher/Acadian_Flycatcher_0072_795603.jpg,37,0
2092,037.Acadian_Flycatcher/Acadian_Flycatcher_0060_795604.jpg,37,0
2093,037.Acadian_Flycatcher/Acadian_Flycatcher_0041_795605.jpg,37,0
2096,037.Acadian_Flycatcher/Acadian_Flycatcher_0050_795608.jpg,37,0
2098,037.Acadian_Flycatcher/Acadian_Flycatcher_0052_795610.jpg,37,0
2100,037.Acadian_Flycatcher/Acadian_Flycatcher_0012_795612.jpg,37,0
2101,037.Acadian_Flycatcher/Acadian_Flycatcher_0038_795616.jpg,37,0
2104,037.Acadian_Flycatcher/Acadian_Flycatcher_0005_29157.jpg,37,0
2107,037.Acadian_Flycatcher/Acadian_Flycatcher_0044_795624.jpg,37,0
2108,037.Acadian_Flycatcher/Acadian_Flycatcher_0071_795627.jpg,37,0
2109,037.Acadian_Flycatcher/Acadian_Flycatcher_0073_795628.jpg,37,0
2111,037.Acadian_Flycatcher/Acadian_Flycatcher_0024_29173.jpg,37,0
2112,038.Great_Crested_Flycatcher/Great_Crested_Flycatcher_0028_29696.jpg,38,0
2119,038.Great_Crested_Flycatcher/Great_Crested_Flycatcher_0012_29264.jpg,38,0
2120,038.Great_Crested_Flycatcher/Great_Crested_Flycatcher_0119_29778.jpg,38,0
2123,038.Great_Crested_Flycatcher/Great_Crested_Flycatcher_0007_29280.jpg,38,0
2126,038.Great_Crested_Flycatcher/Great_Crested_Flycatcher_0124_29294.jpg,38,0
2127,038.Great_Crested_Flycatcher/Great_Crested_Flycatcher_0061_29807.jpg,38,0
2128,038.Great_Crested_Flycatcher/Great_Crested_Flycatcher_0132_29300.jpg,38,0
2129,038.Great_Crested_Flycatcher/Great_Crested_Flycatcher_0139_29302.jpg,38,0
2131,038.Great_Crested_Flycatcher/Great_Crested_Flycatcher_0031_29825.jpg,38,0
2132,038.Great_Crested_Flycatcher/Great_Crested_Flycatcher_0133_29314.jpg,38,0
2134,038.Great_Crested_Flycatcher/Great_Crested_Flycatcher_0131_29329.jpg,38,0
2139,038.Great_Crested_Flycatcher/Great_Crested_Flycatcher_0120_29472.jpg,38,0
2141,038.Great_Crested_Flycatcher/Great_Crested_Flycatcher_0010_29396.jpg,38,0
2142,038.Great_Crested_Flycatcher/Great_Crested_Flycatcher_0097_29398.jpg,38,0
2143,038.Great_Crested_Flycatcher/Great_Crested_Flycatcher_0016_29406.jpg,38,0
2145,038.Great_Crested_Flycatcher/Great_Crested_Flycatcher_0021_29929.jpg,38,0
2146,038.Great_Crested_Flycatcher/Great_Crested_Flycatcher_0042_29438.jpg,38,0
2148,038.Great_Crested_Flycatcher/Great_Crested_Flycatcher_0033_29959.jpg,38,0
2150,038.Great_Crested_Flycatcher/Great_Crested_Flycatcher_0044_29995.jpg,38,0
2153,038.Great_Crested_Flycatcher/Great_Crested_Flycatcher_0013_29496.jpg,38,0
2156,038.Great_Crested_Flycatcher/Great_Crested_Flycatcher_0024_29516.jpg,38,0
2160,038.Great_Crested_Flycatcher/Great_Crested_Flycatcher_0051_29530.jpg,38,0
2162,038.Great_Crested_Flycatcher/Great_Crested_Flycatcher_0111_29543.jpg,38,0
2163,038.Great_Crested_Flycatcher/Great_Crested_Flycatcher_0064_29546.jpg,38,0
2164,038.Great_Crested_Flycatcher/Great_Crested_Flycatcher_0074_29553.jpg,38,0
2168,038.Great_Crested_Flycatcher/Great_Crested_Flycatcher_0125_29593.jpg,38,0
2170,038.Great_Crested_Flycatcher/Great_Crested_Flycatcher_0030_29645.jpg,38,0
2171,038.Great_Crested_Flycatcher/Great_Crested_Flycatcher_0036_29693.jpg,38,0
2179,039.Least_Flycatcher/Least_Flycatcher_0079_30256.jpg,39,0
2180,039.Least_Flycatcher/Least_Flycatcher_0006_30262.jpg,39,0
2184,039.Least_Flycatcher/Least_Flycatcher_0057_30282.jpg,39,0
2188,039.Least_Flycatcher/Least_Flycatcher_0046_30316.jpg,39,0
2189,039.Least_Flycatcher/Least_Flycatcher_0085_30318.jpg,39,0
2190,039.Least_Flycatcher/Least_Flycatcher_0052_30321.jpg,39,0
2193,039.Least_Flycatcher/Least_Flycatcher_0007_30339.jpg,39,0
2194,039.Least_Flycatcher/Least_Flycatcher_0044_30349.jpg,39,0
2195,039.Least_Flycatcher/Least_Flycatcher_0023_30352.jpg,39,0
2200,039.Least_Flycatcher/Least_Flycatcher_0029_30362.jpg,39,0
2201,039.Least_Flycatcher/Least_Flycatcher_0040_30366.jpg,39,0
2203,039.Least_Flycatcher/Least_Flycatcher_0097_30122.jpg,39,0
2204,039.Least_Flycatcher/Least_Flycatcher_0087_30123.jpg,39,0
2206,039.Least_Flycatcher/Least_Flycatcher_0038_30127.jpg,39,0
2207,039.Least_Flycatcher/Least_Flycatcher_0062_30131.jpg,39,0
2209,039.Least_Flycatcher/Least_Flycatcher_0004_30140.jpg,39,0
2211,039.Least_Flycatcher/Least_Flycatcher_0005_30142.jpg,39,0
2212,039.Least_Flycatcher/Least_Flycatcher_0058_30143.jpg,39,0
2213,039.Least_Flycatcher/Least_Flycatcher_0032_30146.jpg,39,0
2216,039.Least_Flycatcher/Least_Flycatcher_0059_30152.jpg,39,0
2218,039.Least_Flycatcher/Least_Flycatcher_0061_30429.jpg,39,0
2219,039.Least_Flycatcher/Least_Flycatcher_0045_30174.jpg,39,0
2222,039.Least_Flycatcher/Least_Flycatcher_0075_30441.jpg,39,0
2223,039.Least_Flycatcher/Least_Flycatcher_0050_30189.jpg,39,0
2226,039.Least_Flycatcher/Least_Flycatcher_0054_30450.jpg,39,0
2229,039.Least_Flycatcher/Least_Flycatcher_0017_30460.jpg,39,0
2230,039.Least_Flycatcher/Least_Flycatcher_0018_30462.jpg,39,0
2231,040.Olive_sided_Flycatcher/Olive_Sided_Flycatcher_0041_30470.jpg,40,0
2236,040.Olive_sided_Flycatcher/Olive_Sided_Flycatcher_0077_30492.jpg,40,0
2239,040.Olive_sided_Flycatcher/Olive_Sided_Flycatcher_0031_30502.jpg,40,0
2242,040.Olive_sided_Flycatcher/Olive_Sided_Flycatcher_0026_30525.jpg,40,0
2244,040.Olive_sided_Flycatcher/Olive_Sided_Flycatcher_0046_30529.jpg,40,0
2249,040.Olive_sided_Flycatcher/Olive_Sided_Flycatcher_0069_30544.jpg,40,0
2250,040.Olive_sided_Flycatcher/Olive_Sided_Flycatcher_0072_796877.jpg,40,0
2252,040.Olive_sided_Flycatcher/Olive_Sided_Flycatcher_0013_30550.jpg,40,0
2256,040.Olive_sided_Flycatcher/Olive_Sided_Flycatcher_0074_30816.jpg,40,0
2258,040.Olive_sided_Flycatcher/Olive_Sided_Flycatcher_0056_30570.jpg,40,0
2260,040.Olive_sided_Flycatcher/Olive_Sided_Flycatcher_0043_30632.jpg,40,0
2264,040.Olive_sided_Flycatcher/Olive_Sided_Flycatcher_0048_30656.jpg,40,0
2265,040.Olive_sided_Flycatcher/Olive_Sided_Flycatcher_0079_30662.jpg,40,0
2268,040.Olive_sided_Flycatcher/Olive_Sided_Flycatcher_0050_796878.jpg,40,0
2269,040.Olive_sided_Flycatcher/Olive_Sided_Flycatcher_0055_796879.jpg,40,0
2273,040.Olive_sided_Flycatcher/Olive_Sided_Flycatcher_0058_796883.jpg,40,0
2274,040.Olive_sided_Flycatcher/Olive_Sided_Flycatcher_0038_796884.jpg,40,0
2276,040.Olive_sided_Flycatcher/Olive_Sided_Flycatcher_0042_796886.jpg,40,0
2278,040.Olive_sided_Flycatcher/Olive_Sided_Flycatcher_0045_796888.jpg,40,0
2280,040.Olive_sided_Flycatcher/Olive_Sided_Flycatcher_0082_796893.jpg,40,0
2281,040.Olive_sided_Flycatcher/Olive_Sided_Flycatcher_0008_30686.jpg,40,0
2282,040.Olive_sided_Flycatcher/Olive_Sided_Flycatcher_0081_796895.jpg,40,0
2283,040.Olive_sided_Flycatcher/Olive_Sided_Flycatcher_0030_796896.jpg,40,0
2284,040.Olive_sided_Flycatcher/Olive_Sided_Flycatcher_0021_796880.jpg,40,0
2285,040.Olive_sided_Flycatcher/Olive_Sided_Flycatcher_0057_796898.jpg,40,0
2287,040.Olive_sided_Flycatcher/Olive_Sided_Flycatcher_0075_30712.jpg,40,0
2288,040.Olive_sided_Flycatcher/Olive_Sided_Flycatcher_0032_30713.jpg,40,0
2290,040.Olive_sided_Flycatcher/Olive_Sided_Flycatcher_0027_30549.jpg,40,0
2292,041.Scissor_tailed_Flycatcher/Scissor_Tailed_Flycatcher_0096_41733.jpg,41,0
2294,041.Scissor_tailed_Flycatcher/Scissor_Tailed_Flycatcher_0059_41998.jpg,41,0
2295,041.Scissor_tailed_Flycatcher/Scissor_Tailed_Flycatcher_0044_42002.jpg,41,0
2297,041.Scissor_tailed_Flycatcher/Scissor_Tailed_Flycatcher_0108_42013.jpg,41,0
2298,041.Scissor_tailed_Flycatcher/Scissor_Tailed_Flycatcher_0094_42018.jpg,41,0
2300,041.Scissor_tailed_Flycatcher/Scissor_Tailed_Flycatcher_0013_42024.jpg,41,0
2302,041.Scissor_tailed_Flycatcher/Scissor_Tailed_Flycatcher_0117_42026.jpg,41,0
2303,041.Scissor_tailed_Flycatcher/Scissor_Tailed_Flycatcher_0125_41906.jpg,41,0
2305,041.Scissor_tailed_Flycatcher/Scissor_Tailed_Flycatcher_0025_42032.jpg,41,0
2306,041.Scissor_tailed_Flycatcher/Scissor_Tailed_Flycatcher_0033_41782.jpg,41,0
2307,041.Scissor_tailed_Flycatcher/Scissor_Tailed_Flycatcher_0055_42051.jpg,41,0
2308,041.Scissor_tailed_Flycatcher/Scissor_Tailed_Flycatcher_0100_41796.jpg,41,0
2310,041.Scissor_tailed_Flycatcher/Scissor_Tailed_Flycatcher_0118_42067.jpg,41,0
2312,041.Scissor_tailed_Flycatcher/Scissor_Tailed_Flycatcher_0072_42085.jpg,41,0
2315,041.Scissor_tailed_Flycatcher/Scissor_Tailed_Flycatcher_0031_41836.jpg,41,0
2316,041.Scissor_tailed_Flycatcher/Scissor_Tailed_Flycatcher_0121_41843.jpg,41,0
2318,041.Scissor_tailed_Flycatcher/Scissor_Tailed_Flycatcher_0082_41852.jpg,41,0
2321,041.Scissor_tailed_Flycatcher/Scissor_Tailed_Flycatcher_0006_41601.jpg,41,0
2322,041.Scissor_tailed_Flycatcher/Scissor_Tailed_Flycatcher_0019_41936.jpg,41,0
2327,041.Scissor_tailed_Flycatcher/Scissor_Tailed_Flycatcher_0123_41638.jpg,41,0
2328,041.Scissor_tailed_Flycatcher/Scissor_Tailed_Flycatcher_0004_41643.jpg,41,0
2329,041.Scissor_tailed_Flycatcher/Scissor_Tailed_Flycatcher_0048_41646.jpg,41,0
2330,041.Scissor_tailed_Flycatcher/Scissor_Tailed_Flycatcher_0060_41655.jpg,41,0
2331,041.Scissor_tailed_Flycatcher/Scissor_Tailed_Flycatcher_0007_41917.jpg,41,0
2336,041.Scissor_tailed_Flycatcher/Scissor_Tailed_Flycatcher_0122_41679.jpg,41,0
2338,041.Scissor_tailed_Flycatcher/Scissor_Tailed_Flycatcher_0103_41938.jpg,41,0
2341,041.Scissor_tailed_Flycatcher/Scissor_Tailed_Flycatcher_0058_41948.jpg,41,0
2348,041.Scissor_tailed_Flycatcher/Scissor_Tailed_Flycatcher_0012_41853.jpg,41,0
2351,042.Vermilion_Flycatcher/Vermilion_Flycatcher_0019_42241.jpg,42,0
2355,042.Vermilion_Flycatcher/Vermilion_Flycatcher_0070_42250.jpg,42,0
2357,042.Vermilion_Flycatcher/Vermilion_Flycatcher_0059_42261.jpg,42,0
2358,042.Vermilion_Flycatcher/Vermilion_Flycatcher_0038_42262.jpg,42,0
2360,042.Vermilion_Flycatcher/Vermilion_Flycatcher_0030_42523.jpg,42,0
2361,042.Vermilion_Flycatcher/Vermilion_Flycatcher_0014_42533.jpg,42,0
2362,042.Vermilion_Flycatcher/Vermilion_Flycatcher_0068_42535.jpg,42,0
2363,042.Vermilion_Flycatcher/Vermilion_Flycatcher_0035_42282.jpg,42,0
2365,042.Vermilion_Flycatcher/Vermilion_Flycatcher_0052_42551.jpg,42,0
2366,042.Vermilion_Flycatcher/Vermilion_Flycatcher_0062_42552.jpg,42,0
2368,042.Vermilion_Flycatcher/Vermilion_Flycatcher_0024_42506.jpg,42,0
2370,042.Vermilion_Flycatcher/Vermilion_Flycatcher_0044_42305.jpg,42,0
2371,042.Vermilion_Flycatcher/Vermilion_Flycatcher_0057_42562.jpg,42,0
2374,042.Vermilion_Flycatcher/Vermilion_Flycatcher_0058_42311.jpg,42,0
2376,042.Vermilion_Flycatcher/Vermilion_Flycatcher_0073_42573.jpg,42,0
2377,042.Vermilion_Flycatcher/Vermilion_Flycatcher_0011_42554.jpg,42,0
2379,042.Vermilion_Flycatcher/Vermilion_Flycatcher_0018_42474.jpg,42,0
2380,042.Vermilion_Flycatcher/Vermilion_Flycatcher_0026_42375.jpg,42,0
2382,042.Vermilion_Flycatcher/Vermilion_Flycatcher_0049_42380.jpg,42,0
2389,042.Vermilion_Flycatcher/Vermilion_Flycatcher_0017_42407.jpg,42,0
2390,042.Vermilion_Flycatcher/Vermilion_Flycatcher_0039_42423.jpg,42,0
2393,042.Vermilion_Flycatcher/Vermilion_Flycatcher_0063_42179.jpg,42,0
2394,042.Vermilion_Flycatcher/Vermilion_Flycatcher_0043_42182.jpg,42,0
2399,042.Vermilion_Flycatcher/Vermilion_Flycatcher_0028_42197.jpg,42,0
2400,042.Vermilion_Flycatcher/Vermilion_Flycatcher_0031_42201.jpg,42,0
2404,042.Vermilion_Flycatcher/Vermilion_Flycatcher_0032_42216.jpg,42,0
2409,042.Vermilion_Flycatcher/Vermilion_Flycatcher_0047_42488.jpg,42,0
2410,042.Vermilion_Flycatcher/Vermilion_Flycatcher_0009_42234.jpg,42,0
2411,043.Yellow_bellied_Flycatcher/Yellow_Bellied_Flycatcher_0013_42769.jpg,43,0
2413,043.Yellow_bellied_Flycatcher/Yellow_Bellied_Flycatcher_0036_42591.jpg,43,0
2415,043.Yellow_bellied_Flycatcher/Yellow_Bellied_Flycatcher_0040_795465.jpg,43,0
2418,043.Yellow_bellied_Flycatcher/Yellow_Bellied_Flycatcher_0012_795469.jpg,43,0
2421,043.Yellow_bellied_Flycatcher/Yellow_Bellied_Flycatcher_0021_795472.jpg,43,0
2423,043.Yellow_bellied_Flycatcher/Yellow_Bellied_Flycatcher_0032_42578.jpg,43,0
2427,043.Yellow_bellied_Flycatcher/Yellow_Bellied_Flycatcher_0061_795479.jpg,43,0
2430,043.Yellow_bellied_Flycatcher/Yellow_Bellied_Flycatcher_0029_795483.jpg,43,0
2431,043.Yellow_bellied_Flycatcher/Yellow_Bellied_Flycatcher_0025_795484.jpg,43,0
2435,043.Yellow_bellied_Flycatcher/Yellow_Bellied_Flycatcher_0026_795489.jpg,43,0
2436,043.Yellow_bellied_Flycatcher/Yellow_Bellied_Flycatcher_0017_795490.jpg,43,0
2437,043.Yellow_bellied_Flycatcher/Yellow_Bellied_Flycatcher_0007_795491.jpg,43,0
2438,043.Yellow_bellied_Flycatcher/Yellow_Bellied_Flycatcher_0053_795493.jpg,43,0
2442,043.Yellow_bellied_Flycatcher/Yellow_Bellied_Flycatcher_0015_795504.jpg,43,0
2444,043.Yellow_bellied_Flycatcher/Yellow_Bellied_Flycatcher_0055_795507.jpg,43,0
2445,043.Yellow_bellied_Flycatcher/Yellow_Bellied_Flycatcher_0046_795508.jpg,43,0
2450,043.Yellow_bellied_Flycatcher/Yellow_Bellied_Flycatcher_0066_795514.jpg,43,0
2452,043.Yellow_bellied_Flycatcher/Yellow_Bellied_Flycatcher_0005_42627.jpg,43,0
2453,043.Yellow_bellied_Flycatcher/Yellow_Bellied_Flycatcher_0065_42635.jpg,43,0
2454,043.Yellow_bellied_Flycatcher/Yellow_Bellied_Flycatcher_0028_42639.jpg,43,0
2456,043.Yellow_bellied_Flycatcher/Yellow_Bellied_Flycatcher_0027_42649.jpg,43,0
2457,043.Yellow_bellied_Flycatcher/Yellow_Bellied_Flycatcher_0014_42608.jpg,43,0
2459,043.Yellow_bellied_Flycatcher/Yellow_Bellied_Flycatcher_0033_42695.jpg,43,0
2463,043.Yellow_bellied_Flycatcher/Yellow_Bellied_Flycatcher_0024_42616.jpg,43,0
2464,043.Yellow_bellied_Flycatcher/Yellow_Bellied_Flycatcher_0060_42595.jpg,43,0
2466,043.Yellow_bellied_Flycatcher/Yellow_Bellied_Flycatcher_0039_795471.jpg,43,0
2468,043.Yellow_bellied_Flycatcher/Yellow_Bellied_Flycatcher_0011_42734.jpg,43,0
2472,044.Frigatebird/Frigatebird_0054_43019.jpg,44,0
2473,044.Frigatebird/Frigatebird_0069_43541.jpg,44,0
2474,044.Frigatebird/Frigatebird_0074_43035.jpg,44,0
2475,044.Frigatebird/Frigatebird_0122_43549.jpg,44,0
2476,044.Frigatebird/Frigatebird_0073_43038.jpg,44,0
2481,044.Frigatebird/Frigatebird_0034_43053.jpg,44,0
2482,044.Frigatebird/Frigatebird_0060_43054.jpg,44,0
2483,044.Frigatebird/Frigatebird_0097_43567.jpg,44,0
2485,044.Frigatebird/Frigatebird_0096_43571.jpg,44,0
2488,044.Frigatebird/Frigatebird_0091_43066.jpg,44,0
2489,044.Frigatebird/Frigatebird_0050_43084.jpg,44,0
2491,044.Frigatebird/Frigatebird_0023_43110.jpg,44,0
2492,044.Frigatebird/Frigatebird_0015_43132.jpg,44,0
2493,044.Frigatebird/Frigatebird_0016_43159.jpg,44,0
2494,044.Frigatebird/Frigatebird_0129_43183.jpg,44,0
2495,044.Frigatebird/Frigatebird_0118_43189.jpg,44,0
2496,044.Frigatebird/Frigatebird_0062_43193.jpg,44,0
2497,044.Frigatebird/Frigatebird_0088_43201.jpg,44,0
2498,044.Frigatebird/Frigatebird_0092_43206.jpg,44,0
2499,044.Frigatebird/Frigatebird_0098_43207.jpg,44,0
2503,044.Frigatebird/Frigatebird_0058_43251.jpg,44,0
2505,044.Frigatebird/Frigatebird_0081_42779.jpg,44,0
2507,044.Frigatebird/Frigatebird_0120_43300.jpg,44,0
2508,044.Frigatebird/Frigatebird_0121_42791.jpg,44,0
2511,044.Frigatebird/Frigatebird_0063_42812.jpg,44,0
2514,044.Frigatebird/Frigatebird_0019_43348.jpg,44,0
2520,044.Frigatebird/Frigatebird_0052_43411.jpg,44,0
2525,044.Frigatebird/Frigatebird_0031_42979.jpg,44,0
2531,045.Northern_Fulmar/Northern_Fulmar_0033_43794.jpg,45,0
2532,045.Northern_Fulmar/Northern_Fulmar_0103_44062.jpg,45,0
2538,045.Northern_Fulmar/Northern_Fulmar_0045_43581.jpg,45,0
2540,045.Northern_Fulmar/Northern_Fulmar_0053_43843.jpg,45,0
2541,045.Northern_Fulmar/Northern_Fulmar_0038_43846.jpg,45,0
2547,045.Northern_Fulmar/Northern_Fulmar_0091_44120.jpg,45,0
2548,045.Northern_Fulmar/Northern_Fulmar_0097_43865.jpg,45,0
2549,045.Northern_Fulmar/Northern_Fulmar_0090_43867.jpg,45,0
2551,045.Northern_Fulmar/Northern_Fulmar_0012_44131.jpg,45,0
2552,045.Northern_Fulmar/Northern_Fulmar_0056_43880.jpg,45,0
2553,045.Northern_Fulmar/Northern_Fulmar_0063_43631.jpg,45,0
2556,045.Northern_Fulmar/Northern_Fulmar_0008_43647.jpg,45,0
2557,045.Northern_Fulmar/Northern_Fulmar_0049_43906.jpg,45,0
2561,045.Northern_Fulmar/Northern_Fulmar_0015_43658.jpg,45,0
2569,045.Northern_Fulmar/Northern_Fulmar_0016_43958.jpg,45,0
2570,045.Northern_Fulmar/Northern_Fulmar_0027_43705.jpg,45,0
2572,045.Northern_Fulmar/Northern_Fulmar_0037_43712.jpg,45,0
2574,045.Northern_Fulmar/Northern_Fulmar_0036_43718.jpg,45,0
2575,045.Northern_Fulmar/Northern_Fulmar_0077_43730.jpg,45,0
2577,045.Northern_Fulmar/Northern_Fulmar_0042_43739.jpg,45,0
2578,045.Northern_Fulmar/Northern_Fulmar_0021_43743.jpg,45,0
2579,045.Northern_Fulmar/Northern_Fulmar_0078_43985.jpg,45,0
2580,045.Northern_Fulmar/Northern_Fulmar_0001_43749.jpg,45,0
2581,045.Northern_Fulmar/Northern_Fulmar_0031_43750.jpg,45,0
2582,045.Northern_Fulmar/Northern_Fulmar_0052_43857.jpg,45,0
2583,045.Northern_Fulmar/Northern_Fulmar_0028_43752.jpg,45,0
2588,045.Northern_Fulmar/Northern_Fulmar_0011_43769.jpg,45,0
2589,045.Northern_Fulmar/Northern_Fulmar_0018_43771.jpg,45,0
2590,046.Gadwall/Gadwall_0022_31616.jpg,46,0
2592,046.Gadwall/Gadwall_0019_30984.jpg,46,0
2596,046.Gadwall/Gadwall_0080_31747.jpg,46,0
2599,046.Gadwall/Gadwall_0040_31788.jpg,46,0
2600,046.Gadwall/Gadwall_0007_31537.jpg,46,0
2603,046.Gadwall/Gadwall_0004_31669.jpg,46,0
2604,046.Gadwall/Gadwall_0082_31301.jpg,46,0
2606,046.Gadwall/Gadwall_0079_31052.jpg,46,0
2607,046.Gadwall/Gadwall_0087_31821.jpg,46,0
2609,046.Gadwall/Gadwall_0014_31570.jpg,46,0
2610,046.Gadwall/Gadwall_0041_31064.jpg,46,0
2611,046.Gadwall/Gadwall_0092_31162.jpg,46,0
2613,046.Gadwall/Gadwall_0009_31847.jpg,46,0
2614,046.Gadwall/Gadwall_0088_31854.jpg,46,0
2617,046.Gadwall/Gadwall_0047_31360.jpg,46,0
2618,046.Gadwall/Gadwall_0028_31623.jpg,46,0
2619,046.Gadwall/Gadwall_0085_31171.jpg,46,0
2622,046.Gadwall/Gadwall_0059_31646.jpg,46,0
2624,046.Gadwall/Gadwall_0068_30886.jpg,46,0
2627,046.Gadwall/Gadwall_0093_30898.jpg,46,0
2628,046.Gadwall/Gadwall_0010_31158.jpg,46,0
2630,046.Gadwall/Gadwall_0095_30911.jpg,46,0
2631,046.Gadwall/Gadwall_0055_30912.jpg,46,0
2632,046.Gadwall/Gadwall_0065_31659.jpg,46,0
2633,046.Gadwall/Gadwall_0052_30915.jpg,46,0
2636,046.Gadwall/Gadwall_0050_31223.jpg,46,0
2640,046.Gadwall/Gadwall_0025_30933.jpg,46,0
2648,046.Gadwall/Gadwall_0027_30966.jpg,46,0
2650,047.American_Goldfinch/American_Goldfinch_0074_32265.jpg,47,0
2652,047.American_Goldfinch/American_Goldfinch_0136_32277.jpg,47,0
2653,047.American_Goldfinch/American_Goldfinch_0061_32281.jpg,47,0
2655,047.American_Goldfinch/American_Goldfinch_0084_32295.jpg,47,0
2657,047.American_Goldfinch/American_Goldfinch_0040_32323.jpg,47,0
2658,047.American_Goldfinch/American_Goldfinch_0018_32324.jpg,47,0
2660,047.American_Goldfinch/American_Goldfinch_0012_32338.jpg,47,0
2662,047.American_Goldfinch/American_Goldfinch_0115_32362.jpg,47,0
2669,047.American_Goldfinch/American_Goldfinch_0049_31889.jpg,47,0
2670,047.American_Goldfinch/American_Goldfinch_0082_31890.jpg,47,0
2671,047.American_Goldfinch/American_Goldfinch_0090_31893.jpg,47,0
2674,047.American_Goldfinch/American_Goldfinch_0036_31910.jpg,47,0
2675,047.American_Goldfinch/American_Goldfinch_0050_31913.jpg,47,0
2677,047.American_Goldfinch/American_Goldfinch_0032_31922.jpg,47,0
2678,047.American_Goldfinch/American_Goldfinch_0034_32371.jpg,47,0
2680,047.American_Goldfinch/American_Goldfinch_0116_31943.jpg,47,0
2681,047.American_Goldfinch/American_Goldfinch_0108_32974.jpg,47,0
2685,047.American_Goldfinch/American_Goldfinch_0042_31979.jpg,47,0
2689,047.American_Goldfinch/American_Goldfinch_0123_32505.jpg,47,0
2691,047.American_Goldfinch/American_Goldfinch_0131_32911.jpg,47,0
2693,047.American_Goldfinch/American_Goldfinch_0107_32618.jpg,47,0
2694,047.American_Goldfinch/American_Goldfinch_0022_32111.jpg,47,0
2695,047.American_Goldfinch/American_Goldfinch_0129_32625.jpg,47,0
2696,047.American_Goldfinch/American_Goldfinch_0064_32142.jpg,47,0
2703,047.American_Goldfinch/American_Goldfinch_0118_32210.jpg,47,0
2705,047.American_Goldfinch/American_Goldfinch_0029_32218.jpg,47,0
2707,047.American_Goldfinch/American_Goldfinch_0103_32225.jpg,47,0
2709,047.American_Goldfinch/American_Goldfinch_0105_32238.jpg,47,0
2710,048.European_Goldfinch/European_Goldfinch_0073_794633.jpg,48,0
2711,048.European_Goldfinch/European_Goldfinch_0104_794634.jpg,48,0
2712,048.European_Goldfinch/European_Goldfinch_0067_794637.jpg,48,0
2713,048.European_Goldfinch/European_Goldfinch_0017_794638.jpg,48,0
2715,048.European_Goldfinch/European_Goldfinch_0036_794642.jpg,48,0
2716,048.European_Goldfinch/European_Goldfinch_0040_794643.jpg,48,0
2717,048.European_Goldfinch/European_Goldfinch_0020_794644.jpg,48,0
2725,048.European_Goldfinch/European_Goldfinch_0048_794656.jpg,48,0
2727,048.European_Goldfinch/European_Goldfinch_0075_794660.jpg,48,0
2730,048.European_Goldfinch/European_Goldfinch_0058_794665.jpg,48,0
2731,048.European_Goldfinch/European_Goldfinch_0080_33322.jpg,48,0
2733,048.European_Goldfinch/European_Goldfinch_0092_794671.jpg,48,0
2735,048.European_Goldfinch/European_Goldfinch_0094_794673.jpg,48,0
2736,048.European_Goldfinch/European_Goldfinch_0022_794674.jpg,48,0
2737,048.European_Goldfinch/European_Goldfinch_0038_794675.jpg,48,0
2738,048.European_Goldfinch/European_Goldfinch_0047_33332.jpg,48,0
2740,048.European_Goldfinch/European_Goldfinch_0085_794682.jpg,48,0
2744,048.European_Goldfinch/European_Goldfinch_0077_33346.jpg,48,0
2746,048.European_Goldfinch/European_Goldfinch_0087_794693.jpg,48,0
2751,048.European_Goldfinch/European_Goldfinch_0070_33084.jpg,48,0
2752,048.European_Goldfinch/European_Goldfinch_0106_33298.jpg,48,0
2753,048.European_Goldfinch/European_Goldfinch_0037_33149.jpg,48,0
2760,048.European_Goldfinch/European_Goldfinch_0108_33176.jpg,48,0
2763,048.European_Goldfinch/European_Goldfinch_0011_794676.jpg,48,0
2765,048.European_Goldfinch/European_Goldfinch_0084_33147.jpg,48,0
2766,048.European_Goldfinch/European_Goldfinch_0034_33256.jpg,48,0
2767,048.European_Goldfinch/European_Goldfinch_0005_33263.jpg,48,0
2769,048.European_Goldfinch/European_Goldfinch_0089_33279.jpg,48,0
2770,049.Boat_tailed_Grackle/Boat_Tailed_Grackle_0096_33801.jpg,49,0
2773,049.Boat_tailed_Grackle/Boat_Tailed_Grackle_0116_33808.jpg,49,0
2774,049.Boat_tailed_Grackle/Boat_Tailed_Grackle_0066_33368.jpg,49,0
2776,049.Boat_tailed_Grackle/Boat_Tailed_Grackle_0095_33568.jpg,49,0
2778,049.Boat_tailed_Grackle/Boat_Tailed_Grackle_0075_33839.jpg,49,0
2780,049.Boat_tailed_Grackle/Boat_Tailed_Grackle_0060_33589.jpg,49,0
2782,049.Boat_tailed_Grackle/Boat_Tailed_Grackle_0051_33600.jpg,49,0
2783,049.Boat_tailed_Grackle/Boat_Tailed_Grackle_0004_33858.jpg,49,0
2784,049.Boat_tailed_Grackle/Boat_Tailed_Grackle_0083_33590.jpg,49,0
2789,049.Boat_tailed_Grackle/Boat_Tailed_Grackle_0087_33369.jpg,49,0
2790,049.Boat_tailed_Grackle/Boat_Tailed_Grackle_0009_33373.jpg,49,0
2792,049.Boat_tailed_Grackle/Boat_Tailed_Grackle_0054_33633.jpg,49,0
2796,049.Boat_tailed_Grackle/Boat_Tailed_Grackle_0024_33393.jpg,49,0
2799,049.Boat_tailed_Grackle/Boat_Tailed_Grackle_0108_33398.jpg,49,0
2801,049.Boat_tailed_Grackle/Boat_Tailed_Grackle_0052_33676.jpg,49,0
2802,049.Boat_tailed_Grackle/Boat_Tailed_Grackle_0049_33422.jpg,49,0
2803,049.Boat_tailed_Grackle/Boat_Tailed_Grackle_0065_33423.jpg,49,0
2804,049.Boat_tailed_Grackle/Boat_Tailed_Grackle_0069_33685.jpg,49,0
2806,049.Boat_tailed_Grackle/Boat_Tailed_Grackle_0088_33448.jpg,49,0
2807,049.Boat_tailed_Grackle/Boat_Tailed_Grackle_0099_33455.jpg,49,0
2810,049.Boat_tailed_Grackle/Boat_Tailed_Grackle_0101_33611.jpg,49,0
2812,049.Boat_tailed_Grackle/Boat_Tailed_Grackle_0014_33485.jpg,49,0
2813,049.Boat_tailed_Grackle/Boat_Tailed_Grackle_0012_33998.jpg,49,0
2818,049.Boat_tailed_Grackle/Boat_Tailed_Grackle_0035_33750.jpg,49,0
2822,049.Boat_tailed_Grackle/Boat_Tailed_Grackle_0091_33504.jpg,49,0
2824,049.Boat_tailed_Grackle/Boat_Tailed_Grackle_0122_34023.jpg,49,0
2826,049.Boat_tailed_Grackle/Boat_Tailed_Grackle_0055_33774.jpg,49,0
2829,049.Boat_tailed_Grackle/Boat_Tailed_Grackle_0105_33663.jpg,49,0
2830,050.Eared_Grebe/Eared_Grebe_0036_34048.jpg,50,0
2831,050.Eared_Grebe/Eared_Grebe_0065_34049.jpg,50,0
2834,050.Eared_Grebe/Eared_Grebe_0063_34054.jpg,50,0
2835,050.Eared_Grebe/Eared_Grebe_0071_34311.jpg,50,0
2836,050.Eared_Grebe/Eared_Grebe_0085_34063.jpg,50,0
2845,050.Eared_Grebe/Eared_Grebe_0049_34100.jpg,50,0
2846,050.Eared_Grebe/Eared_Grebe_0018_34357.jpg,50,0
2847,050.Eared_Grebe/Eared_Grebe_0084_34364.jpg,50,0
2848,050.Eared_Grebe/Eared_Grebe_0075_34115.jpg,50,0
2851,050.Eared_Grebe/Eared_Grebe_0042_34132.jpg,50,0
2852,050.Eared_Grebe/Eared_Grebe_0060_34133.jpg,50,0
2853,050.Eared_Grebe/Eared_Grebe_0035_34137.jpg,50,0
2858,050.Eared_Grebe/Eared_Grebe_0081_34153.jpg,50,0
2862,050.Eared_Grebe/Eared_Grebe_0037_34169.jpg,50,0
2863,050.Eared_Grebe/Eared_Grebe_0043_34427.jpg,50,0
2866,050.Eared_Grebe/Eared_Grebe_0048_34175.jpg,50,0
2867,050.Eared_Grebe/Eared_Grebe_0001_34433.jpg,50,0
2868,050.Eared_Grebe/Eared_Grebe_0069_34199.jpg,50,0
2869,050.Eared_Grebe/Eared_Grebe_0047_34204.jpg,50,0
2873,050.Eared_Grebe/Eared_Grebe_0054_34289.jpg,50,0
2874,050.Eared_Grebe/Eared_Grebe_0080_34223.jpg,50,0
2875,050.Eared_Grebe/Eared_Grebe_0082_34227.jpg,50,0
2878,050.Eared_Grebe/Eared_Grebe_0007_34236.jpg,50,0
2879,050.Eared_Grebe/Eared_Grebe_0074_34238.jpg,50,0
2880,050.Eared_Grebe/Eared_Grebe_0009_34244.jpg,50,0
2883,050.Eared_Grebe/Eared_Grebe_0039_34257.jpg,50,0
2885,050.Eared_Grebe/Eared_Grebe_0031_34262.jpg,50,0
2887,050.Eared_Grebe/Eared_Grebe_0057_34274.jpg,50,0
2893,051.Horned_Grebe/Horned_Grebe_0058_34568.jpg,51,0
2897,051.Horned_Grebe/Horned_Grebe_0077_34587.jpg,51,0
2898,051.Horned_Grebe/Horned_Grebe_0057_34590.jpg,51,0
2900,051.Horned_Grebe/Horned_Grebe_0071_35078.jpg,51,0
2901,051.Horned_Grebe/Horned_Grebe_0106_35112.jpg,51,0
2902,051.Horned_Grebe/Horned_Grebe_0045_34859.jpg,51,0
2904,051.Horned_Grebe/Horned_Grebe_0061_34613.jpg,51,0
2906,051.Horned_Grebe/Horned_Grebe_0051_35143.jpg,51,0
2908,051.Horned_Grebe/Horned_Grebe_0067_34654.jpg,51,0
2909,051.Horned_Grebe/Horned_Grebe_0005_34657.jpg,51,0
2915,051.Horned_Grebe/Horned_Grebe_0009_34952.jpg,51,0
2917,051.Horned_Grebe/Horned_Grebe_0096_34452.jpg,51,0
2918,051.Horned_Grebe/Horned_Grebe_0063_34966.jpg,51,0
2919,051.Horned_Grebe/Horned_Grebe_0014_34968.jpg,51,0
2920,051.Horned_Grebe/Horned_Grebe_0085_34713.jpg,51,0
2921,051.Horned_Grebe/Horned_Grebe_0100_34462.jpg,51,0
2923,051.Horned_Grebe/Horned_Grebe_0001_34723.jpg,51,0
2924,051.Horned_Grebe/Horned_Grebe_0082_34725.jpg,51,0
2926,051.Horned_Grebe/Horned_Grebe_0010_34716.jpg,51,0
2929,051.Horned_Grebe/Horned_Grebe_0069_34990.jpg,51,0
2934,051.Horned_Grebe/Horned_Grebe_0095_34491.jpg,51,0
2935,051.Horned_Grebe/Horned_Grebe_0110_35012.jpg,51,0
2936,051.Horned_Grebe/Horned_Grebe_0064_35015.jpg,51,0
2938,051.Horned_Grebe/Horned_Grebe_0053_34512.jpg,51,0
2940,051.Horned_Grebe/Horned_Grebe_0008_34515.jpg,51,0
2941,051.Horned_Grebe/Horned_Grebe_0114_34517.jpg,51,0
2942,051.Horned_Grebe/Horned_Grebe_0062_34523.jpg,51,0
2949,051.Horned_Grebe/Horned_Grebe_0029_34557.jpg,51,0
2951,052.Pied_billed_Grebe/Pied_Billed_Grebe_0038_35798.jpg,52,0
2952,052.Pied_billed_Grebe/Pied_Billed_Grebe_0037_35598.jpg,52,0
2957,052.Pied_billed_Grebe/Pied_Billed_Grebe_0013_35882.jpg,52,0
2959,052.Pied_billed_Grebe/Pied_Billed_Grebe_0071_35386.jpg,52,0
2960,052.Pied_billed_Grebe/Pied_Billed_Grebe_0007_35399.jpg,52,0
2961,052.Pied_billed_Grebe/Pied_Billed_Grebe_0040_35981.jpg,52,0
2963,052.Pied_billed_Grebe/Pied_Billed_Grebe_0078_35410.jpg,52,0
2965,052.Pied_billed_Grebe/Pied_Billed_Grebe_0106_35418.jpg,52,0
2967,052.Pied_billed_Grebe/Pied_Billed_Grebe_0004_35808.jpg,52,0
2968,052.Pied_billed_Grebe/Pied_Billed_Grebe_0014_35424.jpg,52,0
2971,052.Pied_billed_Grebe/Pied_Billed_Grebe_0023_35687.jpg,52,0
2974,052.Pied_billed_Grebe/Pied_Billed_Grebe_0053_35262.jpg,52,0
2975,052.Pied_billed_Grebe/Pied_Billed_Grebe_0020_35958.jpg,52,0
2977,052.Pied_billed_Grebe/Pied_Billed_Grebe_0045_35962.jpg,52,0
2979,052.Pied_billed_Grebe/Pied_Billed_Grebe_0065_35713.jpg,52,0
2981,052.Pied_billed_Grebe/Pied_Billed_Grebe_0101_35464.jpg,52,0
2982,052.Pied_billed_Grebe/Pied_Billed_Grebe_0067_35465.jpg,52,0
2983,052.Pied_billed_Grebe/Pied_Billed_Grebe_0084_35863.jpg,52,0
2984,052.Pied_billed_Grebe/Pied_Billed_Grebe_0049_35980.jpg,52,0
2988,052.Pied_billed_Grebe/Pied_Billed_Grebe_0041_35224.jpg,52,0
2991,052.Pied_billed_Grebe/Pied_Billed_Grebe_0095_35496.jpg,52,0
2992,052.Pied_billed_Grebe/Pied_Billed_Grebe_0030_35498.jpg,52,0
2993,052.Pied_billed_Grebe/Pied_Billed_Grebe_0055_35502.jpg,52,0
2995,052.Pied_billed_Grebe/Pied_Billed_Grebe_0059_35507.jpg,52,0
3001,052.Pied_billed_Grebe/Pied_Billed_Grebe_0091_35276.jpg,52,0
3005,052.Pied_billed_Grebe/Pied_Billed_Grebe_0073_35553.jpg,52,0
3006,052.Pied_billed_Grebe/Pied_Billed_Grebe_0062_35955.jpg,52,0
3007,052.Pied_billed_Grebe/Pied_Billed_Grebe_0056_35623.jpg,52,0
3011,053.Western_Grebe/Western_Grebe_0077_36355.jpg,53,0
3012,053.Western_Grebe/Western_Grebe_0064_36613.jpg,53,0
3013,053.Western_Grebe/Western_Grebe_0038_36363.jpg,53,0
3015,053.Western_Grebe/Western_Grebe_0102_36116.jpg,53,0
3018,053.Western_Grebe/Western_Grebe_0029_36379.jpg,53,0
3019,053.Western_Grebe/Western_Grebe_0013_36383.jpg,53,0
3021,053.Western_Grebe/Western_Grebe_0033_36395.jpg,53,0
3022,053.Western_Grebe/Western_Grebe_0048_36399.jpg,53,0
3025,053.Western_Grebe/Western_Grebe_0089_36154.jpg,53,0
3029,053.Western_Grebe/Western_Grebe_0104_36164.jpg,53,0
3032,053.Western_Grebe/Western_Grebe_0081_36578.jpg,53,0
3034,053.Western_Grebe/Western_Grebe_0090_36182.jpg,53,0
3039,053.Western_Grebe/Western_Grebe_0091_36194.jpg,53,0
3045,053.Western_Grebe/Western_Grebe_0009_36477.jpg,53,0
3050,053.Western_Grebe/Western_Grebe_0083_36033.jpg,53,0
3051,053.Western_Grebe/Western_Grebe_0020_36241.jpg,53,0
3053,053.Western_Grebe/Western_Grebe_0051_36249.jpg,53,0
3055,053.Western_Grebe/Western_Grebe_0106_36509.jpg,53,0
3056,053.Western_Grebe/Western_Grebe_0043_36183.jpg,53,0
3057,053.Western_Grebe/Western_Grebe_0103_36515.jpg,53,0
3058,053.Western_Grebe/Western_Grebe_0002_36518.jpg,53,0
3059,053.Western_Grebe/Western_Grebe_0036_36521.jpg,53,0
3060,053.Western_Grebe/Western_Grebe_0011_36522.jpg,53,0
3061,053.Western_Grebe/Western_Grebe_0071_36536.jpg,53,0
3062,053.Western_Grebe/Western_Grebe_0021_36282.jpg,53,0
3063,053.Western_Grebe/Western_Grebe_0105_36542.jpg,53,0
3064,053.Western_Grebe/Western_Grebe_0042_36035.jpg,53,0
3067,053.Western_Grebe/Western_Grebe_0049_36219.jpg,53,0
3071,054.Blue_Grosbeak/Blue_Grosbeak_0061_36633.jpg,54,0
3072,054.Blue_Grosbeak/Blue_Grosbeak_0078_36655.jpg,54,0
3074,054.Blue_Grosbeak/Blue_Grosbeak_0074_37155.jpg,54,0
3075,054.Blue_Grosbeak/Blue_Grosbeak_0042_36742.jpg,54,0
3076,054.Blue_Grosbeak/Blue_Grosbeak_0025_36646.jpg,54,0
3078,054.Blue_Grosbeak/Blue_Grosbeak_0109_36914.jpg,54,0
3080,054.Blue_Grosbeak/Blue_Grosbeak_0041_37174.jpg,54,0
3083,054.Blue_Grosbeak/Blue_Grosbeak_0112_36679.jpg,54,0
3084,054.Blue_Grosbeak/Blue_Grosbeak_0024_36680.jpg,54,0
3087,054.Blue_Grosbeak/Blue_Grosbeak_0071_36948.jpg,54,0
3090,054.Blue_Grosbeak/Blue_Grosbeak_0075_36963.jpg,54,0
3091,054.Blue_Grosbeak/Blue_Grosbeak_0014_36708.jpg,54,0
3097,054.Blue_Grosbeak/Blue_Grosbeak_0104_36984.jpg,54,0
3098,054.Blue_Grosbeak/Blue_Grosbeak_0015_36985.jpg,54,0
3099,054.Blue_Grosbeak/Blue_Grosbeak_0106_36986.jpg,54,0
3100,054.Blue_Grosbeak/Blue_Grosbeak_0085_36990.jpg,54,0
3101,054.Blue_Grosbeak/Blue_Grosbeak_0082_36991.jpg,54,0
3105,054.Blue_Grosbeak/Blue_Grosbeak_0019_37205.jpg,54,0
3107,054.Blue_Grosbeak/Blue_Grosbeak_0095_37007.jpg,54,0
3108,054.Blue_Grosbeak/Blue_Grosbeak_0027_36703.jpg,54,0
3110,054.Blue_Grosbeak/Blue_Grosbeak_0081_37034.jpg,54,0
3111,054.Blue_Grosbeak/Blue_Grosbeak_0087_36780.jpg,54,0
3112,054.Blue_Grosbeak/Blue_Grosbeak_0048_36809.jpg,54,0
3116,054.Blue_Grosbeak/Blue_Grosbeak_0097_37067.jpg,54,0
3118,054.Blue_Grosbeak/Blue_Grosbeak_0022_37082.jpg,54,0
3127,054.Blue_Grosbeak/Blue_Grosbeak_0057_37116.jpg,54,0
3128,054.Blue_Grosbeak/Blue_Grosbeak_0016_36862.jpg,54,0
3129,054.Blue_Grosbeak/Blue_Grosbeak_0046_37119.jpg,54,0
3130,055.Evening_Grosbeak/Evening_Grosbeak_0120_37378.jpg,55,0
3131,055.Evening_Grosbeak/Evening_Grosbeak_0017_37379.jpg,55,0
3133,055.Evening_Grosbeak/Evening_Grosbeak_0141_37398.jpg,55,0
3136,055.Evening_Grosbeak/Evening_Grosbeak_0063_37409.jpg,55,0
3137,055.Evening_Grosbeak/Evening_Grosbeak_0028_37410.jpg,55,0
3138,055.Evening_Grosbeak/Evening_Grosbeak_0114_37416.jpg,55,0
3140,055.Evening_Grosbeak/Evening_Grosbeak_0040_37429.jpg,55,0
3144,055.Evening_Grosbeak/Evening_Grosbeak_0004_37960.jpg,55,0
3146,055.Evening_Grosbeak/Evening_Grosbeak_0036_37978.jpg,55,0
3148,055.Evening_Grosbeak/Evening_Grosbeak_0085_37487.jpg,55,0
3150,055.Evening_Grosbeak/Evening_Grosbeak_0053_38005.jpg,55,0
3151,055.Evening_Grosbeak/Evening_Grosbeak_0007_37312.jpg,55,0
3153,055.Evening_Grosbeak/Evening_Grosbeak_0061_38026.jpg,55,0
3154,055.Evening_Grosbeak/Evening_Grosbeak_0098_37532.jpg,55,0
3155,055.Evening_Grosbeak/Evening_Grosbeak_0086_38048.jpg,55,0
3156,055.Evening_Grosbeak/Evening_Grosbeak_0078_38051.jpg,55,0
3162,055.Evening_Grosbeak/Evening_Grosbeak_0077_38160.jpg,55,0
3168,055.Evening_Grosbeak/Evening_Grosbeak_0090_37225.jpg,55,0
3169,055.Evening_Grosbeak/Evening_Grosbeak_0038_37228.jpg,55,0
3170,055.Evening_Grosbeak/Evening_Grosbeak_0025_37230.jpg,55,0
3171,055.Evening_Grosbeak/Evening_Grosbeak_0015_37238.jpg,55,0
3172,055.Evening_Grosbeak/Evening_Grosbeak_0031_37239.jpg,55,0
3176,055.Evening_Grosbeak/Evening_Grosbeak_0021_37789.jpg,55,0
3179,055.Evening_Grosbeak/Evening_Grosbeak_0118_37299.jpg,55,0
3182,055.Evening_Grosbeak/Evening_Grosbeak_0076_37818.jpg,55,0
3184,055.Evening_Grosbeak/Evening_Grosbeak_0129_37831.jpg,55,0
3185,055.Evening_Grosbeak/Evening_Grosbeak_0005_37331.jpg,55,0
3186,055.Evening_Grosbeak/Evening_Grosbeak_0050_37336.jpg,55,0
3190,056.Pine_Grosbeak/Pine_Grosbeak_0039_38400.jpg,56,0
3191,056.Pine_Grosbeak/Pine_Grosbeak_0094_38912.jpg,56,0
3192,056.Pine_Grosbeak/Pine_Grosbeak_0024_38403.jpg,56,0
3193,056.Pine_Grosbeak/Pine_Grosbeak_0077_38929.jpg,56,0
3195,056.Pine_Grosbeak/Pine_Grosbeak_0056_38940.jpg,56,0
3198,056.Pine_Grosbeak/Pine_Grosbeak_0042_38432.jpg,56,0
3201,056.Pine_Grosbeak/Pine_Grosbeak_0096_38441.jpg,56,0
3204,056.Pine_Grosbeak/Pine_Grosbeak_0109_38451.jpg,56,0
3211,056.Pine_Grosbeak/Pine_Grosbeak_0032_38473.jpg,56,0
3216,056.Pine_Grosbeak/Pine_Grosbeak_0029_38995.jpg,56,0
3219,056.Pine_Grosbeak/Pine_Grosbeak_0016_38743.jpg,56,0
3220,056.Pine_Grosbeak/Pine_Grosbeak_0106_38218.jpg,56,0
3222,056.Pine_Grosbeak/Pine_Grosbeak_0083_38508.jpg,56,0
3223,056.Pine_Grosbeak/Pine_Grosbeak_0044_38766.jpg,56,0
3225,056.Pine_Grosbeak/Pine_Grosbeak_0067_38524.jpg,56,0
3226,056.Pine_Grosbeak/Pine_Grosbeak_0055_38730.jpg,56,0
3227,056.Pine_Grosbeak/Pine_Grosbeak_0046_38275.jpg,56,0
3228,056.Pine_Grosbeak/Pine_Grosbeak_0108_38281.jpg,56,0
3230,056.Pine_Grosbeak/Pine_Grosbeak_0052_38804.jpg,56,0
3231,056.Pine_Grosbeak/Pine_Grosbeak_0053_38805.jpg,56,0
3233,056.Pine_Grosbeak/Pine_Grosbeak_0091_38811.jpg,56,0
3239,056.Pine_Grosbeak/Pine_Grosbeak_0034_38987.jpg,56,0
3242,056.Pine_Grosbeak/Pine_Grosbeak_0009_38609.jpg,56,0
3243,056.Pine_Grosbeak/Pine_Grosbeak_0075_38619.jpg,56,0
3244,056.Pine_Grosbeak/Pine_Grosbeak_0018_38374.jpg,56,0
3246,056.Pine_Grosbeak/Pine_Grosbeak_0021_38382.jpg,56,0
3247,056.Pine_Grosbeak/Pine_Grosbeak_0014_38398.jpg,56,0
3249,056.Pine_Grosbeak/Pine_Grosbeak_0004_38396.jpg,56,0
3251,057.Rose_breasted_Grosbeak/Rose_Breasted_Grosbeak_0008_39481.jpg,57,0
3252,057.Rose_breasted_Grosbeak/Rose_Breasted_Grosbeak_0045_39489.jpg,57,0
3253,057.Rose_breasted_Grosbeak/Rose_Breasted_Grosbeak_0101_39495.jpg,57,0
3254,057.Rose_breasted_Grosbeak/Rose_Breasted_Grosbeak_0108_39000.jpg,57,0
3257,057.Rose_breasted_Grosbeak/Rose_Breasted_Grosbeak_0014_39037.jpg,57,0
3258,057.Rose_breasted_Grosbeak/Rose_Breasted_Grosbeak_0052_39044.jpg,57,0
3259,057.Rose_breasted_Grosbeak/Rose_Breasted_Grosbeak_0059_39045.jpg,57,0
3264,057.Rose_breasted_Grosbeak/Rose_Breasted_Grosbeak_0117_39601.jpg,57,0
3267,057.Rose_breasted_Grosbeak/Rose_Breasted_Grosbeak_0033_39290.jpg,57,0
3269,057.Rose_breasted_Grosbeak/Rose_Breasted_Grosbeak_0004_39143.jpg,57,0
3273,057.Rose_breasted_Grosbeak/Rose_Breasted_Grosbeak_0055_39154.jpg,57,0
3276,057.Rose_breasted_Grosbeak/Rose_Breasted_Grosbeak_0040_39689.jpg,57,0
3280,057.Rose_breasted_Grosbeak/Rose_Breasted_Grosbeak_0026_39191.jpg,57,0
3282,057.Rose_breasted_Grosbeak/Rose_Breasted_Grosbeak_0128_39204.jpg,57,0
3284,057.Rose_breasted_Grosbeak/Rose_Breasted_Grosbeak_0089_39211.jpg,57,0
3285,057.Rose_breasted_Grosbeak/Rose_Breasted_Grosbeak_0018_39731.jpg,57,0
3287,057.Rose_breasted_Grosbeak/Rose_Breasted_Grosbeak_0003_39223.jpg,57,0
3290,057.Rose_breasted_Grosbeak/Rose_Breasted_Grosbeak_0010_39238.jpg,57,0
3291,057.Rose_breasted_Grosbeak/Rose_Breasted_Grosbeak_0025_39252.jpg,57,0
3292,057.Rose_breasted_Grosbeak/Rose_Breasted_Grosbeak_0069_39254.jpg,57,0
3294,057.Rose_breasted_Grosbeak/Rose_Breasted_Grosbeak_0032_39772.jpg,57,0
3295,057.Rose_breasted_Grosbeak/Rose_Breasted_Grosbeak_0016_39265.jpg,57,0
3296,057.Rose_breasted_Grosbeak/Rose_Breasted_Grosbeak_0028_39271.jpg,57,0
3299,057.Rose_breasted_Grosbeak/Rose_Breasted_Grosbeak_0087_39280.jpg,57,0
3301,057.Rose_breasted_Grosbeak/Rose_Breasted_Grosbeak_0122_39284.jpg,57,0
3302,057.Rose_breasted_Grosbeak/Rose_Breasted_Grosbeak_0051_39798.jpg,57,0
3305,057.Rose_breasted_Grosbeak/Rose_Breasted_Grosbeak_0126_39361.jpg,57,0
3307,057.Rose_breasted_Grosbeak/Rose_Breasted_Grosbeak_0110_39373.jpg,57,0
3312,058.Pigeon_Guillemot/Pigeon_Guillemot_0012_40236.jpg,58,0
3313,058.Pigeon_Guillemot/Pigeon_Guillemot_0062_39853.jpg,58,0
3315,058.Pigeon_Guillemot/Pigeon_Guillemot_0071_40216.jpg,58,0
3317,058.Pigeon_Guillemot/Pigeon_Guillemot_0009_40218.jpg,58,0
3318,058.Pigeon_Guillemot/Pigeon_Guillemot_0015_40232.jpg,58,0
3319,058.Pigeon_Guillemot/Pigeon_Guillemot_0108_40235.jpg,58,0
3321,058.Pigeon_Guillemot/Pigeon_Guillemot_0003_39986.jpg,58,0
3322,058.Pigeon_Guillemot/Pigeon_Guillemot_0096_39995.jpg,58,0
3323,058.Pigeon_Guillemot/Pigeon_Guillemot_0013_40253.jpg,58,0
3327,058.Pigeon_Guillemot/Pigeon_Guillemot_0040_40270.jpg,58,0
3328,058.Pigeon_Guillemot/Pigeon_Guillemot_0023_39829.jpg,58,0
3329,058.Pigeon_Guillemot/Pigeon_Guillemot_0042_40281.jpg,58,0
3330,058.Pigeon_Guillemot/Pigeon_Guillemot_0082_40290.jpg,58,0
3331,058.Pigeon_Guillemot/Pigeon_Guillemot_0038_40035.jpg,58,0
3342,058.Pigeon_Guillemot/Pigeon_Guillemot_0030_40089.jpg,58,0
3344,058.Pigeon_Guillemot/Pigeon_Guillemot_0043_39861.jpg,58,0
3350,058.Pigeon_Guillemot/Pigeon_Guillemot_0109_39872.jpg,58,0
3351,058.Pigeon_Guillemot/Pigeon_Guillemot_0057_40130.jpg,58,0
3353,058.Pigeon_Guillemot/Pigeon_Guillemot_0079_40389.jpg,58,0
3354,058.Pigeon_Guillemot/Pigeon_Guillemot_0052_40137.jpg,58,0
3356,058.Pigeon_Guillemot/Pigeon_Guillemot_0029_39889.jpg,58,0
3357,058.Pigeon_Guillemot/Pigeon_Guillemot_0037_40149.jpg,58,0
3358,058.Pigeon_Guillemot/Pigeon_Guillemot_0007_40313.jpg,58,0
3361,058.Pigeon_Guillemot/Pigeon_Guillemot_0075_40159.jpg,58,0
3364,058.Pigeon_Guillemot/Pigeon_Guillemot_0100_40179.jpg,58,0
3367,058.Pigeon_Guillemot/Pigeon_Guillemot_0011_39935.jpg,58,0
3368,059.California_Gull/California_Gull_0131_40963.jpg,59,0
3372,059.California_Gull/California_Gull_0102_40986.jpg,59,0
3376,059.California_Gull/California_Gull_0039_41034.jpg,59,0
3377,059.California_Gull/California_Gull_0034_41548.jpg,59,0
3378,059.California_Gull/California_Gull_0078_41550.jpg,59,0
3379,059.California_Gull/California_Gull_0086_41040.jpg,59,0
3383,059.California_Gull/California_Gull_0110_41063.jpg,59,0
3384,059.California_Gull/California_Gull_0037_41066.jpg,59,0
3386,059.California_Gull/California_Gull_0027_41083.jpg,59,0
3391,059.California_Gull/California_Gull_0101_41140.jpg,59,0
3393,059.California_Gull/California_Gull_0028_40666.jpg,59,0
3399,059.California_Gull/California_Gull_0089_40716.jpg,59,0
3400,059.California_Gull/California_Gull_0010_40735.jpg,59,0
3403,059.California_Gull/California_Gull_0117_41292.jpg,59,0
3404,059.California_Gull/California_Gull_0088_41296.jpg,59,0
3406,059.California_Gull/California_Gull_0001_40786.jpg,59,0
3408,059.California_Gull/California_Gull_0081_41318.jpg,59,0
3409,059.California_Gull/California_Gull_0091_41276.jpg,59,0
3410,059.California_Gull/California_Gull_0043_41326.jpg,59,0
3411,059.California_Gull/California_Gull_0123_41330.jpg,59,0
3413,059.California_Gull/California_Gull_0132_40836.jpg,59,0
3414,059.California_Gull/California_Gull_0030_41354.jpg,59,0
3416,059.California_Gull/California_Gull_0058_40858.jpg,59,0
3417,059.California_Gull/California_Gull_0038_40865.jpg,59,0
3418,059.California_Gull/California_Gull_0054_40871.jpg,59,0
3419,059.California_Gull/California_Gull_0026_41386.jpg,59,0
3420,059.California_Gull/California_Gull_0014_40880.jpg,59,0
3421,059.California_Gull/California_Gull_0087_40909.jpg,59,0
3428,060.Glaucous_winged_Gull/Glaucous_Winged_Gull_0136_45059.jpg,60,0
3433,060.Glaucous_winged_Gull/Glaucous_Winged_Gull_0035_44576.jpg,60,0
3434,060.Glaucous_winged_Gull/Glaucous_Winged_Gull_0118_2081.jpg,60,0
3436,060.Glaucous_winged_Gull/Glaucous_Winged_Gull_0102_44579.jpg,60,0
3442,060.Glaucous_winged_Gull/Glaucous_Winged_Gull_0112_44731.jpg,60,0
3444,060.Glaucous_winged_Gull/Glaucous_Winged_Gull_0056_44658.jpg,60,0
3445,060.Glaucous_winged_Gull/Glaucous_Winged_Gull_0124_44663.jpg,60,0
3446,060.Glaucous_winged_Gull/Glaucous_Winged_Gull_0066_44669.jpg,60,0
3448,060.Glaucous_winged_Gull/Glaucous_Winged_Gull_0094_44696.jpg,60,0
3449,060.Glaucous_winged_Gull/Glaucous_Winged_Gull_0130_45210.jpg,60,0
3450,060.Glaucous_winged_Gull/Glaucous_Winged_Gull_0015_44198.jpg,60,0
3452,060.Glaucous_winged_Gull/Glaucous_Winged_Gull_0017_45224.jpg,60,0
3454,060.Glaucous_winged_Gull/Glaucous_Winged_Gull_0038_44719.jpg,60,0
3455,060.Glaucous_winged_Gull/Glaucous_Winged_Gull_0116_45236.jpg,60,0
3457,060.Glaucous_winged_Gull/Glaucous_Winged_Gull_0022_44733.jpg,60,0
3461,060.Glaucous_winged_Gull/Glaucous_Winged_Gull_0076_44744.jpg,60,0
3465,060.Glaucous_winged_Gull/Glaucous_Winged_Gull_0084_44775.jpg,60,0
3469,060.Glaucous_winged_Gull/Glaucous_Winged_Gull_0117_44298.jpg,60,0
3470,060.Glaucous_winged_Gull/Glaucous_Winged_Gull_0011_44827.jpg,60,0
3472,060.Glaucous_winged_Gull/Glaucous_Winged_Gull_0090_44836.jpg,60,0
3474,060.Glaucous_winged_Gull/Glaucous_Winged_Gull_0061_44852.jpg,60,0
3475,060.Glaucous_winged_Gull/Glaucous_Winged_Gull_0111_44856.jpg,60,0
3477,060.Glaucous_winged_Gull/Glaucous_Winged_Gull_0004_44361.jpg,60,0
3478,060.Glaucous_winged_Gull/Glaucous_Winged_Gull_0053_44881.jpg,60,0
3480,060.Glaucous_winged_Gull/Glaucous_Winged_Gull_0013_44381.jpg,60,0
3483,060.Glaucous_winged_Gull/Glaucous_Winged_Gull_0075_44455.jpg,60,0
3485,060.Glaucous_winged_Gull/Glaucous_Winged_Gull_0082_44528.jpg,60,0
3487,061.Heermann_Gull/Heermann_Gull_0093_45576.jpg,61,0
3489,061.Heermann_Gull/Heermann_Gull_0018_45608.jpg,61,0
3490,061.Heermann_Gull/Heermann_Gull_0109_45619.jpg,61,0
3491,061.Heermann_Gull/Heermann_Gull_0051_45622.jpg,61,0
3492,061.Heermann_Gull/Heermann_Gull_0118_45626.jpg,61,0
3495,061.Heermann_Gull/Heermann_Gull_0111_45652.jpg,61,0
3496,061.Heermann_Gull/Heermann_Gull_0087_45658.jpg,61,0
3499,061.Heermann_Gull/Heermann_Gull_0023_45686.jpg,61,0
3500,061.Heermann_Gull/Heermann_Gull_0034_45693.jpg,61,0
3505,061.Heermann_Gull/Heermann_Gull_0071_45735.jpg,61,0
3511,061.Heermann_Gull/Heermann_Gull_0013_45771.jpg,61,0
3513,061.Heermann_Gull/Heermann_Gull_0138_45269.jpg,61,0
3514,061.Heermann_Gull/Heermann_Gull_0097_45783.jpg,61,0
3515,061.Heermann_Gull/Heermann_Gull_0033_45792.jpg,61,0
3519,061.Heermann_Gull/Heermann_Gull_0075_45295.jpg,61,0
3521,061.Heermann_Gull/Heermann_Gull_0031_45822.jpg,61,0
3522,061.Heermann_Gull/Heermann_Gull_0090_45834.jpg,61,0
3525,061.Heermann_Gull/Heermann_Gull_0074_45351.jpg,61,0
3526,061.Heermann_Gull/Heermann_Gull_0027_45864.jpg,61,0
3527,061.Heermann_Gull/Heermann_Gull_0091_45363.jpg,61,0
3528,061.Heermann_Gull/Heermann_Gull_0083_45879.jpg,61,0
3529,061.Heermann_Gull/Heermann_Gull_0121_45375.jpg,61,0
3530,061.Heermann_Gull/Heermann_Gull_0046_45888.jpg,61,0
3531,061.Heermann_Gull/Heermann_Gull_0055_45901.jpg,61,0
3536,061.Heermann_Gull/Heermann_Gull_0133_45415.jpg,61,0
3538,061.Heermann_Gull/Heermann_Gull_0004_45936.jpg,61,0
3541,061.Heermann_Gull/Heermann_Gull_0110_45968.jpg,61,0
3543,061.Heermann_Gull/Heermann_Gull_0001_45472.jpg,61,0
3547,062.Herring_Gull/Herring_Gull_0049_46508.jpg,62,0
3548,062.Herring_Gull/Herring_Gull_0037_48655.jpg,62,0
3549,062.Herring_Gull/Herring_Gull_0115_47123.jpg,62,0
3550,062.Herring_Gull/Herring_Gull_0070_46615.jpg,62,0
3552,062.Herring_Gull/Herring_Gull_0083_48674.jpg,62,0
3554,062.Herring_Gull/Herring_Gull_0012_46654.jpg,62,0
3556,062.Herring_Gull/Herring_Gull_0001_48205.jpg,62,0
3557,062.Herring_Gull/Herring_Gull_0078_48718.jpg,62,0
3562,062.Herring_Gull/Herring_Gull_0071_48751.jpg,62,0
3566,062.Herring_Gull/Herring_Gull_0145_46220.jpg,62,0
3568,062.Herring_Gull/Herring_Gull_0120_48822.jpg,62,0
3570,062.Herring_Gull/Herring_Gull_0056_46783.jpg,62,0
3573,062.Herring_Gull/Herring_Gull_0080_46806.jpg,62,0
3576,062.Herring_Gull/Herring_Gull_0087_47841.jpg,62,0
3577,062.Herring_Gull/Herring_Gull_0098_46971.jpg,62,0
3579,062.Herring_Gull/Herring_Gull_0045_46845.jpg,62,0
3580,062.Herring_Gull/Herring_Gull_0015_46353.jpg,62,0
3581,062.Herring_Gull/Herring_Gull_0058_47383.jpg,62,0
3582,062.Herring_Gull/Herring_Gull_0132_47395.jpg,62,0
3584,062.Herring_Gull/Herring_Gull_0027_46389.jpg,62,0
3585,062.Herring_Gull/Herring_Gull_0068_46392.jpg,62,0
3592,062.Herring_Gull/Herring_Gull_0055_47994.jpg,62,0
3593,062.Herring_Gull/Herring_Gull_0076_47497.jpg,62,0
3596,062.Herring_Gull/Herring_Gull_0061_46501.jpg,62,0
3600,062.Herring_Gull/Herring_Gull_0082_47540.jpg,62,0
3601,062.Herring_Gull/Herring_Gull_0016_48969.jpg,62,0
3603,062.Herring_Gull/Herring_Gull_0093_46029.jpg,62,0
3604,062.Herring_Gull/Herring_Gull_0102_48078.jpg,62,0
3607,063.Ivory_Gull/Ivory_Gull_0110_49408.jpg,63,0
3613,063.Ivory_Gull/Ivory_Gull_0010_49169.jpg,63,0
3615,063.Ivory_Gull/Ivory_Gull_0088_49177.jpg,63,0
3619,063.Ivory_Gull/Ivory_Gull_0085_49456.jpg,63,0
3622,063.Ivory_Gull/Ivory_Gull_0118_49191.jpg,63,0
3623,063.Ivory_Gull/Ivory_Gull_0024_49195.jpg,63,0
3624,063.Ivory_Gull/Ivory_Gull_0086_49532.jpg,63,0
3626,063.Ivory_Gull/Ivory_Gull_0087_49202.jpg,63,0
3627,063.Ivory_Gull/Ivory_Gull_0062_49722.jpg,63,0
3631,063.Ivory_Gull/Ivory_Gull_0092_49996.jpg,63,0
3632,063.Ivory_Gull/Ivory_Gull_0080_49748.jpg,63,0
3633,063.Ivory_Gull/Ivory_Gull_0014_48983.jpg,63,0
3636,063.Ivory_Gull/Ivory_Gull_0050_49245.jpg,63,0
3638,063.Ivory_Gull/Ivory_Gull_0004_49019.jpg,63,0
3639,063.Ivory_Gull/Ivory_Gull_0002_49788.jpg,63,0
3641,063.Ivory_Gull/Ivory_Gull_0101_49790.jpg,63,0
3642,063.Ivory_Gull/Ivory_Gull_0114_49535.jpg,63,0
3643,063.Ivory_Gull/Ivory_Gull_0073_49287.jpg,63,0
3644,063.Ivory_Gull/Ivory_Gull_0038_49298.jpg,63,0
3646,063.Ivory_Gull/Ivory_Gull_0018_49988.jpg,63,0
3648,063.Ivory_Gull/Ivory_Gull_0077_49051.jpg,63,0
3649,063.Ivory_Gull/Ivory_Gull_0093_49052.jpg,63,0
3651,063.Ivory_Gull/Ivory_Gull_0032_49322.jpg,63,0
3654,063.Ivory_Gull/Ivory_Gull_0108_49356.jpg,63,0
3656,063.Ivory_Gull/Ivory_Gull_0007_49364.jpg,63,0
3659,063.Ivory_Gull/Ivory_Gull_0026_49466.jpg,63,0
3664,063.Ivory_Gull/Ivory_Gull_0071_49402.jpg,63,0
3666,063.Ivory_Gull/Ivory_Gull_0064_49406.jpg,63,0
3667,064.Ring_billed_Gull/Ring_Billed_Gull_0013_50180.jpg,64,0
3668,064.Ring_billed_Gull/Ring_Billed_Gull_0079_51206.jpg,64,0
3669,064.Ring_billed_Gull/Ring_Billed_Gull_0039_50191.jpg,64,0
3673,064.Ring_billed_Gull/Ring_Billed_Gull_0045_50215.jpg,64,0
3677,064.Ring_billed_Gull/Ring_Billed_Gull_0044_50239.jpg,64,0
3679,064.Ring_billed_Gull/Ring_Billed_Gull_0034_51270.jpg,64,0
3680,064.Ring_billed_Gull/Ring_Billed_Gull_0038_51275.jpg,64,0
3682,064.Ring_billed_Gull/Ring_Billed_Gull_0085_51292.jpg,64,0
3683,064.Ring_billed_Gull/Ring_Billed_Gull_0021_51300.jpg,64,0
3684,064.Ring_billed_Gull/Ring_Billed_Gull_0009_51301.jpg,64,0
3685,064.Ring_billed_Gull/Ring_Billed_Gull_0093_51303.jpg,64,0
3686,064.Ring_billed_Gull/Ring_Billed_Gull_0107_51306.jpg,64,0
3688,064.Ring_billed_Gull/Ring_Billed_Gull_0057_51315.jpg,64,0
3691,064.Ring_billed_Gull/Ring_Billed_Gull_0089_51348.jpg,64,0
3696,064.Ring_billed_Gull/Ring_Billed_Gull_0115_51891.jpg,64,0
3699,064.Ring_billed_Gull/Ring_Billed_Gull_0083_51407.jpg,64,0
3704,064.Ring_billed_Gull/Ring_Billed_Gull_0007_51430.jpg,64,0
3705,064.Ring_billed_Gull/Ring_Billed_Gull_0051_51440.jpg,64,0
3707,064.Ring_billed_Gull/Ring_Billed_Gull_0036_51461.jpg,64,0
3708,064.Ring_billed_Gull/Ring_Billed_Gull_0016_50392.jpg,64,0
3711,064.Ring_billed_Gull/Ring_Billed_Gull_0078_51494.jpg,64,0
3713,064.Ring_billed_Gull/Ring_Billed_Gull_0105_51513.jpg,64,0
3714,064.Ring_billed_Gull/Ring_Billed_Gull_0071_52845.jpg,64,0
3716,064.Ring_billed_Gull/Ring_Billed_Gull_0056_51523.jpg,64,0
3717,064.Ring_billed_Gull/Ring_Billed_Gull_0113_51525.jpg,64,0
3719,064.Ring_billed_Gull/Ring_Billed_Gull_0132_51552.jpg,64,0
3722,064.Ring_billed_Gull/Ring_Billed_Gull_0029_52613.jpg,64,0
3723,064.Ring_billed_Gull/Ring_Billed_Gull_0104_52614.jpg,64,0
3727,065.Slaty_backed_Gull/Slaty_Backed_Gull_0017_796034.jpg,65,0
3729,065.Slaty_backed_Gull/Slaty_Backed_Gull_0061_53309.jpg,65,0
3732,065.Slaty_backed_Gull/Slaty_Backed_Gull_0007_53334.jpg,65,0
3733,065.Slaty_backed_Gull/Slaty_Backed_Gull_0027_53080.jpg,65,0
3735,065.Slaty_backed_Gull/Slaty_Backed_Gull_0015_796004.jpg,65,0
3742,065.Slaty_backed_Gull/Slaty_Backed_Gull_0066_796016.jpg,65,0
3744,065.Slaty_backed_Gull/Slaty_Backed_Gull_0079_796020.jpg,65,0
3745,065.Slaty_backed_Gull/Slaty_Backed_Gull_0022_796022.jpg,65,0
3749,065.Slaty_backed_Gull/Slaty_Backed_Gull_0035_796026.jpg,65,0
3750,065.Slaty_backed_Gull/Slaty_Backed_Gull_0075_796027.jpg,65,0
3751,065.Slaty_backed_Gull/Slaty_Backed_Gull_0024_796028.jpg,65,0
3753,065.Slaty_backed_Gull/Slaty_Backed_Gull_0023_796030.jpg,65,0
3755,065.Slaty_backed_Gull/Slaty_Backed_Gull_0003_796032.jpg,65,0
3758,065.Slaty_backed_Gull/Slaty_Backed_Gull_0078_796042.jpg,65,0
3766,065.Slaty_backed_Gull/Slaty_Backed_Gull_0036_796053.jpg,65,0
3767,065.Slaty_backed_Gull/Slaty_Backed_Gull_0008_53145.jpg,65,0
3768,065.Slaty_backed_Gull/Slaty_Backed_Gull_0085_53158.jpg,65,0
3771,065.Slaty_backed_Gull/Slaty_Backed_Gull_0083_786386.jpg,65,0
3777,066.Western_Gull/Western_Gull_0013_54794.jpg,66,0
3778,066.Western_Gull/Western_Gull_0048_53776.jpg,66,0
3779,066.Western_Gull/Western_Gull_0078_53595.jpg,66,0
3782,066.Western_Gull/Western_Gull_0104_53816.jpg,66,0
3788,066.Western_Gull/Western_Gull_0110_53861.jpg,66,0
3789,066.Western_Gull/Western_Gull_0012_53605.jpg,66,0
3791,066.Western_Gull/Western_Gull_0143_54909.jpg,66,0
3793,066.Western_Gull/Western_Gull_0050_54425.jpg,66,0
3796,066.Western_Gull/Western_Gull_0091_55465.jpg,66,0
3797,066.Western_Gull/Western_Gull_0007_53431.jpg,66,0
3798,066.Western_Gull/Western_Gull_0070_54978.jpg,66,0
3800,066.Western_Gull/Western_Gull_0027_53994.jpg,66,0
3804,066.Western_Gull/Western_Gull_0029_54143.jpg,66,0
3806,066.Western_Gull/Western_Gull_0116_54037.jpg,66,0
3808,066.Western_Gull/Western_Gull_0069_53553.jpg,66,0
3809,066.Western_Gull/Western_Gull_0041_53554.jpg,66,0
3813,066.Western_Gull/Western_Gull_0133_55639.jpg,66,0
3814,066.Western_Gull/Western_Gull_0066_54105.jpg,66,0
3820,066.Western_Gull/Western_Gull_0021_54649.jpg,66,0
3821,066.Western_Gull/Western_Gull_0024_53631.jpg,66,0
3825,066.Western_Gull/Western_Gull_0099_53670.jpg,66,0
3826,066.Western_Gull/Western_Gull_0065_55728.jpg,66,0
3827,066.Western_Gull/Western_Gull_0087_54193.jpg,66,0
3828,066.Western_Gull/Western_Gull_0043_54706.jpg,66,0
3829,066.Western_Gull/Western_Gull_0071_54207.jpg,66,0
3830,066.Western_Gull/Western_Gull_0045_54735.jpg,66,0
3831,066.Western_Gull/Western_Gull_0011_53713.jpg,66,0
3834,066.Western_Gull/Western_Gull_0100_54761.jpg,66,0
3837,067.Anna_Hummingbird/Anna_Hummingbird_0106_56335.jpg,67,0
3838,067.Anna_Hummingbird/Anna_Hummingbird_0093_56851.jpg,67,0
3840,067.Anna_Hummingbird/Anna_Hummingbird_0126_55983.jpg,67,0
3842,067.Anna_Hummingbird/Anna_Hummingbird_0080_56366.jpg,67,0
3844,067.Anna_Hummingbird/Anna_Hummingbird_0027_55873.jpg,67,0
3846,067.Anna_Hummingbird/Anna_Hummingbird_0055_56396.jpg,67,0
3847,067.Anna_Hummingbird/Anna_Hummingbird_0074_56917.jpg,67,0
3851,067.Anna_Hummingbird/Anna_Hummingbird_0099_55916.jpg,67,0
3852,067.Anna_Hummingbird/Anna_Hummingbird_0087_56435.jpg,67,0
3855,067.Anna_Hummingbird/Anna_Hummingbird_0001_56960.jpg,67,0
3856,067.Anna_Hummingbird/Anna_Hummingbird_0101_56459.jpg,67,0
3857,067.Anna_Hummingbird/Anna_Hummingbird_0066_56486.jpg,67,0
3863,067.Anna_Hummingbird/Anna_Hummingbird_0019_57025.jpg,67,0
3870,067.Anna_Hummingbird/Anna_Hummingbird_0037_56587.jpg,67,0
3871,067.Anna_Hummingbird/Anna_Hummingbird_0070_56085.jpg,67,0
3875,067.Anna_Hummingbird/Anna_Hummingbird_0053_56112.jpg,67,0
3876,067.Anna_Hummingbird/Anna_Hummingbird_0034_56614.jpg,67,0
3878,067.Anna_Hummingbird/Anna_Hummingbird_0130_56122.jpg,67,0
3879,067.Anna_Hummingbird/Anna_Hummingbird_0022_55779.jpg,67,0
3880,067.Anna_Hummingbird/Anna_Hummingbird_0065_56154.jpg,67,0
3881,067.Anna_Hummingbird/Anna_Hummingbird_0059_56674.jpg,67,0
3882,067.Anna_Hummingbird/Anna_Hummingbird_0117_55785.jpg,67,0
3883,067.Anna_Hummingbird/Anna_Hummingbird_0031_56709.jpg,67,0
3884,067.Anna_Hummingbird/Anna_Hummingbird_0018_56732.jpg,67,0
3885,067.Anna_Hummingbird/Anna_Hummingbird_0096_56754.jpg,67,0
3886,067.Anna_Hummingbird/Anna_Hummingbird_0085_56756.jpg,67,0
3895,067.Anna_Hummingbird/Anna_Hummingbird_0036_56809.jpg,67,0
3896,067.Anna_Hummingbird/Anna_Hummingbird_0119_56309.jpg,67,0
3898,068.Ruby_throated_Hummingbird/Ruby_Throated_Hummingbird_0005_57349.jpg,68,0
3899,068.Ruby_throated_Hummingbird/Ruby_Throated_Hummingbird_0077_57858.jpg,68,0
3903,068.Ruby_throated_Hummingbird/Ruby_Throated_Hummingbird_0126_57371.jpg,68,0
3907,068.Ruby_throated_Hummingbird/Ruby_Throated_Hummingbird_0007_57388.jpg,68,0
3908,068.Ruby_throated_Hummingbird/Ruby_Throated_Hummingbird_0072_57391.jpg,68,0
3909,068.Ruby_throated_Hummingbird/Ruby_Throated_Hummingbird_0009_57904.jpg,68,0
3911,068.Ruby_throated_Hummingbird/Ruby_Throated_Hummingbird_0090_57411.jpg,68,0
3914,068.Ruby_throated_Hummingbird/Ruby_Throated_Hummingbird_0052_57432.jpg,68,0
3917,068.Ruby_throated_Hummingbird/Ruby_Throated_Hummingbird_0040_57982.jpg,68,0
3918,068.Ruby_throated_Hummingbird/Ruby_Throated_Hummingbird_0014_57477.jpg,68,0
3921,068.Ruby_throated_Hummingbird/Ruby_Throated_Hummingbird_0050_57510.jpg,68,0
3923,068.Ruby_throated_Hummingbird/Ruby_Throated_Hummingbird_0066_57518.jpg,68,0
3925,068.Ruby_throated_Hummingbird/Ruby_Throated_Hummingbird_0118_57536.jpg,68,0
3926,068.Ruby_throated_Hummingbird/Ruby_Throated_Hummingbird_0075_57537.jpg,68,0
3927,068.Ruby_throated_Hummingbird/Ruby_Throated_Hummingbird_0115_58067.jpg,68,0
3929,068.Ruby_throated_Hummingbird/Ruby_Throated_Hummingbird_0103_57573.jpg,68,0
3934,068.Ruby_throated_Hummingbird/Ruby_Throated_Hummingbird_0048_57222.jpg,68,0
3935,068.Ruby_throated_Hummingbird/Ruby_Throated_Hummingbird_0076_57649.jpg,68,0
3937,068.Ruby_throated_Hummingbird/Ruby_Throated_Hummingbird_0108_57653.jpg,68,0
3938,068.Ruby_throated_Hummingbird/Ruby_Throated_Hummingbird_0032_58168.jpg,68,0
3939,068.Ruby_throated_Hummingbird/Ruby_Throated_Hummingbird_0129_57666.jpg,68,0
3940,068.Ruby_throated_Hummingbird/Ruby_Throated_Hummingbird_0008_58204.jpg,68,0
3943,068.Ruby_throated_Hummingbird/Ruby_Throated_Hummingbird_0013_57212.jpg,68,0
3944,068.Ruby_throated_Hummingbird/Ruby_Throated_Hummingbird_0025_57835.jpg,68,0
3945,068.Ruby_throated_Hummingbird/Ruby_Throated_Hummingbird_0046_57225.jpg,68,0
3947,068.Ruby_throated_Hummingbird/Ruby_Throated_Hummingbird_0128_58281.jpg,68,0
3951,068.Ruby_throated_Hummingbird/Ruby_Throated_Hummingbird_0120_58316.jpg,68,0
3953,068.Ruby_throated_Hummingbird/Ruby_Throated_Hummingbird_0131_57813.jpg,68,0
3958,069.Rufous_Hummingbird/Rufous_Hummingbird_0009_59405.jpg,69,0
3960,069.Rufous_Hummingbird/Rufous_Hummingbird_0002_58387.jpg,69,0
3963,069.Rufous_Hummingbird/Rufous_Hummingbird_0101_59420.jpg,69,0
3968,069.Rufous_Hummingbird/Rufous_Hummingbird_0125_58932.jpg,69,0
3971,069.Rufous_Hummingbird/Rufous_Hummingbird_0134_59449.jpg,69,0
3973,069.Rufous_Hummingbird/Rufous_Hummingbird_0027_59456.jpg,69,0
3974,069.Rufous_Hummingbird/Rufous_Hummingbird_0007_58433.jpg,69,0
3976,069.Rufous_Hummingbird/Rufous_Hummingbird_0014_59476.jpg,69,0
3977,069.Rufous_Hummingbird/Rufous_Hummingbird_0011_59480.jpg,69,0
3978,069.Rufous_Hummingbird/Rufous_Hummingbird_0057_59489.jpg,69,0
3980,069.Rufous_Hummingbird/Rufous_Hummingbird_0130_59500.jpg,69,0
3982,069.Rufous_Hummingbird/Rufous_Hummingbird_0052_59581.jpg,69,0
3983,069.Rufous_Hummingbird/Rufous_Hummingbird_0071_59505.jpg,69,0
3985,069.Rufous_Hummingbird/Rufous_Hummingbird_0067_59510.jpg,69,0
3986,069.Rufous_Hummingbird/Rufous_Hummingbird_0017_59520.jpg,69,0
3987,069.Rufous_Hummingbird/Rufous_Hummingbird_0065_58497.jpg,69,0
3989,069.Rufous_Hummingbird/Rufous_Hummingbird_0124_58465.jpg,69,0
3991,069.Rufous_Hummingbird/Rufous_Hummingbird_0100_59541.jpg,69,0
3992,069.Rufous_Hummingbird/Rufous_Hummingbird_0036_59562.jpg,69,0
3993,069.Rufous_Hummingbird/Rufous_Hummingbird_0076_59563.jpg,69,0
3994,069.Rufous_Hummingbird/Rufous_Hummingbird_0081_59592.jpg,69,0
3999,069.Rufous_Hummingbird/Rufous_Hummingbird_0090_58598.jpg,69,0
4001,069.Rufous_Hummingbird/Rufous_Hummingbird_0046_59647.jpg,69,0
4004,069.Rufous_Hummingbird/Rufous_Hummingbird_0119_59681.jpg,69,0
4009,069.Rufous_Hummingbird/Rufous_Hummingbird_0075_59619.jpg,69,0
4010,069.Rufous_Hummingbird/Rufous_Hummingbird_0074_59231.jpg,69,0
4013,069.Rufous_Hummingbird/Rufous_Hummingbird_0128_60398.jpg,69,0
4014,069.Rufous_Hummingbird/Rufous_Hummingbird_0121_59376.jpg,69,0
4020,070.Green_Violetear/Green_Violetear_0064_795661.jpg,70,0
4021,070.Green_Violetear/Green_Violetear_0003_795662.jpg,70,0
4025,070.Green_Violetear/Green_Violetear_0073_795680.jpg,70,0
4026,070.Green_Violetear/Green_Violetear_0066_795682.jpg,70,0
4033,070.Green_Violetear/Green_Violetear_0002_795699.jpg,70,0
4034,070.Green_Violetear/Green_Violetear_0057_795701.jpg,70,0
4036,070.Green_Violetear/Green_Violetear_0008_795703.jpg,70,0
4037,070.Green_Violetear/Green_Violetear_0092_795704.jpg,70,0
4038,070.Green_Violetear/Green_Violetear_0024_795705.jpg,70,0
4040,070.Green_Violetear/Green_Violetear_0032_795707.jpg,70,0
4042,070.Green_Violetear/Green_Violetear_0055_795712.jpg,70,0
4043,070.Green_Violetear/Green_Violetear_0112_795713.jpg,70,0
4045,070.Green_Violetear/Green_Violetear_0044_795717.jpg,70,0
4046,070.Green_Violetear/Green_Violetear_0074_795720.jpg,70,0
4047,070.Green_Violetear/Green_Violetear_0069_795723.jpg,70,0
4050,070.Green_Violetear/Green_Violetear_0045_60765.jpg,70,0
4051,070.Green_Violetear/Green_Violetear_0031_60774.jpg,70,0
4052,070.Green_Violetear/Green_Violetear_0107_60781.jpg,70,0
4053,070.Green_Violetear/Green_Violetear_0048_60789.jpg,70,0
4054,070.Green_Violetear/Green_Violetear_0034_60792.jpg,70,0
4056,070.Green_Violetear/Green_Violetear_0022_60799.jpg,70,0
4059,070.Green_Violetear/Green_Violetear_0114_60809.jpg,70,0
4062,070.Green_Violetear/Green_Violetear_0078_60844.jpg,70,0
4063,070.Green_Violetear/Green_Violetear_0072_60858.jpg,70,0
4064,070.Green_Violetear/Green_Violetear_0110_60866.jpg,70,0
4065,070.Green_Violetear/Green_Violetear_0059_60873.jpg,70,0
4070,070.Green_Violetear/Green_Violetear_0081_795638.jpg,70,0
4073,070.Green_Violetear/Green_Violetear_0106_795643.jpg,70,0
4077,071.Long_tailed_Jaeger/Long_Tailed_Jaeger_0025_60937.jpg,71,0
4081,071.Long_tailed_Jaeger/Long_Tailed_Jaeger_0030_60961.jpg,71,0
4083,071.Long_tailed_Jaeger/Long_Tailed_Jaeger_0044_60968.jpg,71,0
4084,071.Long_tailed_Jaeger/Long_Tailed_Jaeger_0019_60970.jpg,71,0
4085,071.Long_tailed_Jaeger/Long_Tailed_Jaeger_0017_797081.jpg,71,0
4086,071.Long_tailed_Jaeger/Long_Tailed_Jaeger_0064_60999.jpg,71,0
4087,071.Long_tailed_Jaeger/Long_Tailed_Jaeger_0045_61007.jpg,71,0
4088,071.Long_tailed_Jaeger/Long_Tailed_Jaeger_0065_61042.jpg,71,0
4089,071.Long_tailed_Jaeger/Long_Tailed_Jaeger_0055_61046.jpg,71,0
4094,071.Long_tailed_Jaeger/Long_Tailed_Jaeger_0049_797063.jpg,71,0
4098,071.Long_tailed_Jaeger/Long_Tailed_Jaeger_0023_797072.jpg,71,0
4101,071.Long_tailed_Jaeger/Long_Tailed_Jaeger_0047_797075.jpg,71,0
4102,071.Long_tailed_Jaeger/Long_Tailed_Jaeger_0036_797076.jpg,71,0
4104,071.Long_tailed_Jaeger/Long_Tailed_Jaeger_0059_797079.jpg,71,0
4106,071.Long_tailed_Jaeger/Long_Tailed_Jaeger_0003_61082.jpg,71,0
4108,071.Long_tailed_Jaeger/Long_Tailed_Jaeger_0020_61084.jpg,71,0
4109,071.Long_tailed_Jaeger/Long_Tailed_Jaeger_0028_797082.jpg,71,0
4110,071.Long_tailed_Jaeger/Long_Tailed_Jaeger_0014_797086.jpg,71,0
4115,071.Long_tailed_Jaeger/Long_Tailed_Jaeger_0066_60921.jpg,71,0
4118,071.Long_tailed_Jaeger/Long_Tailed_Jaeger_0057_797094.jpg,71,0
4119,071.Long_tailed_Jaeger/Long_Tailed_Jaeger_0051_797095.jpg,71,0
4120,071.Long_tailed_Jaeger/Long_Tailed_Jaeger_0016_797084.jpg,71,0
4121,071.Long_tailed_Jaeger/Long_Tailed_Jaeger_0026_797098.jpg,71,0
4123,071.Long_tailed_Jaeger/Long_Tailed_Jaeger_0035_797100.jpg,71,0
4125,071.Long_tailed_Jaeger/Long_Tailed_Jaeger_0034_797102.jpg,71,0
4128,071.Long_tailed_Jaeger/Long_Tailed_Jaeger_0046_797103.jpg,71,0
4132,071.Long_tailed_Jaeger/Long_Tailed_Jaeger_0010_60895.jpg,71,0
4135,071.Long_tailed_Jaeger/Long_Tailed_Jaeger_0024_60915.jpg,71,0
4138,072.Pomarine_Jaeger/Pomarine_Jaeger_0030_61447.jpg,72,0
4140,072.Pomarine_Jaeger/Pomarine_Jaeger_0008_61231.jpg,72,0
4141,072.Pomarine_Jaeger/Pomarine_Jaeger_0034_61247.jpg,72,0
4144,072.Pomarine_Jaeger/Pomarine_Jaeger_0051_795738.jpg,72,0
4145,072.Pomarine_Jaeger/Pomarine_Jaeger_0077_795739.jpg,72,0
4148,072.Pomarine_Jaeger/Pomarine_Jaeger_0058_795746.jpg,72,0
4150,072.Pomarine_Jaeger/Pomarine_Jaeger_0033_795749.jpg,72,0
4151,072.Pomarine_Jaeger/Pomarine_Jaeger_0045_795750.jpg,72,0
4152,072.Pomarine_Jaeger/Pomarine_Jaeger_0080_795751.jpg,72,0
4153,072.Pomarine_Jaeger/Pomarine_Jaeger_0042_795755.jpg,72,0
4161,072.Pomarine_Jaeger/Pomarine_Jaeger_0027_795767.jpg,72,0
4168,072.Pomarine_Jaeger/Pomarine_Jaeger_0021_795776.jpg,72,0
4169,072.Pomarine_Jaeger/Pomarine_Jaeger_0011_795777.jpg,72,0
4172,072.Pomarine_Jaeger/Pomarine_Jaeger_0017_795782.jpg,72,0
4175,072.Pomarine_Jaeger/Pomarine_Jaeger_0054_795791.jpg,72,0
4176,072.Pomarine_Jaeger/Pomarine_Jaeger_0053_795792.jpg,72,0
4177,072.Pomarine_Jaeger/Pomarine_Jaeger_0049_795795.jpg,72,0
4179,072.Pomarine_Jaeger/Pomarine_Jaeger_0028_795797.jpg,72,0
4180,072.Pomarine_Jaeger/Pomarine_Jaeger_0014_61335.jpg,72,0
4181,072.Pomarine_Jaeger/Pomarine_Jaeger_0073_795800.jpg,72,0
4182,072.Pomarine_Jaeger/Pomarine_Jaeger_0059_61347.jpg,72,0
4185,072.Pomarine_Jaeger/Pomarine_Jaeger_0062_61351.jpg,72,0
4186,072.Pomarine_Jaeger/Pomarine_Jaeger_0002_61361.jpg,72,0
4187,072.Pomarine_Jaeger/Pomarine_Jaeger_0029_61365.jpg,72,0
4189,072.Pomarine_Jaeger/Pomarine_Jaeger_0069_61381.jpg,72,0
4192,072.Pomarine_Jaeger/Pomarine_Jaeger_0063_61406.jpg,72,0
4195,072.Pomarine_Jaeger/Pomarine_Jaeger_0015_61429.jpg,72,0
4196,072.Pomarine_Jaeger/Pomarine_Jaeger_0023_61431.jpg,72,0
4198,073.Blue_Jay/Blue_Jay_0033_62024.jpg,73,0
4200,073.Blue_Jay/Blue_Jay_0006_63504.jpg,73,0
4202,073.Blue_Jay/Blue_Jay_0081_61714.jpg,73,0
4204,073.Blue_Jay/Blue_Jay_0053_62744.jpg,73,0
4205,073.Blue_Jay/Blue_Jay_0056_61723.jpg,73,0
4206,073.Blue_Jay/Blue_Jay_0088_63264.jpg,73,0
4210,073.Blue_Jay/Blue_Jay_0083_61492.jpg,73,0
4212,073.Blue_Jay/Blue_Jay_0012_63753.jpg,73,0
4213,073.Blue_Jay/Blue_Jay_0082_62524.jpg,73,0
4215,073.Blue_Jay/Blue_Jay_0055_61507.jpg,73,0
4217,073.Blue_Jay/Blue_Jay_0096_63330.jpg,73,0
4220,073.Blue_Jay/Blue_Jay_0068_61543.jpg,73,0
4224,073.Blue_Jay/Blue_Jay_0028_63599.jpg,73,0
4225,073.Blue_Jay/Blue_Jay_0020_63604.jpg,73,0
4226,073.Blue_Jay/Blue_Jay_0036_61560.jpg,73,0
4227,073.Blue_Jay/Blue_Jay_0062_62585.jpg,73,0
4228,073.Blue_Jay/Blue_Jay_0049_63082.jpg,73,0
4231,073.Blue_Jay/Blue_Jay_0031_62913.jpg,73,0
4235,073.Blue_Jay/Blue_Jay_0079_62626.jpg,73,0
4237,073.Blue_Jay/Blue_Jay_0011_63660.jpg,73,0
4245,073.Blue_Jay/Blue_Jay_0101_62882.jpg,73,0
4246,073.Blue_Jay/Blue_Jay_0092_61654.jpg,73,0
4247,073.Blue_Jay/Blue_Jay_0076_61817.jpg,73,0
4249,073.Blue_Jay/Blue_Jay_0018_63455.jpg,73,0
4250,073.Blue_Jay/Blue_Jay_0072_62944.jpg,73,0
4252,073.Blue_Jay/Blue_Jay_0094_62698.jpg,73,0
4253,073.Blue_Jay/Blue_Jay_0029_62199.jpg,73,0
4255,073.Blue_Jay/Blue_Jay_0050_62974.jpg,73,0
4258,074.Florida_Jay/Florida_Jay_0105_64522.jpg,74,0
4261,074.Florida_Jay/Florida_Jay_0004_65042.jpg,74,0
4262,074.Florida_Jay/Florida_Jay_0086_65025.jpg,74,0
4264,074.Florida_Jay/Florida_Jay_0103_64537.jpg,74,0
4265,074.Florida_Jay/Florida_Jay_0016_65051.jpg,74,0
4270,074.Florida_Jay/Florida_Jay_0061_65097.jpg,74,0
4274,074.Florida_Jay/Florida_Jay_0083_64599.jpg,74,0
4277,074.Florida_Jay/Florida_Jay_0110_64605.jpg,74,0
4280,074.Florida_Jay/Florida_Jay_0012_64887.jpg,74,0
4284,074.Florida_Jay/Florida_Jay_0100_64645.jpg,74,0
4285,074.Florida_Jay/Florida_Jay_0097_64906.jpg,74,0
4287,074.Florida_Jay/Florida_Jay_0011_64920.jpg,74,0
4288,074.Florida_Jay/Florida_Jay_0044_64664.jpg,74,0
4292,074.Florida_Jay/Florida_Jay_0026_64938.jpg,74,0
4293,074.Florida_Jay/Florida_Jay_0005_64940.jpg,74,0
4294,074.Florida_Jay/Florida_Jay_0027_64689.jpg,74,0
4295,074.Florida_Jay/Florida_Jay_0078_64692.jpg,74,0
4298,074.Florida_Jay/Florida_Jay_0013_64706.jpg,74,0
4300,074.Florida_Jay/Florida_Jay_0007_64708.jpg,74,0
4304,074.Florida_Jay/Florida_Jay_0009_64723.jpg,74,0
4305,074.Florida_Jay/Florida_Jay_0080_64505.jpg,74,0
4307,074.Florida_Jay/Florida_Jay_0041_64734.jpg,74,0
4308,074.Florida_Jay/Florida_Jay_0099_64735.jpg,74,0
4310,074.Florida_Jay/Florida_Jay_0065_64739.jpg,74,0
4311,074.Florida_Jay/Florida_Jay_0062_64996.jpg,74,0
4313,074.Florida_Jay/Florida_Jay_0046_64488.jpg,74,0
4314,074.Florida_Jay/Florida_Jay_0073_64896.jpg,74,0
4315,074.Florida_Jay/Florida_Jay_0017_65017.jpg,74,0
4317,075.Green_Jay/Green_Jay_0041_65548.jpg,75,0
4318,075.Green_Jay/Green_Jay_0064_65552.jpg,75,0
4319,075.Green_Jay/Green_Jay_0089_66075.jpg,75,0
4322,075.Green_Jay/Green_Jay_0059_65586.jpg,75,0
4323,075.Green_Jay/Green_Jay_0126_65716.jpg,75,0
4327,075.Green_Jay/Green_Jay_0029_65637.jpg,75,0
4330,075.Green_Jay/Green_Jay_0052_66174.jpg,75,0
4333,075.Green_Jay/Green_Jay_0038_65702.jpg,75,0
4335,075.Green_Jay/Green_Jay_0028_65719.jpg,75,0
4336,075.Green_Jay/Green_Jay_0077_65736.jpg,75,0
4337,075.Green_Jay/Green_Jay_0118_66251.jpg,75,0
4339,075.Green_Jay/Green_Jay_0115_65745.jpg,75,0
4344,075.Green_Jay/Green_Jay_0027_65783.jpg,75,0
4351,075.Green_Jay/Green_Jay_0106_65811.jpg,75,0
4353,075.Green_Jay/Green_Jay_0030_65824.jpg,75,0
4357,075.Green_Jay/Green_Jay_0124_65848.jpg,75,0
4359,075.Green_Jay/Green_Jay_0098_65857.jpg,75,0
4364,075.Green_Jay/Green_Jay_0092_65884.jpg,75,0
4365,075.Green_Jay/Green_Jay_0130_65885.jpg,75,0
4366,075.Green_Jay/Green_Jay_0132_65886.jpg,75,0
4367,075.Green_Jay/Green_Jay_0074_65889.jpg,75,0
4368,075.Green_Jay/Green_Jay_0090_65895.jpg,75,0
4371,075.Green_Jay/Green_Jay_0104_65908.jpg,75,0
4372,075.Green_Jay/Green_Jay_0063_65925.jpg,75,0
4373,075.Green_Jay/Green_Jay_0011_65947.jpg,75,0
4375,076.Dark_eyed_Junco/Dark_Eyed_Junco_0015_66576.jpg,76,0
4376,076.Dark_eyed_Junco/Dark_Eyed_Junco_0057_68650.jpg,76,0
4377,076.Dark_eyed_Junco/Dark_Eyed_Junco_0106_68139.jpg,76,0
4378,076.Dark_eyed_Junco/Dark_Eyed_Junco_0023_68661.jpg,76,0
4379,076.Dark_eyed_Junco/Dark_Eyed_Junco_0124_67664.jpg,76,0
4381,076.Dark_eyed_Junco/Dark_Eyed_Junco_0010_66649.jpg,76,0
4382,076.Dark_eyed_Junco/Dark_Eyed_Junco_0017_67676.jpg,76,0
4384,076.Dark_eyed_Junco/Dark_Eyed_Junco_0063_67688.jpg,76,0
4386,076.Dark_eyed_Junco/Dark_Eyed_Junco_0044_68213.jpg,76,0
4388,076.Dark_eyed_Junco/Dark_Eyed_Junco_0040_66689.jpg,76,0
4389,076.Dark_eyed_Junco/Dark_Eyed_Junco_0016_68738.jpg,76,0
4393,076.Dark_eyed_Junco/Dark_Eyed_Junco_0058_68784.jpg,76,0
4395,076.Dark_eyed_Junco/Dark_Eyed_Junco_0014_66258.jpg,76,0
4396,076.Dark_eyed_Junco/Dark_Eyed_Junco_0021_66261.jpg,76,0
4397,076.Dark_eyed_Junco/Dark_Eyed_Junco_0031_66785.jpg,76,0
4399,076.Dark_eyed_Junco/Dark_Eyed_Junco_0011_66280.jpg,76,0
4400,076.Dark_eyed_Junco/Dark_Eyed_Junco_0104_67820.jpg,76,0
4402,076.Dark_eyed_Junco/Dark_Eyed_Junco_0059_66305.jpg,76,0
4403,076.Dark_eyed_Junco/Dark_Eyed_Junco_0093_67335.jpg,76,0
4404,076.Dark_eyed_Junco/Dark_Eyed_Junco_0037_66321.jpg,76,0
4408,076.Dark_eyed_Junco/Dark_Eyed_Junco_0078_66866.jpg,76,0
4411,076.Dark_eyed_Junco/Dark_Eyed_Junco_0102_67402.jpg,76,0
4413,076.Dark_eyed_Junco/Dark_Eyed_Junco_0024_68961.jpg,76,0
4418,076.Dark_eyed_Junco/Dark_Eyed_Junco_0131_66423.jpg,76,0
4421,076.Dark_eyed_Junco/Dark_Eyed_Junco_0083_66449.jpg,76,0
4425,076.Dark_eyed_Junco/Dark_Eyed_Junco_0041_66464.jpg,76,0
4430,076.Dark_eyed_Junco/Dark_Eyed_Junco_0105_66479.jpg,76,0
4431,076.Dark_eyed_Junco/Dark_Eyed_Junco_0111_66488.jpg,76,0
4436,077.Tropical_Kingbird/Tropical_Kingbird_0019_69643.jpg,77,0
4438,077.Tropical_Kingbird/Tropical_Kingbird_0068_69397.jpg,77,0
4441,077.Tropical_Kingbird/Tropical_Kingbird_0073_69401.jpg,77,0
4442,077.Tropical_Kingbird/Tropical_Kingbird_0006_69521.jpg,77,0
4444,077.Tropical_Kingbird/Tropical_Kingbird_0005_69662.jpg,77,0
4446,077.Tropical_Kingbird/Tropical_Kingbird_0002_69595.jpg,77,0
4451,077.Tropical_Kingbird/Tropical_Kingbird_0045_69605.jpg,77,0
4455,077.Tropical_Kingbird/Tropical_Kingbird_0114_69700.jpg,77,0
4457,077.Tropical_Kingbird/Tropical_Kingbird_0038_69455.jpg,77,0
4460,077.Tropical_Kingbird/Tropical_Kingbird_0047_69719.jpg,77,0
4461,077.Tropical_Kingbird/Tropical_Kingbird_0075_69978.jpg,77,0
4463,077.Tropical_Kingbird/Tropical_Kingbird_0110_69731.jpg,77,0
4464,077.Tropical_Kingbird/Tropical_Kingbird_0027_69735.jpg,77,0
4466,077.Tropical_Kingbird/Tropical_Kingbird_0095_69482.jpg,77,0
4467,077.Tropical_Kingbird/Tropical_Kingbird_0052_69739.jpg,77,0
4468,077.Tropical_Kingbird/Tropical_Kingbird_0115_69485.jpg,77,0
4469,077.Tropical_Kingbird/Tropical_Kingbird_0022_69742.jpg,77,0
4470,077.Tropical_Kingbird/Tropical_Kingbird_0034_69242.jpg,77,0
4472,077.Tropical_Kingbird/Tropical_Kingbird_0039_69253.jpg,77,0
4474,077.Tropical_Kingbird/Tropical_Kingbird_0067_69792.jpg,77,0
4479,077.Tropical_Kingbird/Tropical_Kingbird_0084_69312.jpg,77,0
4480,077.Tropical_Kingbird/Tropical_Kingbird_0066_69320.jpg,77,0
4481,077.Tropical_Kingbird/Tropical_Kingbird_0024_69582.jpg,77,0
4486,077.Tropical_Kingbird/Tropical_Kingbird_0088_69856.jpg,77,0
4487,077.Tropical_Kingbird/Tropical_Kingbird_0051_69609.jpg,77,0
4488,077.Tropical_Kingbird/Tropical_Kingbird_0043_69613.jpg,77,0
4492,077.Tropical_Kingbird/Tropical_Kingbird_0079_69371.jpg,77,0
4493,077.Tropical_Kingbird/Tropical_Kingbird_0063_69589.jpg,77,0
4497,078.Gray_Kingbird/Gray_Kingbird_0017_70161.jpg,78,0
4499,078.Gray_Kingbird/Gray_Kingbird_0053_70166.jpg,78,0
4500,078.Gray_Kingbird/Gray_Kingbird_0084_70171.jpg,78,0
4501,078.Gray_Kingbird/Gray_Kingbird_0036_70184.jpg,78,0
4502,078.Gray_Kingbird/Gray_Kingbird_0075_70188.jpg,78,0
4503,078.Gray_Kingbird/Gray_Kingbird_0077_70191.jpg,78,0
4505,078.Gray_Kingbird/Gray_Kingbird_0014_70227.jpg,78,0
4506,078.Gray_Kingbird/Gray_Kingbird_0021_70228.jpg,78,0
4507,078.Gray_Kingbird/Gray_Kingbird_0049_795022.jpg,78,0
4512,078.Gray_Kingbird/Gray_Kingbird_0054_70264.jpg,78,0
4514,078.Gray_Kingbird/Gray_Kingbird_0081_70276.jpg,78,0
4515,078.Gray_Kingbird/Gray_Kingbird_0019_795013.jpg,78,0
4516,078.Gray_Kingbird/Gray_Kingbird_0082_795014.jpg,78,0
4517,078.Gray_Kingbird/Gray_Kingbird_0029_795015.jpg,78,0
4522,078.Gray_Kingbird/Gray_Kingbird_0055_70290.jpg,78,0
4525,078.Gray_Kingbird/Gray_Kingbird_0004_70293.jpg,78,0
4527,078.Gray_Kingbird/Gray_Kingbird_0043_795032.jpg,78,0
4532,078.Gray_Kingbird/Gray_Kingbird_0070_70051.jpg,78,0
4533,078.Gray_Kingbird/Gray_Kingbird_0031_70308.jpg,78,0
4535,078.Gray_Kingbird/Gray_Kingbird_0010_70057.jpg,78,0
4536,078.Gray_Kingbird/Gray_Kingbird_0044_70322.jpg,78,0
4537,078.Gray_Kingbird/Gray_Kingbird_0034_70069.jpg,78,0
4538,078.Gray_Kingbird/Gray_Kingbird_0076_70070.jpg,78,0
4543,078.Gray_Kingbird/Gray_Kingbird_0013_70135.jpg,78,0
4545,078.Gray_Kingbird/Gray_Kingbird_0005_70103.jpg,78,0
4547,078.Gray_Kingbird/Gray_Kingbird_0032_70111.jpg,78,0
4552,078.Gray_Kingbird/Gray_Kingbird_0051_70139.jpg,78,0
4555,079.Belted_Kingfisher/Belted_Kingfisher_0008_70668.jpg,79,0
4560,079.Belted_Kingfisher/Belted_Kingfisher_0094_70698.jpg,79,0
4566,079.Belted_Kingfisher/Belted_Kingfisher_0019_70744.jpg,79,0
4576,079.Belted_Kingfisher/Belted_Kingfisher_0057_70582.jpg,79,0
4577,079.Belted_Kingfisher/Belted_Kingfisher_0079_70524.jpg,79,0
4579,079.Belted_Kingfisher/Belted_Kingfisher_0009_70536.jpg,79,0
4583,079.Belted_Kingfisher/Belted_Kingfisher_0104_70596.jpg,79,0
4584,079.Belted_Kingfisher/Belted_Kingfisher_0108_70554.jpg,79,0
4585,079.Belted_Kingfisher/Belted_Kingfisher_0065_70560.jpg,79,0
4586,079.Belted_Kingfisher/Belted_Kingfisher_0086_70569.jpg,79,0
4587,079.Belted_Kingfisher/Belted_Kingfisher_0032_70573.jpg,79,0
4588,079.Belted_Kingfisher/Belted_Kingfisher_0063_70835.jpg,79,0
4589,079.Belted_Kingfisher/Belted_Kingfisher_0012_70325.jpg,79,0
4591,079.Belted_Kingfisher/Belted_Kingfisher_0071_70584.jpg,79,0
4592,079.Belted_Kingfisher/Belted_Kingfisher_0034_70329.jpg,79,0
4593,079.Belted_Kingfisher/Belted_Kingfisher_0058_70848.jpg,79,0
4594,079.Belted_Kingfisher/Belted_Kingfisher_0017_70342.jpg,79,0
4595,079.Belted_Kingfisher/Belted_Kingfisher_0096_70347.jpg,79,0
4596,079.Belted_Kingfisher/Belted_Kingfisher_0066_70356.jpg,79,0
4597,079.Belted_Kingfisher/Belted_Kingfisher_0028_70358.jpg,79,0
4598,079.Belted_Kingfisher/Belted_Kingfisher_0093_70360.jpg,79,0
4600,079.Belted_Kingfisher/Belted_Kingfisher_0077_70620.jpg,79,0
4601,079.Belted_Kingfisher/Belted_Kingfisher_0078_70366.jpg,79,0
4602,079.Belted_Kingfisher/Belted_Kingfisher_0006_70625.jpg,79,0
4603,079.Belted_Kingfisher/Belted_Kingfisher_0107_70883.jpg,79,0
4605,079.Belted_Kingfisher/Belted_Kingfisher_0112_70634.jpg,79,0
4610,079.Belted_Kingfisher/Belted_Kingfisher_0027_70397.jpg,79,0
4611,079.Belted_Kingfisher/Belted_Kingfisher_0014_70910.jpg,79,0
4613,080.Green_Kingfisher/Green_Kingfisher_0046_71178.jpg,80,0
4615,080.Green_Kingfisher/Green_Kingfisher_0093_71185.jpg,80,0
4618,080.Green_Kingfisher/Green_Kingfisher_0060_66074.jpg,80,0
4622,080.Green_Kingfisher/Green_Kingfisher_0043_71212.jpg,80,0
4623,080.Green_Kingfisher/Green_Kingfisher_0017_70957.jpg,80,0
4624,080.Green_Kingfisher/Green_Kingfisher_0074_71214.jpg,80,0
4626,080.Green_Kingfisher/Green_Kingfisher_0003_70970.jpg,80,0
4630,080.Green_Kingfisher/Green_Kingfisher_0028_70981.jpg,80,0
4636,080.Green_Kingfisher/Green_Kingfisher_0021_71009.jpg,80,0
4637,080.Green_Kingfisher/Green_Kingfisher_0079_71267.jpg,80,0
4638,080.Green_Kingfisher/Green_Kingfisher_0026_71059.jpg,80,0
4640,080.Green_Kingfisher/Green_Kingfisher_0092_71106.jpg,80,0
4641,080.Green_Kingfisher/Green_Kingfisher_0013_71293.jpg,80,0
4642,080.Green_Kingfisher/Green_Kingfisher_0009_70933.jpg,80,0
4643,080.Green_Kingfisher/Green_Kingfisher_0006_71297.jpg,80,0
4644,080.Green_Kingfisher/Green_Kingfisher_0015_71042.jpg,80,0
4648,080.Green_Kingfisher/Green_Kingfisher_0002_71055.jpg,80,0
4649,080.Green_Kingfisher/Green_Kingfisher_0053_71319.jpg,80,0
4650,080.Green_Kingfisher/Green_Kingfisher_0045_71064.jpg,80,0
4651,080.Green_Kingfisher/Green_Kingfisher_0089_71325.jpg,80,0
4662,080.Green_Kingfisher/Green_Kingfisher_0088_71122.jpg,80,0
4663,080.Green_Kingfisher/Green_Kingfisher_0077_71129.jpg,80,0
4664,080.Green_Kingfisher/Green_Kingfisher_0070_71387.jpg,80,0
4666,080.Green_Kingfisher/Green_Kingfisher_0035_71133.jpg,80,0
4667,080.Green_Kingfisher/Green_Kingfisher_0001_71138.jpg,80,0
4668,080.Green_Kingfisher/Green_Kingfisher_0039_71037.jpg,80,0
4670,080.Green_Kingfisher/Green_Kingfisher_0036_71156.jpg,80,0
4671,080.Green_Kingfisher/Green_Kingfisher_0007_71163.jpg,80,0
4675,081.Pied_Kingfisher/Pied_Kingfisher_0002_71698.jpg,81,0
4676,081.Pied_Kingfisher/Pied_Kingfisher_0028_72221.jpg,81,0
4679,081.Pied_Kingfisher/Pied_Kingfisher_0053_72761.jpg,81,0
4681,081.Pied_Kingfisher/Pied_Kingfisher_0036_72275.jpg,81,0
4682,081.Pied_Kingfisher/Pied_Kingfisher_0068_72278.jpg,81,0
4684,081.Pied_Kingfisher/Pied_Kingfisher_0054_72296.jpg,81,0
4685,081.Pied_Kingfisher/Pied_Kingfisher_0015_72299.jpg,81,0
4687,081.Pied_Kingfisher/Pied_Kingfisher_0032_71792.jpg,81,0
4689,081.Pied_Kingfisher/Pied_Kingfisher_0031_71829.jpg,81,0
4690,081.Pied_Kingfisher/Pied_Kingfisher_0102_72349.jpg,81,0
4693,081.Pied_Kingfisher/Pied_Kingfisher_0065_71871.jpg,81,0
4696,081.Pied_Kingfisher/Pied_Kingfisher_0047_72401.jpg,81,0
4697,081.Pied_Kingfisher/Pied_Kingfisher_0097_71895.jpg,81,0
4698,081.Pied_Kingfisher/Pied_Kingfisher_0116_71900.jpg,81,0
4704,081.Pied_Kingfisher/Pied_Kingfisher_0027_71434.jpg,81,0
4705,081.Pied_Kingfisher/Pied_Kingfisher_0117_71947.jpg,81,0
4707,081.Pied_Kingfisher/Pied_Kingfisher_0025_72469.jpg,81,0
4709,081.Pied_Kingfisher/Pied_Kingfisher_0059_72492.jpg,81,0
4710,081.Pied_Kingfisher/Pied_Kingfisher_0078_71985.jpg,81,0
4711,081.Pied_Kingfisher/Pied_Kingfisher_0021_72498.jpg,81,0
4720,081.Pied_Kingfisher/Pied_Kingfisher_0030_72603.jpg,81,0
4721,081.Pied_Kingfisher/Pied_Kingfisher_0013_72114.jpg,81,0
4722,081.Pied_Kingfisher/Pied_Kingfisher_0118_72115.jpg,81,0
4725,081.Pied_Kingfisher/Pied_Kingfisher_0004_72135.jpg,81,0
4728,081.Pied_Kingfisher/Pied_Kingfisher_0067_71641.jpg,81,0
4730,081.Pied_Kingfisher/Pied_Kingfisher_0045_71143.jpg,81,0
4731,081.Pied_Kingfisher/Pied_Kingfisher_0018_71657.jpg,81,0
4732,081.Pied_Kingfisher/Pied_Kingfisher_0085_71557.jpg,81,0
4735,082.Ringed_Kingfisher/Ringed_Kingfisher_0012_72974.jpg,82,0
4736,082.Ringed_Kingfisher/Ringed_Kingfisher_0033_73133.jpg,82,0
4739,082.Ringed_Kingfisher/Ringed_Kingfisher_0107_72983.jpg,82,0
4740,082.Ringed_Kingfisher/Ringed_Kingfisher_0075_73135.jpg,82,0
4741,082.Ringed_Kingfisher/Ringed_Kingfisher_0003_72994.jpg,82,0
4742,082.Ringed_Kingfisher/Ringed_Kingfisher_0051_72997.jpg,82,0
4746,082.Ringed_Kingfisher/Ringed_Kingfisher_0035_73012.jpg,82,0
4750,082.Ringed_Kingfisher/Ringed_Kingfisher_0038_73041.jpg,82,0
4751,082.Ringed_Kingfisher/Ringed_Kingfisher_0009_72786.jpg,82,0
4752,082.Ringed_Kingfisher/Ringed_Kingfisher_0001_73048.jpg,82,0
4753,082.Ringed_Kingfisher/Ringed_Kingfisher_0087_72794.jpg,82,0
4754,082.Ringed_Kingfisher/Ringed_Kingfisher_0025_72795.jpg,82,0
4755,082.Ringed_Kingfisher/Ringed_Kingfisher_0083_73053.jpg,82,0
4758,082.Ringed_Kingfisher/Ringed_Kingfisher_0078_72826.jpg,82,0
4759,082.Ringed_Kingfisher/Ringed_Kingfisher_0005_73086.jpg,82,0
4761,082.Ringed_Kingfisher/Ringed_Kingfisher_0091_72839.jpg,82,0
4763,082.Ringed_Kingfisher/Ringed_Kingfisher_0040_72852.jpg,82,0
4766,082.Ringed_Kingfisher/Ringed_Kingfisher_0073_73118.jpg,82,0
4771,082.Ringed_Kingfisher/Ringed_Kingfisher_0074_73130.jpg,82,0
4773,082.Ringed_Kingfisher/Ringed_Kingfisher_0060_73132.jpg,82,0
4775,082.Ringed_Kingfisher/Ringed_Kingfisher_0020_72888.jpg,82,0
4778,082.Ringed_Kingfisher/Ringed_Kingfisher_0023_72910.jpg,82,0
4781,082.Ringed_Kingfisher/Ringed_Kingfisher_0101_72919.jpg,82,0
4783,082.Ringed_Kingfisher/Ringed_Kingfisher_0080_72923.jpg,82,0
4785,082.Ringed_Kingfisher/Ringed_Kingfisher_0102_72941.jpg,82,0
4787,082.Ringed_Kingfisher/Ringed_Kingfisher_0089_72947.jpg,82,0
4789,082.Ringed_Kingfisher/Ringed_Kingfisher_0072_72954.jpg,82,0
4791,082.Ringed_Kingfisher/Ringed_Kingfisher_0018_72957.jpg,82,0
4793,083.White_breasted_Kingfisher/White_Breasted_Kingfisher_0037_73220.jpg,83,0
4795,083.White_breasted_Kingfisher/White_Breasted_Kingfisher_0098_73227.jpg,83,0
4796,083.White_breasted_Kingfisher/White_Breasted_Kingfisher_0004_73741.jpg,83,0
4797,083.White_breasted_Kingfisher/White_Breasted_Kingfisher_0023_73230.jpg,83,0
4798,083.White_breasted_Kingfisher/White_Breasted_Kingfisher_0029_73233.jpg,83,0
4802,083.White_breasted_Kingfisher/White_Breasted_Kingfisher_0073_73498.jpg,83,0
4805,083.White_breasted_Kingfisher/White_Breasted_Kingfisher_0047_73251.jpg,83,0
4808,083.White_breasted_Kingfisher/White_Breasted_Kingfisher_0101_73261.jpg,83,0
4811,083.White_breasted_Kingfisher/White_Breasted_Kingfisher_0040_73266.jpg,83,0
4815,083.White_breasted_Kingfisher/White_Breasted_Kingfisher_0048_73292.jpg,83,0
4816,083.White_breasted_Kingfisher/White_Breasted_Kingfisher_0116_73295.jpg,83,0
4817,083.White_breasted_Kingfisher/White_Breasted_Kingfisher_0096_73552.jpg,83,0
4818,083.White_breasted_Kingfisher/White_Breasted_Kingfisher_0067_73300.jpg,83,0
4819,083.White_breasted_Kingfisher/White_Breasted_Kingfisher_0019_73306.jpg,83,0
4823,083.White_breasted_Kingfisher/White_Breasted_Kingfisher_0030_73335.jpg,83,0
4824,083.White_breasted_Kingfisher/White_Breasted_Kingfisher_0003_73195.jpg,83,0
4825,083.White_breasted_Kingfisher/White_Breasted_Kingfisher_0045_73600.jpg,83,0
4827,083.White_breasted_Kingfisher/White_Breasted_Kingfisher_0017_73355.jpg,83,0
4829,083.White_breasted_Kingfisher/White_Breasted_Kingfisher_0063_73365.jpg,83,0
4830,083.White_breasted_Kingfisher/White_Breasted_Kingfisher_0012_73367.jpg,83,0
4831,083.White_breasted_Kingfisher/White_Breasted_Kingfisher_0111_73369.jpg,83,0
4832,083.White_breasted_Kingfisher/White_Breasted_Kingfisher_0089_73371.jpg,83,0
4833,083.White_breasted_Kingfisher/White_Breasted_Kingfisher_0065_73372.jpg,83,0
4834,083.White_breasted_Kingfisher/White_Breasted_Kingfisher_0078_73373.jpg,83,0
4836,083.White_breasted_Kingfisher/White_Breasted_Kingfisher_0104_73398.jpg,83,0
4837,083.White_breasted_Kingfisher/White_Breasted_Kingfisher_0119_73401.jpg,83,0
4843,083.White_breasted_Kingfisher/White_Breasted_Kingfisher_0050_73682.jpg,83,0
4847,083.White_breasted_Kingfisher/White_Breasted_Kingfisher_0015_73192.jpg,83,0
4854,084.Red_legged_Kittiwake/Red_Legged_Kittiwake_0033_795395.jpg,84,0
4856,084.Red_legged_Kittiwake/Red_Legged_Kittiwake_0050_795397.jpg,84,0
4862,084.Red_legged_Kittiwake/Red_Legged_Kittiwake_0051_795404.jpg,84,0
4863,084.Red_legged_Kittiwake/Red_Legged_Kittiwake_0013_795413.jpg,84,0
4864,084.Red_legged_Kittiwake/Red_Legged_Kittiwake_0060_795414.jpg,84,0
4866,084.Red_legged_Kittiwake/Red_Legged_Kittiwake_0058_795417.jpg,84,0
4870,084.Red_legged_Kittiwake/Red_Legged_Kittiwake_0059_795424.jpg,84,0
4872,084.Red_legged_Kittiwake/Red_Legged_Kittiwake_0039_795429.jpg,84,0
4874,084.Red_legged_Kittiwake/Red_Legged_Kittiwake_0014_795432.jpg,84,0
4875,084.Red_legged_Kittiwake/Red_Legged_Kittiwake_0048_73770.jpg,84,0
4879,084.Red_legged_Kittiwake/Red_Legged_Kittiwake_0020_795439.jpg,84,0
4883,084.Red_legged_Kittiwake/Red_Legged_Kittiwake_0047_795445.jpg,84,0
4884,084.Red_legged_Kittiwake/Red_Legged_Kittiwake_0028_795450.jpg,84,0
4885,084.Red_legged_Kittiwake/Red_Legged_Kittiwake_0017_795451.jpg,84,0
4888,084.Red_legged_Kittiwake/Red_Legged_Kittiwake_0040_795455.jpg,84,0
4889,084.Red_legged_Kittiwake/Red_Legged_Kittiwake_0015_73792.jpg,84,0
4891,084.Red_legged_Kittiwake/Red_Legged_Kittiwake_0009_795459.jpg,84,0
4901,084.Red_legged_Kittiwake/Red_Legged_Kittiwake_0037_73794.jpg,84,0
4902,084.Red_legged_Kittiwake/Red_Legged_Kittiwake_0061_795420.jpg,84,0
4903,084.Red_legged_Kittiwake/Red_Legged_Kittiwake_0003_795389.jpg,84,0
4905,084.Red_legged_Kittiwake/Red_Legged_Kittiwake_0062_795434.jpg,84,0
4908,085.Horned_Lark/Horned_Lark_0115_74271.jpg,85,0
4909,085.Horned_Lark/Horned_Lark_0065_74279.jpg,85,0
4911,085.Horned_Lark/Horned_Lark_0110_73826.jpg,85,0
4913,085.Horned_Lark/Horned_Lark_0033_74344.jpg,85,0
4914,085.Horned_Lark/Horned_Lark_0082_73833.jpg,85,0
4915,085.Horned_Lark/Horned_Lark_0006_73836.jpg,85,0
4917,085.Horned_Lark/Horned_Lark_0126_74354.jpg,85,0
4918,085.Horned_Lark/Horned_Lark_0001_73835.jpg,85,0
4919,085.Horned_Lark/Horned_Lark_0004_73861.jpg,85,0
4921,085.Horned_Lark/Horned_Lark_0056_74896.jpg,85,0
4924,085.Horned_Lark/Horned_Lark_0141_74396.jpg,85,0
4925,085.Horned_Lark/Horned_Lark_0026_74910.jpg,85,0
4926,085.Horned_Lark/Horned_Lark_0064_74864.jpg,85,0
4927,085.Horned_Lark/Horned_Lark_0048_73894.jpg,85,0
4928,085.Horned_Lark/Horned_Lark_0094_74407.jpg,85,0
4931,085.Horned_Lark/Horned_Lark_0125_73910.jpg,85,0
4934,085.Horned_Lark/Horned_Lark_0083_74444.jpg,85,0
4936,085.Horned_Lark/Horned_Lark_0034_73940.jpg,85,0
4939,085.Horned_Lark/Horned_Lark_0014_74963.jpg,85,0
4940,085.Horned_Lark/Horned_Lark_0139_74492.jpg,85,0
4942,085.Horned_Lark/Horned_Lark_0087_73989.jpg,85,0
4943,085.Horned_Lark/Horned_Lark_0019_73996.jpg,85,0
4944,085.Horned_Lark/Horned_Lark_0012_74511.jpg,85,0
4949,085.Horned_Lark/Horned_Lark_0075_74126.jpg,85,0
4958,085.Horned_Lark/Horned_Lark_0104_74142.jpg,85,0
4960,085.Horned_Lark/Horned_Lark_0112_73971.jpg,85,0
4963,085.Horned_Lark/Horned_Lark_0108_74193.jpg,85,0
4965,085.Horned_Lark/Horned_Lark_0040_74214.jpg,85,0
4967,086.Pacific_Loon/Pacific_Loon_0048_75524.jpg,86,0
4971,086.Pacific_Loon/Pacific_Loon_0064_75532.jpg,86,0
4973,086.Pacific_Loon/Pacific_Loon_0027_75542.jpg,86,0
4976,086.Pacific_Loon/Pacific_Loon_0049_75780.jpg,86,0
4979,086.Pacific_Loon/Pacific_Loon_0041_75782.jpg,86,0
4980,086.Pacific_Loon/Pacific_Loon_0004_75815.jpg,86,0
4981,086.Pacific_Loon/Pacific_Loon_0010_75818.jpg,86,0
4982,086.Pacific_Loon/Pacific_Loon_0018_75564.jpg,86,0
4983,086.Pacific_Loon/Pacific_Loon_0033_75571.jpg,86,0
4984,086.Pacific_Loon/Pacific_Loon_0005_75829.jpg,86,0
4986,086.Pacific_Loon/Pacific_Loon_0068_75836.jpg,86,0
4987,086.Pacific_Loon/Pacific_Loon_0062_75587.jpg,86,0
4989,086.Pacific_Loon/Pacific_Loon_0045_75589.jpg,86,0
4990,086.Pacific_Loon/Pacific_Loon_0026_75593.jpg,86,0
4991,086.Pacific_Loon/Pacific_Loon_0020_75596.jpg,86,0
4995,086.Pacific_Loon/Pacific_Loon_0053_77673.jpg,86,0
4996,086.Pacific_Loon/Pacific_Loon_0042_75385.jpg,86,0
4998,086.Pacific_Loon/Pacific_Loon_0050_75388.jpg,86,0
4999,086.Pacific_Loon/Pacific_Loon_0047_75393.jpg,86,0
5002,086.Pacific_Loon/Pacific_Loon_0040_75414.jpg,86,0
5005,086.Pacific_Loon/Pacific_Loon_0008_75428.jpg,86,0
5009,086.Pacific_Loon/Pacific_Loon_0032_75441.jpg,86,0
5010,086.Pacific_Loon/Pacific_Loon_0003_75442.jpg,86,0
5012,086.Pacific_Loon/Pacific_Loon_0069_75446.jpg,86,0
5013,086.Pacific_Loon/Pacific_Loon_0059_75706.jpg,86,0
5015,086.Pacific_Loon/Pacific_Loon_0044_75467.jpg,86,0
5021,086.Pacific_Loon/Pacific_Loon_0043_75747.jpg,86,0
5025,086.Pacific_Loon/Pacific_Loon_0002_75775.jpg,86,0
5026,087.Mallard/Mallard_0131_76296.jpg,87,0
5027,087.Mallard/Mallard_0016_76315.jpg,87,0
5028,087.Mallard/Mallard_0044_76317.jpg,87,0
5029,087.Mallard/Mallard_0130_76836.jpg,87,0
5031,087.Mallard/Mallard_0115_76840.jpg,87,0
5034,087.Mallard/Mallard_0128_77396.jpg,87,0
5036,087.Mallard/Mallard_0038_76902.jpg,87,0
5041,087.Mallard/Mallard_0033_76565.jpg,87,0
5045,087.Mallard/Mallard_0064_76654.jpg,87,0
5046,087.Mallard/Mallard_0024_75932.jpg,87,0
5049,087.Mallard/Mallard_0048_76995.jpg,87,0
5051,087.Mallard/Mallard_0107_76498.jpg,87,0
5055,087.Mallard/Mallard_0028_76010.jpg,87,0
5056,087.Mallard/Mallard_0043_77038.jpg,87,0
5057,087.Mallard/Mallard_0112_77046.jpg,87,0
5059,087.Mallard/Mallard_0083_77052.jpg,87,0
5061,087.Mallard/Mallard_0089_77068.jpg,87,0
5062,087.Mallard/Mallard_0070_77588.jpg,87,0
5066,087.Mallard/Mallard_0035_77095.jpg,87,0
5070,087.Mallard/Mallard_0109_76616.jpg,87,0
5071,087.Mallard/Mallard_0045_77129.jpg,87,0
5072,087.Mallard/Mallard_0067_77623.jpg,87,0
5074,087.Mallard/Mallard_0087_77499.jpg,87,0
5078,087.Mallard/Mallard_0046_76165.jpg,87,0
5081,087.Mallard/Mallard_0138_76735.jpg,87,0
5082,087.Mallard/Mallard_0078_76238.jpg,87,0
5084,087.Mallard/Mallard_0081_76266.jpg,87,0
5085,087.Mallard/Mallard_0004_76958.jpg,87,0
5090,088.Western_Meadowlark/Western_Meadowlark_0034_78869.jpg,88,0
5094,088.Western_Meadowlark/Western_Meadowlark_0060_78368.jpg,88,0
5095,088.Western_Meadowlark/Western_Meadowlark_0116_77862.jpg,88,0
5097,088.Western_Meadowlark/Western_Meadowlark_0032_78633.jpg,88,0
5098,088.Western_Meadowlark/Western_Meadowlark_0086_78636.jpg,88,0
5100,088.Western_Meadowlark/Western_Meadowlark_0019_77876.jpg,88,0
5101,088.Western_Meadowlark/Western_Meadowlark_0018_77880.jpg,88,0
5102,088.Western_Meadowlark/Western_Meadowlark_0115_77882.jpg,88,0
5104,088.Western_Meadowlark/Western_Meadowlark_0121_78402.jpg,88,0
5105,088.Western_Meadowlark/Western_Meadowlark_0022_78410.jpg,88,0
5106,088.Western_Meadowlark/Western_Meadowlark_0108_78155.jpg,88,0
5107,088.Western_Meadowlark/Western_Meadowlark_0096_77901.jpg,88,0
5108,088.Western_Meadowlark/Western_Meadowlark_0111_78674.jpg,88,0
5110,088.Western_Meadowlark/Western_Meadowlark_0014_78421.jpg,88,0
5113,088.Western_Meadowlark/Western_Meadowlark_0107_78608.jpg,88,0
5115,088.Western_Meadowlark/Western_Meadowlark_0026_78438.jpg,88,0
5118,088.Western_Meadowlark/Western_Meadowlark_0033_78312.jpg,88,0
5119,088.Western_Meadowlark/Western_Meadowlark_0083_78197.jpg,88,0
5120,088.Western_Meadowlark/Western_Meadowlark_0063_77946.jpg,88,0
5122,088.Western_Meadowlark/Western_Meadowlark_0028_78487.jpg,88,0
5124,088.Western_Meadowlark/Western_Meadowlark_0101_78899.jpg,88,0
5125,088.Western_Meadowlark/Western_Meadowlark_0103_78500.jpg,88,0
5132,088.Western_Meadowlark/Western_Meadowlark_0037_77759.jpg,88,0
5133,088.Western_Meadowlark/Western_Meadowlark_0067_78529.jpg,88,0
5134,088.Western_Meadowlark/Western_Meadowlark_0064_78027.jpg,88,0
5136,088.Western_Meadowlark/Western_Meadowlark_0100_78037.jpg,88,0
5137,088.Western_Meadowlark/Western_Meadowlark_0029_78832.jpg,88,0
5141,088.Western_Meadowlark/Western_Meadowlark_0076_77811.jpg,88,0
5146,089.Hooded_Merganser/Hooded_Merganser_0056_79112.jpg,89,0
5154,089.Hooded_Merganser/Hooded_Merganser_0037_796731.jpg,89,0
5160,089.Hooded_Merganser/Hooded_Merganser_0012_796748.jpg,89,0
5161,089.Hooded_Merganser/Hooded_Merganser_0048_796749.jpg,89,0
5165,089.Hooded_Merganser/Hooded_Merganser_0076_796756.jpg,89,0
5166,089.Hooded_Merganser/Hooded_Merganser_0074_796757.jpg,89,0
5167,089.Hooded_Merganser/Hooded_Merganser_0071_796760.jpg,89,0
5169,089.Hooded_Merganser/Hooded_Merganser_0046_796764.jpg,89,0
5177,089.Hooded_Merganser/Hooded_Merganser_0086_796780.jpg,89,0
5178,089.Hooded_Merganser/Hooded_Merganser_0002_796781.jpg,89,0
5179,089.Hooded_Merganser/Hooded_Merganser_0026_796782.jpg,89,0
5182,089.Hooded_Merganser/Hooded_Merganser_0047_78962.jpg,89,0
5183,089.Hooded_Merganser/Hooded_Merganser_0087_78972.jpg,89,0
5186,089.Hooded_Merganser/Hooded_Merganser_0018_78979.jpg,89,0
5188,089.Hooded_Merganser/Hooded_Merganser_0092_78989.jpg,89,0
5189,089.Hooded_Merganser/Hooded_Merganser_0025_78996.jpg,89,0
5190,089.Hooded_Merganser/Hooded_Merganser_0062_78998.jpg,89,0
5191,089.Hooded_Merganser/Hooded_Merganser_0043_796783.jpg,89,0
5192,089.Hooded_Merganser/Hooded_Merganser_0009_79012.jpg,89,0
5193,089.Hooded_Merganser/Hooded_Merganser_0010_796785.jpg,89,0
5195,089.Hooded_Merganser/Hooded_Merganser_0094_796786.jpg,89,0
5197,089.Hooded_Merganser/Hooded_Merganser_0016_79079.jpg,89,0
5198,089.Hooded_Merganser/Hooded_Merganser_0064_79040.jpg,89,0
5199,089.Hooded_Merganser/Hooded_Merganser_0020_79046.jpg,89,0
5201,089.Hooded_Merganser/Hooded_Merganser_0068_79057.jpg,89,0
5202,089.Hooded_Merganser/Hooded_Merganser_0028_79061.jpg,89,0
5203,089.Hooded_Merganser/Hooded_Merganser_0063_79064.jpg,89,0
5205,089.Hooded_Merganser/Hooded_Merganser_0072_78973.jpg,89,0
5207,090.Red_breasted_Merganser/Red_Breasted_Merganser_0031_79372.jpg,90,0
5209,090.Red_breasted_Merganser/Red_Breasted_Merganser_0043_79295.jpg,90,0
5213,090.Red_breasted_Merganser/Red_Breasted_Merganser_0030_79411.jpg,90,0
5214,090.Red_breasted_Merganser/Red_Breasted_Merganser_0067_79167.jpg,90,0
5216,090.Red_breasted_Merganser/Red_Breasted_Merganser_0012_79425.jpg,90,0
5219,090.Red_breasted_Merganser/Red_Breasted_Merganser_0077_79180.jpg,90,0
5220,090.Red_breasted_Merganser/Red_Breasted_Merganser_0042_79202.jpg,90,0
5223,090.Red_breasted_Merganser/Red_Breasted_Merganser_0061_79453.jpg,90,0
5224,090.Red_breasted_Merganser/Red_Breasted_Merganser_0001_79199.jpg,90,0
5225,090.Red_breasted_Merganser/Red_Breasted_Merganser_0035_79200.jpg,90,0
5226,090.Red_breasted_Merganser/Red_Breasted_Merganser_0008_79458.jpg,90,0
5227,090.Red_breasted_Merganser/Red_Breasted_Merganser_0068_79203.jpg,90,0
5229,090.Red_breasted_Merganser/Red_Breasted_Merganser_0014_79205.jpg,90,0
5232,090.Red_breasted_Merganser/Red_Breasted_Merganser_0082_79214.jpg,90,0
5234,090.Red_breasted_Merganser/Red_Breasted_Merganser_0051_79474.jpg,90,0
5238,090.Red_breasted_Merganser/Red_Breasted_Merganser_0024_79483.jpg,90,0
5240,090.Red_breasted_Merganser/Red_Breasted_Merganser_0004_79232.jpg,90,0
5243,090.Red_breasted_Merganser/Red_Breasted_Merganser_0079_79519.jpg,90,0
5245,090.Red_breasted_Merganser/Red_Breasted_Merganser_0066_79275.jpg,90,0
5247,090.Red_breasted_Merganser/Red_Breasted_Merganser_0027_79284.jpg,90,0
5250,090.Red_breasted_Merganser/Red_Breasted_Merganser_0034_79292.jpg,90,0
5253,090.Red_breasted_Merganser/Red_Breasted_Merganser_0083_79562.jpg,90,0
5254,090.Red_breasted_Merganser/Red_Breasted_Merganser_0064_79563.jpg,90,0
5257,090.Red_breasted_Merganser/Red_Breasted_Merganser_0070_79570.jpg,90,0
5258,090.Red_breasted_Merganser/Red_Breasted_Merganser_0041_79574.jpg,90,0
5259,090.Red_breasted_Merganser/Red_Breasted_Merganser_0009_79576.jpg,90,0
5263,090.Red_breasted_Merganser/Red_Breasted_Merganser_0056_79348.jpg,90,0
5265,090.Red_breasted_Merganser/Red_Breasted_Merganser_0045_79358.jpg,90,0
5266,091.Mockingbird/Mockingbird_0030_79876.jpg,91,0
5272,091.Mockingbird/Mockingbird_0006_79819.jpg,91,0
5273,091.Mockingbird/Mockingbird_0095_81177.jpg,91,0
5274,091.Mockingbird/Mockingbird_0084_80670.jpg,91,0
5275,091.Mockingbird/Mockingbird_0018_81183.jpg,91,0
5276,091.Mockingbird/Mockingbird_0054_81703.jpg,91,0
5277,091.Mockingbird/Mockingbird_0078_80426.jpg,91,0
5282,091.Mockingbird/Mockingbird_0076_79934.jpg,91,0
5283,091.Mockingbird/Mockingbird_0025_79935.jpg,91,0
5284,091.Mockingbird/Mockingbird_0012_81216.jpg,91,0
5290,091.Mockingbird/Mockingbird_0027_80980.jpg,91,0
5291,091.Mockingbird/Mockingbird_0013_82010.jpg,91,0
5296,091.Mockingbird/Mockingbird_0026_81214.jpg,91,0
5298,091.Mockingbird/Mockingbird_0042_81728.jpg,91,0
5299,091.Mockingbird/Mockingbird_0067_79723.jpg,91,0
5301,091.Mockingbird/Mockingbird_0040_79680.jpg,91,0
5306,091.Mockingbird/Mockingbird_0022_80552.jpg,91,0
5307,091.Mockingbird/Mockingbird_0064_81068.jpg,91,0
5309,091.Mockingbird/Mockingbird_0082_80570.jpg,91,0
5312,091.Mockingbird/Mockingbird_0001_79812.jpg,91,0
5316,091.Mockingbird/Mockingbird_0021_80343.jpg,91,0
5317,091.Mockingbird/Mockingbird_0089_80601.jpg,91,0
5318,091.Mockingbird/Mockingbird_0098_81117.jpg,91,0
5319,091.Mockingbird/Mockingbird_0071_80357.jpg,91,0
5320,091.Mockingbird/Mockingbird_0009_81130.jpg,91,0
5321,091.Mockingbird/Mockingbird_0051_79599.jpg,91,0
5324,091.Mockingbird/Mockingbird_0016_79605.jpg,91,0
5325,091.Mockingbird/Mockingbird_0023_80121.jpg,91,0
5326,092.Nighthawk/Nighthawk_0078_795340.jpg,92,0
5328,092.Nighthawk/Nighthawk_0016_84490.jpg,92,0
5329,092.Nighthawk/Nighthawk_0017_84237.jpg,92,0
5330,092.Nighthawk/Nighthawk_0064_82196.jpg,92,0
5331,092.Nighthawk/Nighthawk_0029_83733.jpg,92,0
5332,092.Nighthawk/Nighthawk_0084_84510.jpg,92,0
5334,092.Nighthawk/Nighthawk_0088_82225.jpg,92,0
5335,092.Nighthawk/Nighthawk_0059_82741.jpg,92,0
5336,092.Nighthawk/Nighthawk_0066_82238.jpg,92,0
5337,092.Nighthawk/Nighthawk_0024_83519.jpg,92,0
5343,092.Nighthawk/Nighthawk_0062_84573.jpg,92,0
5344,092.Nighthawk/Nighthawk_0087_82280.jpg,92,0
5346,092.Nighthawk/Nighthawk_0005_84594.jpg,92,0
5347,092.Nighthawk/Nighthawk_0042_83603.jpg,92,0
5349,092.Nighthawk/Nighthawk_0025_82808.jpg,92,0
5352,092.Nighthawk/Nighthawk_0021_82562.jpg,92,0
5353,092.Nighthawk/Nighthawk_0047_82820.jpg,92,0
5361,092.Nighthawk/Nighthawk_0020_83869.jpg,92,0
5363,092.Nighthawk/Nighthawk_0026_83911.jpg,92,0
5364,092.Nighthawk/Nighthawk_0031_83636.jpg,92,0
5365,092.Nighthawk/Nighthawk_0069_82613.jpg,92,0
5369,092.Nighthawk/Nighthawk_0048_83648.jpg,92,0
5373,092.Nighthawk/Nighthawk_0054_795337.jpg,92,0
5376,092.Nighthawk/Nighthawk_0028_82636.jpg,92,0
5379,092.Nighthawk/Nighthawk_0053_84436.jpg,92,0
5380,092.Nighthawk/Nighthawk_0013_83670.jpg,92,0
5383,092.Nighthawk/Nighthawk_0007_83419.jpg,92,0
5384,092.Nighthawk/Nighthawk_0070_82676.jpg,92,0
5386,093.Clark_Nutcracker/Clark_Nutcracker_0096_84996.jpg,93,0
5388,093.Clark_Nutcracker/Clark_Nutcracker_0104_85531.jpg,93,0
5389,093.Clark_Nutcracker/Clark_Nutcracker_0134_85534.jpg,93,0
5390,093.Clark_Nutcracker/Clark_Nutcracker_0076_85083.jpg,93,0
5391,093.Clark_Nutcracker/Clark_Nutcracker_0102_85089.jpg,93,0
5395,093.Clark_Nutcracker/Clark_Nutcracker_0090_85116.jpg,93,0
5399,093.Clark_Nutcracker/Clark_Nutcracker_0126_85134.jpg,93,0
5402,093.Clark_Nutcracker/Clark_Nutcracker_0107_85662.jpg,93,0
5403,093.Clark_Nutcracker/Clark_Nutcracker_0018_85166.jpg,93,0
5406,093.Clark_Nutcracker/Clark_Nutcracker_0131_85701.jpg,93,0
5409,093.Clark_Nutcracker/Clark_Nutcracker_0099_85717.jpg,93,0
5410,093.Clark_Nutcracker/Clark_Nutcracker_0024_85718.jpg,93,0
5411,093.Clark_Nutcracker/Clark_Nutcracker_0072_85742.jpg,93,0
5412,093.Clark_Nutcracker/Clark_Nutcracker_0047_85630.jpg,93,0
5413,093.Clark_Nutcracker/Clark_Nutcracker_0027_85266.jpg,93,0
5421,093.Clark_Nutcracker/Clark_Nutcracker_0110_85217.jpg,93,0
5422,093.Clark_Nutcracker/Clark_Nutcracker_0093_84809.jpg,93,0
5423,093.Clark_Nutcracker/Clark_Nutcracker_0142_85322.jpg,93,0
5426,093.Clark_Nutcracker/Clark_Nutcracker_0033_85358.jpg,93,0
5427,093.Clark_Nutcracker/Clark_Nutcracker_0043_84853.jpg,93,0
5428,093.Clark_Nutcracker/Clark_Nutcracker_0106_84856.jpg,93,0
5431,093.Clark_Nutcracker/Clark_Nutcracker_0014_85386.jpg,93,0
5434,093.Clark_Nutcracker/Clark_Nutcracker_0078_85416.jpg,93,0
5435,093.Clark_Nutcracker/Clark_Nutcracker_0116_84807.jpg,93,0
5437,093.Clark_Nutcracker/Clark_Nutcracker_0121_85435.jpg,93,0
5438,093.Clark_Nutcracker/Clark_Nutcracker_0139_84942.jpg,93,0
5440,093.Clark_Nutcracker/Clark_Nutcracker_0051_84950.jpg,93,0
5445,093.Clark_Nutcracker/Clark_Nutcracker_0113_85587.jpg,93,0
5446,094.White_breasted_Nuthatch/White_Breasted_Nuthatch_0092_86016.jpg,94,0
5447,094.White_breasted_Nuthatch/White_Breasted_Nuthatch_0014_86023.jpg,94,0
5448,094.White_breasted_Nuthatch/White_Breasted_Nuthatch_0003_86029.jpg,94,0
5449,094.White_breasted_Nuthatch/White_Breasted_Nuthatch_0060_86031.jpg,94,0
5451,094.White_breasted_Nuthatch/White_Breasted_Nuthatch_0110_86038.jpg,94,0
5453,094.White_breasted_Nuthatch/White_Breasted_Nuthatch_0086_86553.jpg,94,0
5455,094.White_breasted_Nuthatch/White_Breasted_Nuthatch_0018_85937.jpg,94,0
5457,094.White_breasted_Nuthatch/White_Breasted_Nuthatch_0063_86573.jpg,94,0
5464,094.White_breasted_Nuthatch/White_Breasted_Nuthatch_0020_86143.jpg,94,0
5468,094.White_breasted_Nuthatch/White_Breasted_Nuthatch_0119_86182.jpg,94,0
5470,094.White_breasted_Nuthatch/White_Breasted_Nuthatch_0101_86708.jpg,94,0
5471,094.White_breasted_Nuthatch/White_Breasted_Nuthatch_0024_86200.jpg,94,0
5474,094.White_breasted_Nuthatch/White_Breasted_Nuthatch_0129_86761.jpg,94,0
5476,094.White_breasted_Nuthatch/White_Breasted_Nuthatch_0075_86289.jpg,94,0
5479,094.White_breasted_Nuthatch/White_Breasted_Nuthatch_0108_86308.jpg,94,0
5480,094.White_breasted_Nuthatch/White_Breasted_Nuthatch_0076_85801.jpg,94,0
5483,094.White_breasted_Nuthatch/White_Breasted_Nuthatch_0050_85815.jpg,94,0
5485,094.White_breasted_Nuthatch/White_Breasted_Nuthatch_0030_85823.jpg,94,0
5487,094.White_breasted_Nuthatch/White_Breasted_Nuthatch_0090_86856.jpg,94,0
5488,094.White_breasted_Nuthatch/White_Breasted_Nuthatch_0059_85903.jpg,94,0
5489,094.White_breasted_Nuthatch/White_Breasted_Nuthatch_0132_86876.jpg,94,0
5491,094.White_breasted_Nuthatch/White_Breasted_Nuthatch_0120_85890.jpg,94,0
5494,094.White_breasted_Nuthatch/White_Breasted_Nuthatch_0070_85983.jpg,94,0
5496,094.White_breasted_Nuthatch/White_Breasted_Nuthatch_0078_85828.jpg,94,0
5497,094.White_breasted_Nuthatch/White_Breasted_Nuthatch_0082_86435.jpg,94,0
5499,094.White_breasted_Nuthatch/White_Breasted_Nuthatch_0004_86969.jpg,94,0
5502,094.White_breasted_Nuthatch/White_Breasted_Nuthatch_0103_86470.jpg,94,0
5505,094.White_breasted_Nuthatch/White_Breasted_Nuthatch_0042_86488.jpg,94,0
5506,095.Baltimore_Oriole/Baltimore_Oriole_0127_87560.jpg,95,0
5508,095.Baltimore_Oriole/Baltimore_Oriole_0090_87054.jpg,95,0
5509,095.Baltimore_Oriole/Baltimore_Oriole_0060_89616.jpg,95,0
5510,095.Baltimore_Oriole/Baltimore_Oriole_0108_87576.jpg,95,0
5515,095.Baltimore_Oriole/Baltimore_Oriole_0126_89651.jpg,95,0
5519,095.Baltimore_Oriole/Baltimore_Oriole_0047_89686.jpg,95,0
5520,095.Baltimore_Oriole/Baltimore_Oriole_0076_89705.jpg,95,0
5521,095.Baltimore_Oriole/Baltimore_Oriole_0083_89712.jpg,95,0
5524,095.Baltimore_Oriole/Baltimore_Oriole_0019_88186.jpg,95,0
5525,095.Baltimore_Oriole/Baltimore_Oriole_0087_89726.jpg,95,0
5527,095.Baltimore_Oriole/Baltimore_Oriole_0073_87187.jpg,95,0
5530,095.Baltimore_Oriole/Baltimore_Oriole_0042_87216.jpg,95,0
5531,095.Baltimore_Oriole/Baltimore_Oriole_0051_89722.jpg,95,0
5532,095.Baltimore_Oriole/Baltimore_Oriole_0054_89825.jpg,95,0
5533,095.Baltimore_Oriole/Baltimore_Oriole_0018_87782.jpg,95,0
5536,095.Baltimore_Oriole/Baltimore_Oriole_0037_87337.jpg,95,0
5537,095.Baltimore_Oriole/Baltimore_Oriole_0058_87296.jpg,95,0
5538,095.Baltimore_Oriole/Baltimore_Oriole_0065_87303.jpg,95,0
5539,095.Baltimore_Oriole/Baltimore_Oriole_0114_89873.jpg,95,0
5541,095.Baltimore_Oriole/Baltimore_Oriole_0016_89885.jpg,95,0
5542,095.Baltimore_Oriole/Baltimore_Oriole_0082_87838.jpg,95,0
5544,095.Baltimore_Oriole/Baltimore_Oriole_0056_88355.jpg,95,0
5546,095.Baltimore_Oriole/Baltimore_Oriole_0086_88375.jpg,95,0
5547,095.Baltimore_Oriole/Baltimore_Oriole_0041_87367.jpg,95,0
5548,095.Baltimore_Oriole/Baltimore_Oriole_0006_89935.jpg,95,0
5550,095.Baltimore_Oriole/Baltimore_Oriole_0066_87380.jpg,95,0
5551,095.Baltimore_Oriole/Baltimore_Oriole_0109_87398.jpg,95,0
5555,095.Baltimore_Oriole/Baltimore_Oriole_0112_87447.jpg,95,0
5567,096.Hooded_Oriole/Hooded_Oriole_0008_90118.jpg,96,0
5568,096.Hooded_Oriole/Hooded_Oriole_0047_90637.jpg,96,0
5569,096.Hooded_Oriole/Hooded_Oriole_0037_91156.jpg,96,0
5570,096.Hooded_Oriole/Hooded_Oriole_0024_90157.jpg,96,0
5571,096.Hooded_Oriole/Hooded_Oriole_0006_90685.jpg,96,0
5572,096.Hooded_Oriole/Hooded_Oriole_0034_90686.jpg,96,0
5574,096.Hooded_Oriole/Hooded_Oriole_0127_90200.jpg,96,0
5575,096.Hooded_Oriole/Hooded_Oriole_0048_89957.jpg,96,0
5576,096.Hooded_Oriole/Hooded_Oriole_0041_90218.jpg,96,0
5578,096.Hooded_Oriole/Hooded_Oriole_0056_89966.jpg,96,0
5580,096.Hooded_Oriole/Hooded_Oriole_0072_90298.jpg,96,0
5585,096.Hooded_Oriole/Hooded_Oriole_0095_90337.jpg,96,0
5588,096.Hooded_Oriole/Hooded_Oriole_0088_90356.jpg,96,0
5589,096.Hooded_Oriole/Hooded_Oriole_0105_90875.jpg,96,0
5591,096.Hooded_Oriole/Hooded_Oriole_0077_90886.jpg,96,0
5597,096.Hooded_Oriole/Hooded_Oriole_0010_90413.jpg,96,0
5598,096.Hooded_Oriole/Hooded_Oriole_0045_90415.jpg,96,0
5602,096.Hooded_Oriole/Hooded_Oriole_0129_90441.jpg,96,0
5605,096.Hooded_Oriole/Hooded_Oriole_0063_90976.jpg,96,0
5608,096.Hooded_Oriole/Hooded_Oriole_0029_90485.jpg,96,0
5610,096.Hooded_Oriole/Hooded_Oriole_0107_89985.jpg,96,0
5613,096.Hooded_Oriole/Hooded_Oriole_0014_90594.jpg,96,0
5614,096.Hooded_Oriole/Hooded_Oriole_0002_91034.jpg,96,0
5615,096.Hooded_Oriole/Hooded_Oriole_0004_91057.jpg,96,0
5616,096.Hooded_Oriole/Hooded_Oriole_0087_90037.jpg,96,0
5617,096.Hooded_Oriole/Hooded_Oriole_0082_90045.jpg,96,0
5624,096.Hooded_Oriole/Hooded_Oriole_0084_90607.jpg,96,0
5625,096.Hooded_Oriole/Hooded_Oriole_0007_91133.jpg,96,0
5626,097.Orchard_Oriole/Orchard_Oriole_0077_91651.jpg,97,0
5627,097.Orchard_Oriole/Orchard_Oriole_0065_91397.jpg,97,0
5632,097.Orchard_Oriole/Orchard_Oriole_0085_91411.jpg,97,0
5633,097.Orchard_Oriole/Orchard_Oriole_0114_91412.jpg,97,0
5634,097.Orchard_Oriole/Orchard_Oriole_0054_91414.jpg,97,0
5638,097.Orchard_Oriole/Orchard_Oriole_0013_91945.jpg,97,0
5639,097.Orchard_Oriole/Orchard_Oriole_0105_91186.jpg,97,0
5640,097.Orchard_Oriole/Orchard_Oriole_0026_91444.jpg,97,0
5644,097.Orchard_Oriole/Orchard_Oriole_0045_91205.jpg,97,0
5645,097.Orchard_Oriole/Orchard_Oriole_0074_91979.jpg,97,0
5647,097.Orchard_Oriole/Orchard_Oriole_0107_91472.jpg,97,0
5649,097.Orchard_Oriole/Orchard_Oriole_0113_88407.jpg,97,0
5650,097.Orchard_Oriole/Orchard_Oriole_0101_91233.jpg,97,0
5652,097.Orchard_Oriole/Orchard_Oriole_0093_92020.jpg,97,0
5653,097.Orchard_Oriole/Orchard_Oriole_0041_91258.jpg,97,0
5654,097.Orchard_Oriole/Orchard_Oriole_0055_91515.jpg,97,0
5656,097.Orchard_Oriole/Orchard_Oriole_0027_91265.jpg,97,0
5660,097.Orchard_Oriole/Orchard_Oriole_0108_91530.jpg,97,0
5664,097.Orchard_Oriole/Orchard_Oriole_0106_91830.jpg,97,0
5667,097.Orchard_Oriole/Orchard_Oriole_0017_91801.jpg,97,0
5668,097.Orchard_Oriole/Orchard_Oriole_0036_91818.jpg,97,0
5669,097.Orchard_Oriole/Orchard_Oriole_0058_91819.jpg,97,0
5672,097.Orchard_Oriole/Orchard_Oriole_0088_92086.jpg,97,0
5677,097.Orchard_Oriole/Orchard_Oriole_0030_91612.jpg,97,0
5679,097.Orchard_Oriole/Orchard_Oriole_0018_91601.jpg,97,0
5682,097.Orchard_Oriole/Orchard_Oriole_0070_91383.jpg,97,0
5683,097.Orchard_Oriole/Orchard_Oriole_0021_91644.jpg,97,0
5685,098.Scott_Oriole/Scott_Oriole_0015_795862.jpg,98,0
5686,098.Scott_Oriole/Scott_Oriole_0007_92439.jpg,98,0
5687,098.Scott_Oriole/Scott_Oriole_0052_92440.jpg,98,0
5693,098.Scott_Oriole/Scott_Oriole_0044_92262.jpg,98,0
5694,098.Scott_Oriole/Scott_Oriole_0028_92270.jpg,98,0
5697,098.Scott_Oriole/Scott_Oriole_0054_92310.jpg,98,0
5700,098.Scott_Oriole/Scott_Oriole_0053_795805.jpg,98,0
5703,098.Scott_Oriole/Scott_Oriole_0070_795808.jpg,98,0
5706,098.Scott_Oriole/Scott_Oriole_0063_795812.jpg,98,0
5707,098.Scott_Oriole/Scott_Oriole_0034_795813.jpg,98,0
5711,098.Scott_Oriole/Scott_Oriole_0038_795818.jpg,98,0
5712,098.Scott_Oriole/Scott_Oriole_0065_795819.jpg,98,0
5714,098.Scott_Oriole/Scott_Oriole_0072_795822.jpg,98,0
5715,098.Scott_Oriole/Scott_Oriole_0055_795825.jpg,98,0
5717,098.Scott_Oriole/Scott_Oriole_0014_795827.jpg,98,0
5719,098.Scott_Oriole/Scott_Oriole_0002_795829.jpg,98,0
5722,098.Scott_Oriole/Scott_Oriole_0017_795832.jpg,98,0
5725,098.Scott_Oriole/Scott_Oriole_0011_795836.jpg,98,0
5728,098.Scott_Oriole/Scott_Oriole_0018_795840.jpg,98,0
5730,098.Scott_Oriole/Scott_Oriole_0029_795846.jpg,98,0
5731,098.Scott_Oriole/Scott_Oriole_0071_795848.jpg,98,0
5734,098.Scott_Oriole/Scott_Oriole_0035_795851.jpg,98,0
5735,098.Scott_Oriole/Scott_Oriole_0010_795852.jpg,98,0
5736,098.Scott_Oriole/Scott_Oriole_0073_92369.jpg,98,0
5738,098.Scott_Oriole/Scott_Oriole_0046_92371.jpg,98,0
5739,098.Scott_Oriole/Scott_Oriole_0084_795860.jpg,98,0
5740,098.Scott_Oriole/Scott_Oriole_0081_92374.jpg,98,0
5741,098.Scott_Oriole/Scott_Oriole_0036_795850.jpg,98,0
5746,099.Ovenbird/Ovenbird_0108_92675.jpg,99,0
5748,099.Ovenbird/Ovenbird_0047_93203.jpg,99,0
5749,099.Ovenbird/Ovenbird_0019_92699.jpg,99,0
5751,099.Ovenbird/Ovenbird_0093_92705.jpg,99,0
5752,099.Ovenbird/Ovenbird_0033_93232.jpg,99,0
5753,099.Ovenbird/Ovenbird_0089_93234.jpg,99,0
5755,099.Ovenbird/Ovenbird_0012_92778.jpg,99,0
5757,099.Ovenbird/Ovenbird_0095_92796.jpg,99,0
5759,099.Ovenbird/Ovenbird_0044_92828.jpg,99,0
5760,099.Ovenbird/Ovenbird_0026_92850.jpg,99,0
5763,099.Ovenbird/Ovenbird_0043_93374.jpg,99,0
5766,099.Ovenbird/Ovenbird_0048_92876.jpg,99,0
5768,099.Ovenbird/Ovenbird_0084_92901.jpg,99,0
5769,099.Ovenbird/Ovenbird_0092_93416.jpg,99,0
5774,099.Ovenbird/Ovenbird_0099_93148.jpg,99,0
5777,099.Ovenbird/Ovenbird_0122_92993.jpg,99,0
5784,099.Ovenbird/Ovenbird_0015_93037.jpg,99,0
5785,099.Ovenbird/Ovenbird_0023_92534.jpg,99,0
5786,099.Ovenbird/Ovenbird_0020_93049.jpg,99,0
5787,099.Ovenbird/Ovenbird_0131_92559.jpg,99,0
5788,099.Ovenbird/Ovenbird_0083_92561.jpg,99,0
5789,099.Ovenbird/Ovenbird_0058_93078.jpg,99,0
5791,099.Ovenbird/Ovenbird_0094_92577.jpg,99,0
5795,099.Ovenbird/Ovenbird_0101_93104.jpg,99,0
5797,099.Ovenbird/Ovenbird_0126_92602.jpg,99,0
5798,099.Ovenbird/Ovenbird_0081_93115.jpg,99,0
5799,099.Ovenbird/Ovenbird_0079_92610.jpg,99,0
5801,099.Ovenbird/Ovenbird_0070_93140.jpg,99,0
5805,100.Brown_Pelican/Brown_Pelican_0127_93700.jpg,100,0
5806,100.Brown_Pelican/Brown_Pelican_0041_93720.jpg,100,0
5807,100.Brown_Pelican/Brown_Pelican_0102_93727.jpg,100,0
5808,100.Brown_Pelican/Brown_Pelican_0115_93731.jpg,100,0
5809,100.Brown_Pelican/Brown_Pelican_0009_94256.jpg,100,0
5810,100.Brown_Pelican/Brown_Pelican_0002_94773.jpg,100,0
5813,100.Brown_Pelican/Brown_Pelican_0110_93622.jpg,100,0
5814,100.Brown_Pelican/Brown_Pelican_0097_93767.jpg,100,0
5815,100.Brown_Pelican/Brown_Pelican_0095_94290.jpg,100,0
5817,100.Brown_Pelican/Brown_Pelican_0066_94840.jpg,100,0
5818,100.Brown_Pelican/Brown_Pelican_0075_95357.jpg,100,0
5820,100.Brown_Pelican/Brown_Pelican_0087_94358.jpg,100,0
5823,100.Brown_Pelican/Brown_Pelican_0017_94383.jpg,100,0
5829,100.Brown_Pelican/Brown_Pelican_0018_94432.jpg,100,0
5837,100.Brown_Pelican/Brown_Pelican_0003_94427.jpg,100,0
5838,100.Brown_Pelican/Brown_Pelican_0059_94504.jpg,100,0
5843,100.Brown_Pelican/Brown_Pelican_0122_94022.jpg,100,0
5846,100.Brown_Pelican/Brown_Pelican_0040_94051.jpg,100,0
5848,100.Brown_Pelican/Brown_Pelican_0051_94578.jpg,100,0
5853,100.Brown_Pelican/Brown_Pelican_0012_94079.jpg,100,0
5854,100.Brown_Pelican/Brown_Pelican_0081_94085.jpg,100,0
5855,100.Brown_Pelican/Brown_Pelican_0049_94598.jpg,100,0
5856,100.Brown_Pelican/Brown_Pelican_0019_95158.jpg,100,0
5858,100.Brown_Pelican/Brown_Pelican_0070_93678.jpg,100,0
5859,100.Brown_Pelican/Brown_Pelican_0039_95216.jpg,100,0
5861,100.Brown_Pelican/Brown_Pelican_0124_93684.jpg,100,0
5862,100.Brown_Pelican/Brown_Pelican_0072_94974.jpg,100,0
5863,100.Brown_Pelican/Brown_Pelican_0074_93692.jpg,100,0
5865,101.White_Pelican/White_Pelican_0077_97025.jpg,101,0
5867,101.White_Pelican/White_Pelican_0066_95495.jpg,101,0
5868,101.White_Pelican/White_Pelican_0048_95764.jpg,101,0
5870,101.White_Pelican/White_Pelican_0031_97064.jpg,101,0
5871,101.White_Pelican/White_Pelican_0051_97833.jpg,101,0
5873,101.White_Pelican/White_Pelican_0086_95538.jpg,101,0
5877,101.White_Pelican/White_Pelican_0025_97604.jpg,101,0
5885,101.White_Pelican/White_Pelican_0083_95840.jpg,101,0
5886,101.White_Pelican/White_Pelican_0052_96865.jpg,101,0
5889,101.White_Pelican/White_Pelican_0046_96888.jpg,101,0
5893,101.White_Pelican/White_Pelican_0016_96659.jpg,101,0
5897,101.White_Pelican/White_Pelican_0040_96026.jpg,101,0
5898,101.White_Pelican/White_Pelican_0014_96417.jpg,101,0
5901,101.White_Pelican/White_Pelican_0076_96427.jpg,101,0
5903,101.White_Pelican/White_Pelican_0003_96691.jpg,101,0
5905,101.White_Pelican/White_Pelican_0034_97466.jpg,101,0
5909,101.White_Pelican/White_Pelican_0087_97247.jpg,101,0
5911,101.White_Pelican/White_Pelican_0080_95721.jpg,101,0
5915,102.Western_Wood_Pewee/Western_Wood_Pewee_0052_98006.jpg,102,0
5918,102.Western_Wood_Pewee/Western_Wood_Pewee_0014_98094.jpg,102,0
5920,102.Western_Wood_Pewee/Western_Wood_Pewee_0061_795060.jpg,102,0
5921,102.Western_Wood_Pewee/Western_Wood_Pewee_0024_98229.jpg,102,0
5923,102.Western_Wood_Pewee/Western_Wood_Pewee_0009_98115.jpg,102,0
5925,102.Western_Wood_Pewee/Western_Wood_Pewee_0062_98123.jpg,102,0
5926,102.Western_Wood_Pewee/Western_Wood_Pewee_0042_98126.jpg,102,0
5927,102.Western_Wood_Pewee/Western_Wood_Pewee_0037_98127.jpg,102,0
5928,102.Western_Wood_Pewee/Western_Wood_Pewee_0077_98133.jpg,102,0
5929,102.Western_Wood_Pewee/Western_Wood_Pewee_0018_98153.jpg,102,0
5933,102.Western_Wood_Pewee/Western_Wood_Pewee_0053_98186.jpg,102,0
5936,102.Western_Wood_Pewee/Western_Wood_Pewee_0010_98204.jpg,102,0
5938,102.Western_Wood_Pewee/Western_Wood_Pewee_0031_795038.jpg,102,0
5940,102.Western_Wood_Pewee/Western_Wood_Pewee_0017_795041.jpg,102,0
5941,102.Western_Wood_Pewee/Western_Wood_Pewee_0029_795042.jpg,102,0
5942,102.Western_Wood_Pewee/Western_Wood_Pewee_0073_795044.jpg,102,0
5944,102.Western_Wood_Pewee/Western_Wood_Pewee_0019_795046.jpg,102,0
5949,102.Western_Wood_Pewee/Western_Wood_Pewee_0043_795053.jpg,102,0
5952,102.Western_Wood_Pewee/Western_Wood_Pewee_0022_795058.jpg,102,0
5954,102.Western_Wood_Pewee/Western_Wood_Pewee_0045_97972.jpg,102,0
5955,102.Western_Wood_Pewee/Western_Wood_Pewee_0051_98206.jpg,102,0
5959,102.Western_Wood_Pewee/Western_Wood_Pewee_0050_98241.jpg,102,0
5965,102.Western_Wood_Pewee/Western_Wood_Pewee_0013_98268.jpg,102,0
5969,102.Western_Wood_Pewee/Western_Wood_Pewee_0065_98001.jpg,102,0
5971,102.Western_Wood_Pewee/Western_Wood_Pewee_0056_98026.jpg,102,0
5972,102.Western_Wood_Pewee/Western_Wood_Pewee_0063_98295.jpg,102,0
5973,102.Western_Wood_Pewee/Western_Wood_Pewee_0069_98299.jpg,102,0
5974,102.Western_Wood_Pewee/Western_Wood_Pewee_0001_98045.jpg,102,0
5975,103.Sayornis/Sayornis_0137_98305.jpg,103,0
5976,103.Sayornis/Sayornis_0022_98308.jpg,103,0
5978,103.Sayornis/Sayornis_0115_99335.jpg,103,0
5983,103.Sayornis/Sayornis_0134_98339.jpg,103,0
5984,103.Sayornis/Sayornis_0105_98853.jpg,103,0
5985,103.Sayornis/Sayornis_0030_98343.jpg,103,0
5986,103.Sayornis/Sayornis_0075_98350.jpg,103,0
5987,103.Sayornis/Sayornis_0119_98864.jpg,103,0
5989,103.Sayornis/Sayornis_0042_98874.jpg,103,0
5991,103.Sayornis/Sayornis_0061_98375.jpg,103,0
5993,103.Sayornis/Sayornis_0069_98914.jpg,103,0
5996,103.Sayornis/Sayornis_0067_98930.jpg,103,0
5998,103.Sayornis/Sayornis_0039_98420.jpg,103,0
5999,103.Sayornis/Sayornis_0116_98939.jpg,103,0
6001,103.Sayornis/Sayornis_0079_98434.jpg,103,0
6002,103.Sayornis/Sayornis_0037_98949.jpg,103,0
6005,103.Sayornis/Sayornis_0032_98962.jpg,103,0
6009,103.Sayornis/Sayornis_0029_99535.jpg,103,0
6010,103.Sayornis/Sayornis_0094_98512.jpg,103,0
6011,103.Sayornis/Sayornis_0080_98518.jpg,103,0
6012,103.Sayornis/Sayornis_0047_98524.jpg,103,0
6013,103.Sayornis/Sayornis_0125_98528.jpg,103,0
6014,103.Sayornis/Sayornis_0045_98549.jpg,103,0
6015,103.Sayornis/Sayornis_0108_98553.jpg,103,0
6019,103.Sayornis/Sayornis_0007_99117.jpg,103,0
6029,103.Sayornis/Sayornis_0021_98710.jpg,103,0
6030,103.Sayornis/Sayornis_0077_98724.jpg,103,0
6033,103.Sayornis/Sayornis_0100_98782.jpg,103,0
6036,104.American_Pipit/American_Pipit_0010_99843.jpg,104,0
6045,104.American_Pipit/American_Pipit_0048_100140.jpg,104,0
6047,104.American_Pipit/American_Pipit_0072_99631.jpg,104,0
6048,104.American_Pipit/American_Pipit_0104_100147.jpg,104,0
6049,104.American_Pipit/American_Pipit_0078_99898.jpg,104,0
6050,104.American_Pipit/American_Pipit_0017_99902.jpg,104,0
6051,104.American_Pipit/American_Pipit_0007_99808.jpg,104,0
6054,104.American_Pipit/American_Pipit_0029_99667.jpg,104,0
6056,104.American_Pipit/American_Pipit_0059_99628.jpg,104,0
6057,104.American_Pipit/American_Pipit_0123_99929.jpg,104,0
6062,104.American_Pipit/American_Pipit_0111_99940.jpg,104,0
6065,104.American_Pipit/American_Pipit_0022_100227.jpg,104,0
6067,104.American_Pipit/American_Pipit_0088_100213.jpg,104,0
6069,104.American_Pipit/American_Pipit_0066_99961.jpg,104,0
6071,104.American_Pipit/American_Pipit_0109_99710.jpg,104,0
6072,104.American_Pipit/American_Pipit_0001_100225.jpg,104,0
6073,104.American_Pipit/American_Pipit_0099_99971.jpg,104,0
6076,104.American_Pipit/American_Pipit_0046_100240.jpg,104,0
6077,104.American_Pipit/American_Pipit_0098_99986.jpg,104,0
6078,104.American_Pipit/American_Pipit_0090_99651.jpg,104,0
6084,104.American_Pipit/American_Pipit_0091_100276.jpg,104,0
6086,104.American_Pipit/American_Pipit_0043_100027.jpg,104,0
6087,104.American_Pipit/American_Pipit_0121_100040.jpg,104,0
6089,104.American_Pipit/American_Pipit_0101_100053.jpg,104,0
6090,104.American_Pipit/American_Pipit_0080_100055.jpg,104,0
6091,104.American_Pipit/American_Pipit_0041_100060.jpg,104,0
6092,104.American_Pipit/American_Pipit_0070_100061.jpg,104,0
6093,104.American_Pipit/American_Pipit_0119_99622.jpg,104,0
6100,105.Whip_poor_Will/Whip_Poor_Will_0028_796421.jpg,105,0
6101,105.Whip_poor_Will/Whip_Poor_Will_0045_796422.jpg,105,0
6104,105.Whip_poor_Will/Whip_Poor_Will_0005_796425.jpg,105,0
6105,105.Whip_poor_Will/Whip_Poor_Will_0021_796426.jpg,105,0
6106,105.Whip_poor_Will/Whip_Poor_Will_0002_796427.jpg,105,0
6107,105.Whip_poor_Will/Whip_Poor_Will_0041_796428.jpg,105,0
6112,105.Whip_poor_Will/Whip_Poor_Will_0019_796433.jpg,105,0
6113,105.Whip_poor_Will/Whip_Poor_Will_0025_796434.jpg,105,0
6114,105.Whip_poor_Will/Whip_Poor_Will_0015_796435.jpg,105,0
6115,105.Whip_poor_Will/Whip_Poor_Will_0032_796437.jpg,105,0
6116,105.Whip_poor_Will/Whip_Poor_Will_0022_796438.jpg,105,0
6119,105.Whip_poor_Will/Whip_Poor_Will_0027_796441.jpg,105,0
6123,105.Whip_poor_Will/Whip_Poor_Will_0020_100396.jpg,105,0
6125,105.Whip_poor_Will/Whip_Poor_Will_0036_100399.jpg,105,0
6129,105.Whip_poor_Will/Whip_Poor_Will_0029_796432.jpg,105,0
6136,105.Whip_poor_Will/Whip_Poor_Will_0039_796408.jpg,105,0
6138,105.Whip_poor_Will/Whip_Poor_Will_0023_796410.jpg,105,0
6145,106.Horned_Puffin/Horned_Puffin_0068_100872.jpg,106,0
6147,106.Horned_Puffin/Horned_Puffin_0011_100621.jpg,106,0
6150,106.Horned_Puffin/Horned_Puffin_0074_100886.jpg,106,0
6153,106.Horned_Puffin/Horned_Puffin_0039_100890.jpg,106,0
6155,106.Horned_Puffin/Horned_Puffin_0084_100637.jpg,106,0
6157,106.Horned_Puffin/Horned_Puffin_0050_100645.jpg,106,0
6158,106.Horned_Puffin/Horned_Puffin_0083_100649.jpg,106,0
6159,106.Horned_Puffin/Horned_Puffin_0027_100906.jpg,106,0
6160,106.Horned_Puffin/Horned_Puffin_0071_100651.jpg,106,0
6161,106.Horned_Puffin/Horned_Puffin_0054_100915.jpg,106,0
6162,106.Horned_Puffin/Horned_Puffin_0048_100916.jpg,106,0
6163,106.Horned_Puffin/Horned_Puffin_0075_100664.jpg,106,0
6164,106.Horned_Puffin/Horned_Puffin_0059_100925.jpg,106,0
6165,106.Horned_Puffin/Horned_Puffin_0077_100671.jpg,106,0
6170,106.Horned_Puffin/Horned_Puffin_0035_100690.jpg,106,0
6173,106.Horned_Puffin/Horned_Puffin_0069_101018.jpg,106,0
6174,106.Horned_Puffin/Horned_Puffin_0047_100967.jpg,106,0
6176,106.Horned_Puffin/Horned_Puffin_0036_100974.jpg,106,0
6187,106.Horned_Puffin/Horned_Puffin_0038_100635.jpg,106,0
6192,106.Horned_Puffin/Horned_Puffin_0003_101045.jpg,106,0
6193,106.Horned_Puffin/Horned_Puffin_0051_101048.jpg,106,0
6195,106.Horned_Puffin/Horned_Puffin_0045_100803.jpg,106,0
6197,106.Horned_Puffin/Horned_Puffin_0019_101063.jpg,106,0
6198,106.Horned_Puffin/Horned_Puffin_0010_100771.jpg,106,0
6199,106.Horned_Puffin/Horned_Puffin_0073_100830.jpg,106,0
6200,106.Horned_Puffin/Horned_Puffin_0026_100937.jpg,106,0
6201,106.Horned_Puffin/Horned_Puffin_0061_100845.jpg,106,0
6202,106.Horned_Puffin/Horned_Puffin_0079_100847.jpg,106,0
6204,107.Common_Raven/Common_Raven_0089_101891.jpg,107,0
6205,107.Common_Raven/Common_Raven_0059_101893.jpg,107,0
6206,107.Common_Raven/Common_Raven_0070_101896.jpg,107,0
6207,107.Common_Raven/Common_Raven_0043_101901.jpg,107,0
6209,107.Common_Raven/Common_Raven_0024_101394.jpg,107,0
6210,107.Common_Raven/Common_Raven_0052_101909.jpg,107,0
6211,107.Common_Raven/Common_Raven_0107_101412.jpg,107,0
6215,107.Common_Raven/Common_Raven_0065_102465.jpg,107,0
6217,107.Common_Raven/Common_Raven_0126_101459.jpg,107,0
6221,107.Common_Raven/Common_Raven_0060_102013.jpg,107,0
6222,107.Common_Raven/Common_Raven_0075_102530.jpg,107,0
6226,107.Common_Raven/Common_Raven_0091_101524.jpg,107,0
6227,107.Common_Raven/Common_Raven_0092_102550.jpg,107,0
6229,107.Common_Raven/Common_Raven_0085_102041.jpg,107,0
6231,107.Common_Raven/Common_Raven_0132_101543.jpg,107,0
6232,107.Common_Raven/Common_Raven_0093_102058.jpg,107,0
6234,107.Common_Raven/Common_Raven_0025_102584.jpg,107,0
6236,107.Common_Raven/Common_Raven_0129_102094.jpg,107,0
6241,107.Common_Raven/Common_Raven_0128_102017.jpg,107,0
6244,107.Common_Raven/Common_Raven_0122_101708.jpg,107,0
6245,107.Common_Raven/Common_Raven_0018_101713.jpg,107,0
6252,107.Common_Raven/Common_Raven_0033_101759.jpg,107,0
6253,107.Common_Raven/Common_Raven_0021_101767.jpg,107,0
6254,107.Common_Raven/Common_Raven_0082_102306.jpg,107,0
6255,107.Common_Raven/Common_Raven_0053_101291.jpg,107,0
6259,107.Common_Raven/Common_Raven_0005_101347.jpg,107,0
6260,107.Common_Raven/Common_Raven_0077_101349.jpg,107,0
6262,107.Common_Raven/Common_Raven_0015_101364.jpg,107,0
6263,108.White_necked_Raven/White_Necked_Raven_0047_102660.jpg,108,0
6268,108.White_necked_Raven/White_Necked_Raven_0034_102598.jpg,108,0
6269,108.White_necked_Raven/White_Necked_Raven_0039_102699.jpg,108,0
6270,108.White_necked_Raven/White_Necked_Raven_0012_102700.jpg,108,0
6272,108.White_necked_Raven/White_Necked_Raven_0049_102713.jpg,108,0
6274,108.White_necked_Raven/White_Necked_Raven_0058_102729.jpg,108,0
6276,108.White_necked_Raven/White_Necked_Raven_0037_102734.jpg,108,0
6278,108.White_necked_Raven/White_Necked_Raven_0009_102518.jpg,108,0
6279,108.White_necked_Raven/White_Necked_Raven_0015_102593.jpg,108,0
6281,108.White_necked_Raven/White_Necked_Raven_0046_797343.jpg,108,0
6282,108.White_necked_Raven/White_Necked_Raven_0048_797345.jpg,108,0
6284,108.White_necked_Raven/White_Necked_Raven_0006_797347.jpg,108,0
6286,108.White_necked_Raven/White_Necked_Raven_0029_797349.jpg,108,0
6289,108.White_necked_Raven/White_Necked_Raven_0065_797354.jpg,108,0
6293,108.White_necked_Raven/White_Necked_Raven_0057_797358.jpg,108,0
6297,108.White_necked_Raven/White_Necked_Raven_0043_797363.jpg,108,0
6298,108.White_necked_Raven/White_Necked_Raven_0024_797364.jpg,108,0
6299,108.White_necked_Raven/White_Necked_Raven_0060_797365.jpg,108,0
6300,108.White_necked_Raven/White_Necked_Raven_0011_797367.jpg,108,0
6304,108.White_necked_Raven/White_Necked_Raven_0056_797373.jpg,108,0
6307,108.White_necked_Raven/White_Necked_Raven_0019_797377.jpg,108,0
6310,108.White_necked_Raven/White_Necked_Raven_0062_797382.jpg,108,0
6313,108.White_necked_Raven/White_Necked_Raven_0016_797385.jpg,108,0
6314,108.White_necked_Raven/White_Necked_Raven_0040_797386.jpg,108,0
6315,108.White_necked_Raven/White_Necked_Raven_0008_797389.jpg,108,0
6317,108.White_necked_Raven/White_Necked_Raven_0028_797392.jpg,108,0
6321,108.White_necked_Raven/White_Necked_Raven_0070_102645.jpg,108,0
6322,108.White_necked_Raven/White_Necked_Raven_0005_102653.jpg,108,0
6323,109.American_Redstart/American_Redstart_0094_103425.jpg,109,0
6324,109.American_Redstart/American_Redstart_0044_103433.jpg,109,0
6327,109.American_Redstart/American_Redstart_0103_102946.jpg,109,0
6329,109.American_Redstart/American_Redstart_0082_102973.jpg,109,0
6331,109.American_Redstart/American_Redstart_0048_104021.jpg,109,0
6332,109.American_Redstart/American_Redstart_0078_103268.jpg,109,0
6333,109.American_Redstart/American_Redstart_0020_104027.jpg,109,0
6334,109.American_Redstart/American_Redstart_0035_103017.jpg,109,0
6340,109.American_Redstart/American_Redstart_0064_103081.jpg,109,0
6341,109.American_Redstart/American_Redstart_0058_103082.jpg,109,0
6342,109.American_Redstart/American_Redstart_0120_103089.jpg,109,0
6343,109.American_Redstart/American_Redstart_0126_103091.jpg,109,0
6346,109.American_Redstart/American_Redstart_0119_104057.jpg,109,0
6354,109.American_Redstart/American_Redstart_0041_103717.jpg,109,0
6355,109.American_Redstart/American_Redstart_0002_103723.jpg,109,0
6356,109.American_Redstart/American_Redstart_0026_103729.jpg,109,0
6359,109.American_Redstart/American_Redstart_0097_103238.jpg,109,0
6364,109.American_Redstart/American_Redstart_0038_103278.jpg,109,0
6367,109.American_Redstart/American_Redstart_0059_103402.jpg,109,0
6368,109.American_Redstart/American_Redstart_0037_102818.jpg,109,0
6369,109.American_Redstart/American_Redstart_0055_103750.jpg,109,0
6371,109.American_Redstart/American_Redstart_0137_102848.jpg,109,0
6374,109.American_Redstart/American_Redstart_0047_102860.jpg,109,0
6375,109.American_Redstart/American_Redstart_0034_102866.jpg,109,0
6376,109.American_Redstart/American_Redstart_0088_103892.jpg,109,0
6378,109.American_Redstart/American_Redstart_0012_103385.jpg,109,0
6379,109.American_Redstart/American_Redstart_0086_102876.jpg,109,0
6382,109.American_Redstart/American_Redstart_0110_103924.jpg,109,0
6384,110.Geococcyx/Geococcyx_0050_104506.jpg,110,0
6385,110.Geococcyx/Geococcyx_0040_104507.jpg,110,0
6396,110.Geococcyx/Geococcyx_0024_104243.jpg,110,0
6397,110.Geococcyx/Geococcyx_0118_104131.jpg,110,0
6398,110.Geococcyx/Geococcyx_0099_104134.jpg,110,0
6400,110.Geococcyx/Geococcyx_0056_104142.jpg,110,0
6401,110.Geococcyx/Geococcyx_0136_104144.jpg,110,0
6405,110.Geococcyx/Geococcyx_0020_104164.jpg,110,0
6406,110.Geococcyx/Geococcyx_0045_104166.jpg,110,0
6408,110.Geococcyx/Geococcyx_0120_104176.jpg,110,0
6409,110.Geococcyx/Geococcyx_0137_104693.jpg,110,0
6410,110.Geococcyx/Geococcyx_0077_104185.jpg,110,0
6412,110.Geococcyx/Geococcyx_0033_104195.jpg,110,0
6413,110.Geococcyx/Geococcyx_0134_104196.jpg,110,0
6415,110.Geococcyx/Geococcyx_0135_104716.jpg,110,0
6420,110.Geococcyx/Geococcyx_0062_104743.jpg,110,0
6422,110.Geococcyx/Geococcyx_0116_104240.jpg,110,0
6424,110.Geococcyx/Geococcyx_0079_104249.jpg,110,0
6425,110.Geococcyx/Geococcyx_0063_104250.jpg,110,0
6426,110.Geococcyx/Geococcyx_0059_104258.jpg,110,0
6428,110.Geococcyx/Geococcyx_0133_104267.jpg,110,0
6430,110.Geococcyx/Geococcyx_0139_104277.jpg,110,0
6431,110.Geococcyx/Geococcyx_0015_104792.jpg,110,0
6432,110.Geococcyx/Geococcyx_0027_104291.jpg,110,0
6434,110.Geococcyx/Geococcyx_0048_104817.jpg,110,0
6437,110.Geococcyx/Geococcyx_0108_104350.jpg,110,0
6438,110.Geococcyx/Geococcyx_0012_104352.jpg,110,0
6442,110.Geococcyx/Geococcyx_0011_104779.jpg,110,0
6445,111.Loggerhead_Shrike/Loggerhead_Shrike_0022_105501.jpg,111,0
6449,111.Loggerhead_Shrike/Loggerhead_Shrike_0086_105005.jpg,111,0
6450,111.Loggerhead_Shrike/Loggerhead_Shrike_0108_105023.jpg,111,0
6453,111.Loggerhead_Shrike/Loggerhead_Shrike_0059_106086.jpg,111,0
6456,111.Loggerhead_Shrike/Loggerhead_Shrike_0091_105076.jpg,111,0
6459,111.Loggerhead_Shrike/Loggerhead_Shrike_0125_105594.jpg,111,0
6463,111.Loggerhead_Shrike/Loggerhead_Shrike_0075_106153.jpg,111,0
6466,111.Loggerhead_Shrike/Loggerhead_Shrike_0069_73908.jpg,111,0
6467,111.Loggerhead_Shrike/Loggerhead_Shrike_0088_105663.jpg,111,0
6468,111.Loggerhead_Shrike/Loggerhead_Shrike_0118_105157.jpg,111,0
6469,111.Loggerhead_Shrike/Loggerhead_Shrike_0106_105437.jpg,111,0
6472,111.Loggerhead_Shrike/Loggerhead_Shrike_0025_104828.jpg,111,0
6473,111.Loggerhead_Shrike/Loggerhead_Shrike_0002_105195.jpg,111,0
6474,111.Loggerhead_Shrike/Loggerhead_Shrike_0028_106221.jpg,111,0
6476,111.Loggerhead_Shrike/Loggerhead_Shrike_0064_106225.jpg,111,0
6482,111.Loggerhead_Shrike/Loggerhead_Shrike_0120_105777.jpg,111,0
6484,111.Loggerhead_Shrike/Loggerhead_Shrike_0126_106316.jpg,111,0
6485,111.Loggerhead_Shrike/Loggerhead_Shrike_0123_105849.jpg,111,0
6486,111.Loggerhead_Shrike/Loggerhead_Shrike_0039_106367.jpg,111,0
6487,111.Loggerhead_Shrike/Loggerhead_Shrike_0101_105392.jpg,111,0
6492,111.Loggerhead_Shrike/Loggerhead_Shrike_0010_104866.jpg,111,0
6493,111.Loggerhead_Shrike/Loggerhead_Shrike_0023_105892.jpg,111,0
6494,111.Loggerhead_Shrike/Loggerhead_Shrike_0021_104885.jpg,111,0
6495,111.Loggerhead_Shrike/Loggerhead_Shrike_0068_105400.jpg,111,0
6497,111.Loggerhead_Shrike/Loggerhead_Shrike_0017_104864.jpg,111,0
6498,111.Loggerhead_Shrike/Loggerhead_Shrike_0026_104898.jpg,111,0
6499,111.Loggerhead_Shrike/Loggerhead_Shrike_0110_105947.jpg,111,0
6501,111.Loggerhead_Shrike/Loggerhead_Shrike_0030_104930.jpg,111,0
6504,112.Great_Grey_Shrike/Great_Grey_Shrike_0048_106754.jpg,112,0
6505,112.Great_Grey_Shrike/Great_Grey_Shrike_0066_106759.jpg,112,0
6509,112.Great_Grey_Shrike/Great_Grey_Shrike_0068_797060.jpg,112,0
6511,112.Great_Grey_Shrike/Great_Grey_Shrike_0086_106533.jpg,112,0
6512,112.Great_Grey_Shrike/Great_Grey_Shrike_0053_106792.jpg,112,0
6516,112.Great_Grey_Shrike/Great_Grey_Shrike_0094_106576.jpg,112,0
6517,112.Great_Grey_Shrike/Great_Grey_Shrike_0027_797009.jpg,112,0
6519,112.Great_Grey_Shrike/Great_Grey_Shrike_0039_797015.jpg,112,0
6522,112.Great_Grey_Shrike/Great_Grey_Shrike_0010_797023.jpg,112,0
6524,112.Great_Grey_Shrike/Great_Grey_Shrike_0080_106850.jpg,112,0
6525,112.Great_Grey_Shrike/Great_Grey_Shrike_0065_797027.jpg,112,0
6526,112.Great_Grey_Shrike/Great_Grey_Shrike_0011_106852.jpg,112,0
6527,112.Great_Grey_Shrike/Great_Grey_Shrike_0015_797031.jpg,112,0
6528,112.Great_Grey_Shrike/Great_Grey_Shrike_0055_106858.jpg,112,0
6530,112.Great_Grey_Shrike/Great_Grey_Shrike_0085_797037.jpg,112,0
6537,112.Great_Grey_Shrike/Great_Grey_Shrike_0038_106617.jpg,112,0
6542,112.Great_Grey_Shrike/Great_Grey_Shrike_0005_797055.jpg,112,0
6545,112.Great_Grey_Shrike/Great_Grey_Shrike_0062_106628.jpg,112,0
6548,112.Great_Grey_Shrike/Great_Grey_Shrike_0071_106861.jpg,112,0
6549,112.Great_Grey_Shrike/Great_Grey_Shrike_0082_106650.jpg,112,0
6550,112.Great_Grey_Shrike/Great_Grey_Shrike_0012_106661.jpg,112,0
6551,112.Great_Grey_Shrike/Great_Grey_Shrike_0044_106851.jpg,112,0
6553,112.Great_Grey_Shrike/Great_Grey_Shrike_0023_106670.jpg,112,0
6554,112.Great_Grey_Shrike/Great_Grey_Shrike_0028_106678.jpg,112,0
6556,112.Great_Grey_Shrike/Great_Grey_Shrike_0074_106689.jpg,112,0
6557,112.Great_Grey_Shrike/Great_Grey_Shrike_0019_797049.jpg,112,0
6559,112.Great_Grey_Shrike/Great_Grey_Shrike_0060_797008.jpg,112,0
6561,112.Great_Grey_Shrike/Great_Grey_Shrike_0091_797054.jpg,112,0
6569,113.Baird_Sparrow/Baird_Sparrow_0012_794552.jpg,113,0
6571,113.Baird_Sparrow/Baird_Sparrow_0044_794554.jpg,113,0
6575,113.Baird_Sparrow/Baird_Sparrow_0003_794558.jpg,113,0
6576,113.Baird_Sparrow/Baird_Sparrow_0023_794559.jpg,113,0
6577,113.Baird_Sparrow/Baird_Sparrow_0042_794560.jpg,113,0
6578,113.Baird_Sparrow/Baird_Sparrow_0037_794562.jpg,113,0
6581,113.Baird_Sparrow/Baird_Sparrow_0005_794565.jpg,113,0
6582,113.Baird_Sparrow/Baird_Sparrow_0033_794566.jpg,113,0
6583,113.Baird_Sparrow/Baird_Sparrow_0019_794567.jpg,113,0
6584,113.Baird_Sparrow/Baird_Sparrow_0004_794568.jpg,113,0
6589,113.Baird_Sparrow/Baird_Sparrow_0015_794573.jpg,113,0
6593,113.Baird_Sparrow/Baird_Sparrow_0011_794577.jpg,113,0
6594,113.Baird_Sparrow/Baird_Sparrow_0001_794578.jpg,113,0
6596,113.Baird_Sparrow/Baird_Sparrow_0031_794580.jpg,113,0
6601,113.Baird_Sparrow/Baird_Sparrow_0017_794586.jpg,113,0
6602,113.Baird_Sparrow/Baird_Sparrow_0013_794587.jpg,113,0
6608,113.Baird_Sparrow/Baird_Sparrow_0020_106863.jpg,113,0
6609,113.Baird_Sparrow/Baird_Sparrow_0050_787316.jpg,113,0
6615,114.Black_throated_Sparrow/Black_Throated_Sparrow_0044_107270.jpg,114,0
6616,114.Black_throated_Sparrow/Black_Throated_Sparrow_0021_107021.jpg,114,0
6618,114.Black_throated_Sparrow/Black_Throated_Sparrow_0054_107026.jpg,114,0
6619,114.Black_throated_Sparrow/Black_Throated_Sparrow_0050_107033.jpg,114,0
6620,114.Black_throated_Sparrow/Black_Throated_Sparrow_0003_107035.jpg,114,0
6621,114.Black_throated_Sparrow/Black_Throated_Sparrow_0057_107036.jpg,114,0
6624,114.Black_throated_Sparrow/Black_Throated_Sparrow_0080_107050.jpg,114,0
6625,114.Black_throated_Sparrow/Black_Throated_Sparrow_0059_107060.jpg,114,0
6626,114.Black_throated_Sparrow/Black_Throated_Sparrow_0084_107066.jpg,114,0
6628,114.Black_throated_Sparrow/Black_Throated_Sparrow_0015_107079.jpg,114,0
6630,114.Black_throated_Sparrow/Black_Throated_Sparrow_0094_107085.jpg,114,0
6637,114.Black_throated_Sparrow/Black_Throated_Sparrow_0074_107113.jpg,114,0
6640,114.Black_throated_Sparrow/Black_Throated_Sparrow_0053_107282.jpg,114,0
6642,114.Black_throated_Sparrow/Black_Throated_Sparrow_0098_107138.jpg,114,0
6643,114.Black_throated_Sparrow/Black_Throated_Sparrow_0005_107150.jpg,114,0
6645,114.Black_throated_Sparrow/Black_Throated_Sparrow_0040_107172.jpg,114,0
6646,114.Black_throated_Sparrow/Black_Throated_Sparrow_0060_107177.jpg,114,0
6648,114.Black_throated_Sparrow/Black_Throated_Sparrow_0076_106995.jpg,114,0
6650,114.Black_throated_Sparrow/Black_Throated_Sparrow_0070_107196.jpg,114,0
6652,114.Black_throated_Sparrow/Black_Throated_Sparrow_0099_106944.jpg,114,0
6653,114.Black_throated_Sparrow/Black_Throated_Sparrow_0007_106999.jpg,114,0
6656,114.Black_throated_Sparrow/Black_Throated_Sparrow_0068_106960.jpg,114,0
6657,114.Black_throated_Sparrow/Black_Throated_Sparrow_0051_107217.jpg,114,0
6658,114.Black_throated_Sparrow/Black_Throated_Sparrow_0002_106962.jpg,114,0
6660,114.Black_throated_Sparrow/Black_Throated_Sparrow_0061_106967.jpg,114,0
6670,114.Black_throated_Sparrow/Black_Throated_Sparrow_0008_107000.jpg,114,0
6671,114.Black_throated_Sparrow/Black_Throated_Sparrow_0039_107259.jpg,114,0
6672,114.Black_throated_Sparrow/Black_Throated_Sparrow_0013_107005.jpg,114,0
6673,115.Brewer_Sparrow/Brewer_Sparrow_0034_796693.jpg,115,0
6677,115.Brewer_Sparrow/Brewer_Sparrow_0044_796698.jpg,115,0
6679,115.Brewer_Sparrow/Brewer_Sparrow_0007_796700.jpg,115,0
6684,115.Brewer_Sparrow/Brewer_Sparrow_0011_796708.jpg,115,0
6688,115.Brewer_Sparrow/Brewer_Sparrow_0031_796712.jpg,115,0
6689,115.Brewer_Sparrow/Brewer_Sparrow_0027_796713.jpg,115,0
6691,115.Brewer_Sparrow/Brewer_Sparrow_0072_796715.jpg,115,0
6692,115.Brewer_Sparrow/Brewer_Sparrow_0010_796716.jpg,115,0
6695,115.Brewer_Sparrow/Brewer_Sparrow_0055_796720.jpg,115,0
6696,115.Brewer_Sparrow/Brewer_Sparrow_0042_796721.jpg,115,0
6701,115.Brewer_Sparrow/Brewer_Sparrow_0065_107419.jpg,115,0
6703,115.Brewer_Sparrow/Brewer_Sparrow_0047_107428.jpg,115,0
6704,115.Brewer_Sparrow/Brewer_Sparrow_0039_107431.jpg,115,0
6708,115.Brewer_Sparrow/Brewer_Sparrow_0061_107438.jpg,115,0
6709,115.Brewer_Sparrow/Brewer_Sparrow_0024_107439.jpg,115,0
6711,115.Brewer_Sparrow/Brewer_Sparrow_0037_107442.jpg,115,0
6712,115.Brewer_Sparrow/Brewer_Sparrow_0005_107443.jpg,115,0
6713,115.Brewer_Sparrow/Brewer_Sparrow_0071_107446.jpg,115,0
6716,115.Brewer_Sparrow/Brewer_Sparrow_0062_107456.jpg,115,0
6717,115.Brewer_Sparrow/Brewer_Sparrow_0056_107458.jpg,115,0
6718,115.Brewer_Sparrow/Brewer_Sparrow_0003_107459.jpg,115,0
6719,115.Brewer_Sparrow/Brewer_Sparrow_0050_107460.jpg,115,0
6720,115.Brewer_Sparrow/Brewer_Sparrow_0006_107463.jpg,115,0
6722,115.Brewer_Sparrow/Brewer_Sparrow_0052_107478.jpg,115,0
6723,115.Brewer_Sparrow/Brewer_Sparrow_0043_107479.jpg,115,0
6724,115.Brewer_Sparrow/Brewer_Sparrow_0067_107480.jpg,115,0
6731,115.Brewer_Sparrow/Brewer_Sparrow_0073_107518.jpg,115,0
6733,116.Chipping_Sparrow/Chipping_Sparrow_0089_107535.jpg,116,0
6735,116.Chipping_Sparrow/Chipping_Sparrow_0021_109588.jpg,116,0
6737,116.Chipping_Sparrow/Chipping_Sparrow_0096_109853.jpg,116,0
6738,116.Chipping_Sparrow/Chipping_Sparrow_0017_107552.jpg,116,0
6740,116.Chipping_Sparrow/Chipping_Sparrow_0022_107825.jpg,116,0
6742,116.Chipping_Sparrow/Chipping_Sparrow_0018_108295.jpg,116,0
6744,116.Chipping_Sparrow/Chipping_Sparrow_0052_109874.jpg,116,0
6745,116.Chipping_Sparrow/Chipping_Sparrow_0061_109113.jpg,116,0
6746,116.Chipping_Sparrow/Chipping_Sparrow_0035_110138.jpg,116,0
6747,116.Chipping_Sparrow/Chipping_Sparrow_0075_108348.jpg,116,0
6755,116.Chipping_Sparrow/Chipping_Sparrow_0062_110187.jpg,116,0
6759,116.Chipping_Sparrow/Chipping_Sparrow_0091_108308.jpg,116,0
6760,116.Chipping_Sparrow/Chipping_Sparrow_0090_14718.jpg,116,0
6761,116.Chipping_Sparrow/Chipping_Sparrow_0109_108162.jpg,116,0
6762,116.Chipping_Sparrow/Chipping_Sparrow_0024_109445.jpg,116,0
6765,116.Chipping_Sparrow/Chipping_Sparrow_0004_108430.jpg,116,0
6766,116.Chipping_Sparrow/Chipping_Sparrow_0050_108441.jpg,116,0
6767,116.Chipping_Sparrow/Chipping_Sparrow_0097_107678.jpg,116,0
6769,116.Chipping_Sparrow/Chipping_Sparrow_0074_108401.jpg,116,0
6778,116.Chipping_Sparrow/Chipping_Sparrow_0085_109506.jpg,116,0
6780,116.Chipping_Sparrow/Chipping_Sparrow_0043_109509.jpg,116,0
6783,116.Chipping_Sparrow/Chipping_Sparrow_0103_109529.jpg,116,0
6784,116.Chipping_Sparrow/Chipping_Sparrow_0086_109022.jpg,116,0
6785,116.Chipping_Sparrow/Chipping_Sparrow_0111_108515.jpg,116,0
6788,116.Chipping_Sparrow/Chipping_Sparrow_0026_109010.jpg,116,0
6789,116.Chipping_Sparrow/Chipping_Sparrow_0067_107508.jpg,116,0
6790,116.Chipping_Sparrow/Chipping_Sparrow_0070_108281.jpg,116,0
6791,116.Chipping_Sparrow/Chipping_Sparrow_0016_109051.jpg,116,0
6793,117.Clay_colored_Sparrow/Clay_Colored_Sparrow_0072_110851.jpg,117,0
6796,117.Clay_colored_Sparrow/Clay_Colored_Sparrow_0020_110609.jpg,117,0
6797,117.Clay_colored_Sparrow/Clay_Colored_Sparrow_0001_110632.jpg,117,0
6799,117.Clay_colored_Sparrow/Clay_Colored_Sparrow_0055_110647.jpg,117,0
6800,117.Clay_colored_Sparrow/Clay_Colored_Sparrow_0028_797241.jpg,117,0
6801,117.Clay_colored_Sparrow/Clay_Colored_Sparrow_0042_797243.jpg,117,0
6802,117.Clay_colored_Sparrow/Clay_Colored_Sparrow_0048_110653.jpg,117,0
6806,117.Clay_colored_Sparrow/Clay_Colored_Sparrow_0094_797250.jpg,117,0
6807,117.Clay_colored_Sparrow/Clay_Colored_Sparrow_0075_797251.jpg,117,0
6808,117.Clay_colored_Sparrow/Clay_Colored_Sparrow_0034_797252.jpg,117,0
6812,117.Clay_colored_Sparrow/Clay_Colored_Sparrow_0085_797260.jpg,117,0
6813,117.Clay_colored_Sparrow/Clay_Colored_Sparrow_0090_110669.jpg,117,0
6814,117.Clay_colored_Sparrow/Clay_Colored_Sparrow_0010_797262.jpg,117,0
6816,117.Clay_colored_Sparrow/Clay_Colored_Sparrow_0093_110677.jpg,117,0
6824,117.Clay_colored_Sparrow/Clay_Colored_Sparrow_0068_110706.jpg,117,0
6826,117.Clay_colored_Sparrow/Clay_Colored_Sparrow_0040_110717.jpg,117,0
6827,117.Clay_colored_Sparrow/Clay_Colored_Sparrow_0073_110718.jpg,117,0
6830,117.Clay_colored_Sparrow/Clay_Colored_Sparrow_0046_110728.jpg,117,0
6831,117.Clay_colored_Sparrow/Clay_Colored_Sparrow_0083_110734.jpg,117,0
6833,117.Clay_colored_Sparrow/Clay_Colored_Sparrow_0049_110736.jpg,117,0
6836,117.Clay_colored_Sparrow/Clay_Colored_Sparrow_0031_110769.jpg,117,0
6837,117.Clay_colored_Sparrow/Clay_Colored_Sparrow_0097_110516.jpg,117,0
6839,117.Clay_colored_Sparrow/Clay_Colored_Sparrow_0009_797256.jpg,117,0
6841,117.Clay_colored_Sparrow/Clay_Colored_Sparrow_0038_110799.jpg,117,0
6843,117.Clay_colored_Sparrow/Clay_Colored_Sparrow_0022_110518.jpg,117,0
6846,117.Clay_colored_Sparrow/Clay_Colored_Sparrow_0107_110825.jpg,117,0
6850,117.Clay_colored_Sparrow/Clay_Colored_Sparrow_0008_110536.jpg,117,0
6851,118.House_Sparrow/House_Sparrow_0134_112644.jpg,118,0
6852,118.House_Sparrow/House_Sparrow_0019_112645.jpg,118,0
6853,118.House_Sparrow/House_Sparrow_0125_111130.jpg,118,0
6856,118.House_Sparrow/House_Sparrow_0025_111669.jpg,118,0
6859,118.House_Sparrow/House_Sparrow_0028_113217.jpg,118,0
6860,118.House_Sparrow/House_Sparrow_0041_112706.jpg,118,0
6862,118.House_Sparrow/House_Sparrow_0068_113247.jpg,118,0
6866,118.House_Sparrow/House_Sparrow_0052_112252.jpg,118,0
6867,118.House_Sparrow/House_Sparrow_0094_112773.jpg,118,0
6868,118.House_Sparrow/House_Sparrow_0079_113288.jpg,118,0
6870,118.House_Sparrow/House_Sparrow_0084_111300.jpg,118,0
6872,118.House_Sparrow/House_Sparrow_0036_112847.jpg,118,0
6875,118.House_Sparrow/House_Sparrow_0002_112905.jpg,118,0
6883,118.House_Sparrow/House_Sparrow_0014_112947.jpg,118,0
6884,118.House_Sparrow/House_Sparrow_0015_111085.jpg,118,0
6888,118.House_Sparrow/House_Sparrow_0127_111935.jpg,118,0
6893,118.House_Sparrow/House_Sparrow_0005_111967.jpg,118,0
6894,118.House_Sparrow/House_Sparrow_0063_111460.jpg,118,0
6895,118.House_Sparrow/House_Sparrow_0120_113001.jpg,118,0
6897,118.House_Sparrow/House_Sparrow_0126_110959.jpg,118,0
6898,118.House_Sparrow/House_Sparrow_0004_111989.jpg,118,0
6901,118.House_Sparrow/House_Sparrow_0049_110976.jpg,118,0
6902,118.House_Sparrow/House_Sparrow_0096_111519.jpg,118,0
6903,118.House_Sparrow/House_Sparrow_0061_112795.jpg,118,0
6904,118.House_Sparrow/House_Sparrow_0007_111029.jpg,118,0
6906,118.House_Sparrow/House_Sparrow_0033_112590.jpg,118,0
6908,118.House_Sparrow/House_Sparrow_0098_111073.jpg,118,0
6910,118.House_Sparrow/House_Sparrow_0050_111087.jpg,118,0
6911,119.Field_Sparrow/Field_Sparrow_0063_113667.jpg,119,0
6912,119.Field_Sparrow/Field_Sparrow_0060_114177.jpg,119,0
6913,119.Field_Sparrow/Field_Sparrow_0118_113416.jpg,119,0
6917,119.Field_Sparrow/Field_Sparrow_0131_113582.jpg,119,0
6920,119.Field_Sparrow/Field_Sparrow_0120_113953.jpg,119,0
6921,119.Field_Sparrow/Field_Sparrow_0067_113448.jpg,119,0
6923,119.Field_Sparrow/Field_Sparrow_0008_113459.jpg,119,0
6924,119.Field_Sparrow/Field_Sparrow_0021_113461.jpg,119,0
6928,119.Field_Sparrow/Field_Sparrow_0035_113479.jpg,119,0
6931,119.Field_Sparrow/Field_Sparrow_0071_113747.jpg,119,0
6932,119.Field_Sparrow/Field_Sparrow_0129_113748.jpg,119,0
6939,119.Field_Sparrow/Field_Sparrow_0047_113801.jpg,119,0
6940,119.Field_Sparrow/Field_Sparrow_0080_113811.jpg,119,0
6941,119.Field_Sparrow/Field_Sparrow_0124_113868.jpg,119,0
6942,119.Field_Sparrow/Field_Sparrow_0042_113815.jpg,119,0
6947,119.Field_Sparrow/Field_Sparrow_0092_113580.jpg,119,0
6948,119.Field_Sparrow/Field_Sparrow_0022_113838.jpg,119,0
6949,119.Field_Sparrow/Field_Sparrow_0006_113839.jpg,119,0
6951,119.Field_Sparrow/Field_Sparrow_0128_113587.jpg,119,0
6953,119.Field_Sparrow/Field_Sparrow_0123_113847.jpg,119,0
6954,119.Field_Sparrow/Field_Sparrow_0051_114107.jpg,119,0
6957,119.Field_Sparrow/Field_Sparrow_0009_113860.jpg,119,0
6960,119.Field_Sparrow/Field_Sparrow_0038_113356.jpg,119,0
6963,119.Field_Sparrow/Field_Sparrow_0016_110297.jpg,119,0
6964,119.Field_Sparrow/Field_Sparrow_0109_113375.jpg,119,0
6965,119.Field_Sparrow/Field_Sparrow_0090_113613.jpg,119,0
6967,119.Field_Sparrow/Field_Sparrow_0112_114159.jpg,119,0
6970,120.Fox_Sparrow/Fox_Sparrow_0065_114945.jpg,120,0
6972,120.Fox_Sparrow/Fox_Sparrow_0106_114720.jpg,120,0
6973,120.Fox_Sparrow/Fox_Sparrow_0016_114213.jpg,120,0
6975,120.Fox_Sparrow/Fox_Sparrow_0022_115248.jpg,120,0
6976,120.Fox_Sparrow/Fox_Sparrow_0135_115251.jpg,120,0
6977,120.Fox_Sparrow/Fox_Sparrow_0103_115038.jpg,120,0
6978,120.Fox_Sparrow/Fox_Sparrow_0020_114744.jpg,120,0
6981,120.Fox_Sparrow/Fox_Sparrow_0136_115278.jpg,120,0
6982,120.Fox_Sparrow/Fox_Sparrow_0026_115281.jpg,120,0
6991,120.Fox_Sparrow/Fox_Sparrow_0115_114855.jpg,120,0
6992,120.Fox_Sparrow/Fox_Sparrow_0013_114344.jpg,120,0
6996,120.Fox_Sparrow/Fox_Sparrow_0057_114355.jpg,120,0
6997,120.Fox_Sparrow/Fox_Sparrow_0052_114878.jpg,120,0
6999,120.Fox_Sparrow/Fox_Sparrow_0121_114886.jpg,120,0
7000,120.Fox_Sparrow/Fox_Sparrow_0099_115399.jpg,120,0
7005,120.Fox_Sparrow/Fox_Sparrow_0125_114557.jpg,120,0
7007,120.Fox_Sparrow/Fox_Sparrow_0068_114967.jpg,120,0
7009,120.Fox_Sparrow/Fox_Sparrow_0018_114468.jpg,120,0
7010,120.Fox_Sparrow/Fox_Sparrow_0114_114481.jpg,120,0
7011,120.Fox_Sparrow/Fox_Sparrow_0123_114488.jpg,120,0
7012,120.Fox_Sparrow/Fox_Sparrow_0083_114496.jpg,120,0
7013,120.Fox_Sparrow/Fox_Sparrow_0047_115022.jpg,120,0
7015,120.Fox_Sparrow/Fox_Sparrow_0040_115034.jpg,120,0
7017,120.Fox_Sparrow/Fox_Sparrow_0111_114527.jpg,120,0
7019,120.Fox_Sparrow/Fox_Sparrow_0054_114541.jpg,120,0
7020,120.Fox_Sparrow/Fox_Sparrow_0062_115056.jpg,120,0
7025,120.Fox_Sparrow/Fox_Sparrow_0081_115630.jpg,120,0
7027,120.Fox_Sparrow/Fox_Sparrow_0015_114650.jpg,120,0
7030,121.Grasshopper_Sparrow/Grasshopper_Sparrow_0067_115979.jpg,121,0
7032,121.Grasshopper_Sparrow/Grasshopper_Sparrow_0117_115983.jpg,121,0
7033,121.Grasshopper_Sparrow/Grasshopper_Sparrow_0009_115984.jpg,121,0
7034,121.Grasshopper_Sparrow/Grasshopper_Sparrow_0053_115991.jpg,121,0
7036,121.Grasshopper_Sparrow/Grasshopper_Sparrow_0075_116260.jpg,121,0
7037,121.Grasshopper_Sparrow/Grasshopper_Sparrow_0109_115750.jpg,121,0
7040,121.Grasshopper_Sparrow/Grasshopper_Sparrow_0120_116021.jpg,121,0
7041,121.Grasshopper_Sparrow/Grasshopper_Sparrow_0060_15159.jpg,121,0
7043,121.Grasshopper_Sparrow/Grasshopper_Sparrow_0107_116286.jpg,121,0
7047,121.Grasshopper_Sparrow/Grasshopper_Sparrow_0044_115681.jpg,121,0
7048,121.Grasshopper_Sparrow/Grasshopper_Sparrow_0082_116300.jpg,121,0
7051,121.Grasshopper_Sparrow/Grasshopper_Sparrow_0078_116052.jpg,121,0
7054,121.Grasshopper_Sparrow/Grasshopper_Sparrow_0116_116066.jpg,121,0
7056,121.Grasshopper_Sparrow/Grasshopper_Sparrow_0099_116069.jpg,121,0
7058,121.Grasshopper_Sparrow/Grasshopper_Sparrow_0069_116332.jpg,121,0
7060,121.Grasshopper_Sparrow/Grasshopper_Sparrow_0015_116352.jpg,121,0
7061,121.Grasshopper_Sparrow/Grasshopper_Sparrow_0106_116028.jpg,121,0
7062,121.Grasshopper_Sparrow/Grasshopper_Sparrow_0012_115849.jpg,121,0
7065,121.Grasshopper_Sparrow/Grasshopper_Sparrow_0121_116110.jpg,121,0
7068,121.Grasshopper_Sparrow/Grasshopper_Sparrow_0016_115695.jpg,121,0
7069,121.Grasshopper_Sparrow/Grasshopper_Sparrow_0077_116127.jpg,121,0
7072,121.Grasshopper_Sparrow/Grasshopper_Sparrow_0043_115880.jpg,121,0
7073,121.Grasshopper_Sparrow/Grasshopper_Sparrow_0108_115894.jpg,121,0
7078,121.Grasshopper_Sparrow/Grasshopper_Sparrow_0102_116101.jpg,121,0
7081,121.Grasshopper_Sparrow/Grasshopper_Sparrow_0049_115918.jpg,121,0
7083,121.Grasshopper_Sparrow/Grasshopper_Sparrow_0051_115923.jpg,121,0
7085,121.Grasshopper_Sparrow/Grasshopper_Sparrow_0011_115937.jpg,121,0
7087,121.Grasshopper_Sparrow/Grasshopper_Sparrow_0101_116094.jpg,121,0
7091,122.Harris_Sparrow/Harris_Sparrow_0007_116484.jpg,122,0
7092,122.Harris_Sparrow/Harris_Sparrow_0087_116490.jpg,122,0
7094,122.Harris_Sparrow/Harris_Sparrow_0014_116494.jpg,122,0
7095,122.Harris_Sparrow/Harris_Sparrow_0042_116499.jpg,122,0
7096,122.Harris_Sparrow/Harris_Sparrow_0076_116509.jpg,122,0
7100,122.Harris_Sparrow/Harris_Sparrow_0084_116519.jpg,122,0
7102,122.Harris_Sparrow/Harris_Sparrow_0089_116531.jpg,122,0
7104,122.Harris_Sparrow/Harris_Sparrow_0085_116534.jpg,122,0
7110,122.Harris_Sparrow/Harris_Sparrow_0090_116664.jpg,122,0
7114,122.Harris_Sparrow/Harris_Sparrow_0004_116581.jpg,122,0
7115,122.Harris_Sparrow/Harris_Sparrow_0083_116588.jpg,122,0
7118,122.Harris_Sparrow/Harris_Sparrow_0045_116603.jpg,122,0
7119,122.Harris_Sparrow/Harris_Sparrow_0059_116608.jpg,122,0
7121,122.Harris_Sparrow/Harris_Sparrow_0002_116356.jpg,122,0
7122,122.Harris_Sparrow/Harris_Sparrow_0066_116362.jpg,122,0
7125,122.Harris_Sparrow/Harris_Sparrow_0050_116369.jpg,122,0
7126,122.Harris_Sparrow/Harris_Sparrow_0086_116373.jpg,122,0
7128,122.Harris_Sparrow/Harris_Sparrow_0010_116376.jpg,122,0
7130,122.Harris_Sparrow/Harris_Sparrow_0033_116380.jpg,122,0
7131,122.Harris_Sparrow/Harris_Sparrow_0063_116383.jpg,122,0
7133,122.Harris_Sparrow/Harris_Sparrow_0001_116398.jpg,122,0
7134,122.Harris_Sparrow/Harris_Sparrow_0021_116399.jpg,122,0
7135,122.Harris_Sparrow/Harris_Sparrow_0070_116400.jpg,122,0
7137,122.Harris_Sparrow/Harris_Sparrow_0075_116404.jpg,122,0
7138,122.Harris_Sparrow/Harris_Sparrow_0048_116405.jpg,122,0
7140,122.Harris_Sparrow/Harris_Sparrow_0017_116636.jpg,122,0
7148,122.Harris_Sparrow/Harris_Sparrow_0067_116707.jpg,122,0
7149,122.Harris_Sparrow/Harris_Sparrow_0071_116476.jpg,122,0
7150,123.Henslow_Sparrow/Henslow_Sparrow_0046_116740.jpg,123,0
7153,123.Henslow_Sparrow/Henslow_Sparrow_0043_116756.jpg,123,0
7155,123.Henslow_Sparrow/Henslow_Sparrow_0017_796591.jpg,123,0
7159,123.Henslow_Sparrow/Henslow_Sparrow_0073_116803.jpg,123,0
7162,123.Henslow_Sparrow/Henslow_Sparrow_0080_11360.jpg,123,0
7165,123.Henslow_Sparrow/Henslow_Sparrow_0022_116835.jpg,123,0
7167,123.Henslow_Sparrow/Henslow_Sparrow_0112_116845.jpg,123,0
7169,123.Henslow_Sparrow/Henslow_Sparrow_0104_796541.jpg,123,0
7170,123.Henslow_Sparrow/Henslow_Sparrow_0026_796542.jpg,123,0
7172,123.Henslow_Sparrow/Henslow_Sparrow_0086_796545.jpg,123,0
7173,123.Henslow_Sparrow/Henslow_Sparrow_0055_796557.jpg,123,0
7174,123.Henslow_Sparrow/Henslow_Sparrow_0040_116882.jpg,123,0
7175,123.Henslow_Sparrow/Henslow_Sparrow_0100_796565.jpg,123,0
7176,123.Henslow_Sparrow/Henslow_Sparrow_0099_796567.jpg,123,0
7177,123.Henslow_Sparrow/Henslow_Sparrow_0011_796568.jpg,123,0
7181,123.Henslow_Sparrow/Henslow_Sparrow_0041_796572.jpg,123,0
7182,123.Henslow_Sparrow/Henslow_Sparrow_0028_796570.jpg,123,0
7183,123.Henslow_Sparrow/Henslow_Sparrow_0109_796577.jpg,123,0
7184,123.Henslow_Sparrow/Henslow_Sparrow_0013_796578.jpg,123,0
7189,123.Henslow_Sparrow/Henslow_Sparrow_0084_796587.jpg,123,0
7190,123.Henslow_Sparrow/Henslow_Sparrow_0039_796589.jpg,123,0
7192,123.Henslow_Sparrow/Henslow_Sparrow_0108_796592.jpg,123,0
7193,123.Henslow_Sparrow/Henslow_Sparrow_0015_796593.jpg,123,0
7196,123.Henslow_Sparrow/Henslow_Sparrow_0010_796600.jpg,123,0
7198,123.Henslow_Sparrow/Henslow_Sparrow_0034_796602.jpg,123,0
7204,123.Henslow_Sparrow/Henslow_Sparrow_0068_796615.jpg,123,0
7206,123.Henslow_Sparrow/Henslow_Sparrow_0060_796619.jpg,123,0
7209,123.Henslow_Sparrow/Henslow_Sparrow_0056_796585.jpg,123,0
7210,124.Le_Conte_Sparrow/Le_Conte_Sparrow_0005_795137.jpg,124,0
7212,124.Le_Conte_Sparrow/Le_Conte_Sparrow_0050_795143.jpg,124,0
7213,124.Le_Conte_Sparrow/Le_Conte_Sparrow_0006_795146.jpg,124,0
7219,124.Le_Conte_Sparrow/Le_Conte_Sparrow_0023_795156.jpg,124,0
7222,124.Le_Conte_Sparrow/Le_Conte_Sparrow_0083_795163.jpg,124,0
7223,124.Le_Conte_Sparrow/Le_Conte_Sparrow_0010_795166.jpg,124,0
7224,124.Le_Conte_Sparrow/Le_Conte_Sparrow_0085_795167.jpg,124,0
7225,124.Le_Conte_Sparrow/Le_Conte_Sparrow_0088_117040.jpg,124,0
7226,124.Le_Conte_Sparrow/Le_Conte_Sparrow_0086_795170.jpg,124,0
7233,124.Le_Conte_Sparrow/Le_Conte_Sparrow_0097_795183.jpg,124,0
7236,124.Le_Conte_Sparrow/Le_Conte_Sparrow_0053_795187.jpg,124,0
7237,124.Le_Conte_Sparrow/Le_Conte_Sparrow_0025_795188.jpg,124,0
7239,124.Le_Conte_Sparrow/Le_Conte_Sparrow_0024_795190.jpg,124,0
7241,124.Le_Conte_Sparrow/Le_Conte_Sparrow_0061_795194.jpg,124,0
7242,124.Le_Conte_Sparrow/Le_Conte_Sparrow_0102_795195.jpg,124,0
7244,124.Le_Conte_Sparrow/Le_Conte_Sparrow_0087_795198.jpg,124,0
7246,124.Le_Conte_Sparrow/Le_Conte_Sparrow_0066_795206.jpg,124,0
7247,124.Le_Conte_Sparrow/Le_Conte_Sparrow_0012_795211.jpg,124,0
7249,124.Le_Conte_Sparrow/Le_Conte_Sparrow_0035_795214.jpg,124,0
7251,124.Le_Conte_Sparrow/Le_Conte_Sparrow_0041_795218.jpg,124,0
7252,124.Le_Conte_Sparrow/Le_Conte_Sparrow_0049_795220.jpg,124,0
7253,124.Le_Conte_Sparrow/Le_Conte_Sparrow_0092_795221.jpg,124,0
7255,124.Le_Conte_Sparrow/Le_Conte_Sparrow_0046_795227.jpg,124,0
7257,124.Le_Conte_Sparrow/Le_Conte_Sparrow_0098_795231.jpg,124,0
7261,124.Le_Conte_Sparrow/Le_Conte_Sparrow_0039_117054.jpg,124,0
7263,124.Le_Conte_Sparrow/Le_Conte_Sparrow_0044_117116.jpg,124,0
7266,124.Le_Conte_Sparrow/Le_Conte_Sparrow_0011_117038.jpg,124,0
7269,125.Lincoln_Sparrow/Lincoln_Sparrow_0094_117762.jpg,125,0
7273,125.Lincoln_Sparrow/Lincoln_Sparrow_0049_117265.jpg,125,0
7277,125.Lincoln_Sparrow/Lincoln_Sparrow_0131_117277.jpg,125,0
7279,125.Lincoln_Sparrow/Lincoln_Sparrow_0092_117294.jpg,125,0
7280,125.Lincoln_Sparrow/Lincoln_Sparrow_0069_117812.jpg,125,0
7281,125.Lincoln_Sparrow/Lincoln_Sparrow_0033_117303.jpg,125,0
7282,125.Lincoln_Sparrow/Lincoln_Sparrow_0100_117835.jpg,125,0
7283,125.Lincoln_Sparrow/Lincoln_Sparrow_0037_117837.jpg,125,0
7284,125.Lincoln_Sparrow/Lincoln_Sparrow_0113_117603.jpg,125,0
7289,125.Lincoln_Sparrow/Lincoln_Sparrow_0066_117875.jpg,125,0
7291,125.Lincoln_Sparrow/Lincoln_Sparrow_0116_117372.jpg,125,0
7292,125.Lincoln_Sparrow/Lincoln_Sparrow_0035_117383.jpg,125,0
7293,125.Lincoln_Sparrow/Lincoln_Sparrow_0129_117898.jpg,125,0
7297,125.Lincoln_Sparrow/Lincoln_Sparrow_0017_117432.jpg,125,0
7299,125.Lincoln_Sparrow/Lincoln_Sparrow_0047_117442.jpg,125,0
7302,125.Lincoln_Sparrow/Lincoln_Sparrow_0099_117482.jpg,125,0
7303,125.Lincoln_Sparrow/Lincoln_Sparrow_0078_117483.jpg,125,0
7306,125.Lincoln_Sparrow/Lincoln_Sparrow_0055_117506.jpg,125,0
7309,125.Lincoln_Sparrow/Lincoln_Sparrow_0052_117521.jpg,125,0
7310,125.Lincoln_Sparrow/Lincoln_Sparrow_0089_117527.jpg,125,0
7311,125.Lincoln_Sparrow/Lincoln_Sparrow_0061_117529.jpg,125,0
7313,125.Lincoln_Sparrow/Lincoln_Sparrow_0020_117542.jpg,125,0
7314,125.Lincoln_Sparrow/Lincoln_Sparrow_0045_117547.jpg,125,0
7315,125.Lincoln_Sparrow/Lincoln_Sparrow_0074_117584.jpg,125,0
7317,125.Lincoln_Sparrow/Lincoln_Sparrow_0112_117631.jpg,125,0
7319,125.Lincoln_Sparrow/Lincoln_Sparrow_0041_117636.jpg,125,0
7326,125.Lincoln_Sparrow/Lincoln_Sparrow_0026_117754.jpg,125,0
7329,126.Nelson_Sharp_tailed_Sparrow/Nelson_Sharp_Tailed_Sparrow_0001_796931.jpg,126,0
7330,126.Nelson_Sharp_tailed_Sparrow/Nelson_Sharp_Tailed_Sparrow_0044_796932.jpg,126,0
7331,126.Nelson_Sharp_tailed_Sparrow/Nelson_Sharp_Tailed_Sparrow_0065_796933.jpg,126,0
7335,126.Nelson_Sharp_tailed_Sparrow/Nelson_Sharp_Tailed_Sparrow_0027_118028.jpg,126,0
7338,126.Nelson_Sharp_tailed_Sparrow/Nelson_Sharp_Tailed_Sparrow_0046_118032.jpg,126,0
7340,126.Nelson_Sharp_tailed_Sparrow/Nelson_Sharp_Tailed_Sparrow_0032_118036.jpg,126,0
7341,126.Nelson_Sharp_tailed_Sparrow/Nelson_Sharp_Tailed_Sparrow_0057_796949.jpg,126,0
7342,126.Nelson_Sharp_tailed_Sparrow/Nelson_Sharp_Tailed_Sparrow_0034_796950.jpg,126,0
7344,126.Nelson_Sharp_tailed_Sparrow/Nelson_Sharp_Tailed_Sparrow_0054_796936.jpg,126,0
7347,126.Nelson_Sharp_tailed_Sparrow/Nelson_Sharp_Tailed_Sparrow_0053_118069.jpg,126,0
7349,126.Nelson_Sharp_tailed_Sparrow/Nelson_Sharp_Tailed_Sparrow_0039_118074.jpg,126,0
7350,126.Nelson_Sharp_tailed_Sparrow/Nelson_Sharp_Tailed_Sparrow_0036_118075.jpg,126,0
7351,126.Nelson_Sharp_tailed_Sparrow/Nelson_Sharp_Tailed_Sparrow_0016_118077.jpg,126,0
7352,126.Nelson_Sharp_tailed_Sparrow/Nelson_Sharp_Tailed_Sparrow_0005_118078.jpg,126,0
7354,126.Nelson_Sharp_tailed_Sparrow/Nelson_Sharp_Tailed_Sparrow_0009_796940.jpg,126,0
7355,126.Nelson_Sharp_tailed_Sparrow/Nelson_Sharp_Tailed_Sparrow_0024_118010.jpg,126,0
7356,126.Nelson_Sharp_tailed_Sparrow/Nelson_Sharp_Tailed_Sparrow_0008_796944.jpg,126,0
7357,126.Nelson_Sharp_tailed_Sparrow/Nelson_Sharp_Tailed_Sparrow_0025_796945.jpg,126,0
7358,126.Nelson_Sharp_tailed_Sparrow/Nelson_Sharp_Tailed_Sparrow_0052_796903.jpg,126,0
7361,126.Nelson_Sharp_tailed_Sparrow/Nelson_Sharp_Tailed_Sparrow_0076_117964.jpg,126,0
7365,126.Nelson_Sharp_tailed_Sparrow/Nelson_Sharp_Tailed_Sparrow_0037_117986.jpg,126,0
7369,126.Nelson_Sharp_tailed_Sparrow/Nelson_Sharp_Tailed_Sparrow_0047_117991.jpg,126,0
7372,126.Nelson_Sharp_tailed_Sparrow/Nelson_Sharp_Tailed_Sparrow_0061_796907.jpg,126,0
7379,126.Nelson_Sharp_tailed_Sparrow/Nelson_Sharp_Tailed_Sparrow_0003_796917.jpg,126,0
7383,126.Nelson_Sharp_tailed_Sparrow/Nelson_Sharp_Tailed_Sparrow_0029_796923.jpg,126,0
7384,126.Nelson_Sharp_tailed_Sparrow/Nelson_Sharp_Tailed_Sparrow_0035_796924.jpg,126,0
7385,126.Nelson_Sharp_tailed_Sparrow/Nelson_Sharp_Tailed_Sparrow_0070_796925.jpg,126,0
7386,126.Nelson_Sharp_tailed_Sparrow/Nelson_Sharp_Tailed_Sparrow_0041_796926.jpg,126,0
7387,127.Savannah_Sparrow/Savannah_Sparrow_0048_120321.jpg,127,0
7389,127.Savannah_Sparrow/Savannah_Sparrow_0059_119810.jpg,127,0
7391,127.Savannah_Sparrow/Savannah_Sparrow_0106_118294.jpg,127,0
7394,127.Savannah_Sparrow/Savannah_Sparrow_0058_118323.jpg,127,0
7395,127.Savannah_Sparrow/Savannah_Sparrow_0096_120376.jpg,127,0
7396,127.Savannah_Sparrow/Savannah_Sparrow_0043_119362.jpg,127,0
7398,127.Savannah_Sparrow/Savannah_Sparrow_0075_116305.jpg,127,0
7403,127.Savannah_Sparrow/Savannah_Sparrow_0117_119917.jpg,127,0
7404,127.Savannah_Sparrow/Savannah_Sparrow_0015_118910.jpg,127,0
7405,127.Savannah_Sparrow/Savannah_Sparrow_0131_119946.jpg,127,0
7408,127.Savannah_Sparrow/Savannah_Sparrow_0139_119444.jpg,127,0
7409,127.Savannah_Sparrow/Savannah_Sparrow_0132_119962.jpg,127,0
7413,127.Savannah_Sparrow/Savannah_Sparrow_0028_119982.jpg,127,0
7415,127.Savannah_Sparrow/Savannah_Sparrow_0057_120016.jpg,127,0
7418,127.Savannah_Sparrow/Savannah_Sparrow_0084_120063.jpg,127,0
7421,127.Savannah_Sparrow/Savannah_Sparrow_0136_119581.jpg,127,0
7422,127.Savannah_Sparrow/Savannah_Sparrow_0035_120099.jpg,127,0
7424,127.Savannah_Sparrow/Savannah_Sparrow_0032_120109.jpg,127,0
7425,127.Savannah_Sparrow/Savannah_Sparrow_0051_118574.jpg,127,0
7428,127.Savannah_Sparrow/Savannah_Sparrow_0135_119620.jpg,127,0
7431,127.Savannah_Sparrow/Savannah_Sparrow_0025_119124.jpg,127,0
7434,127.Savannah_Sparrow/Savannah_Sparrow_0095_119670.jpg,127,0
7436,127.Savannah_Sparrow/Savannah_Sparrow_0062_120185.jpg,127,0
7440,127.Savannah_Sparrow/Savannah_Sparrow_0005_119735.jpg,127,0
7441,127.Savannah_Sparrow/Savannah_Sparrow_0019_118200.jpg,127,0
7442,127.Savannah_Sparrow/Savannah_Sparrow_0114_119750.jpg,127,0
7443,127.Savannah_Sparrow/Savannah_Sparrow_0076_120267.jpg,127,0
7446,127.Savannah_Sparrow/Savannah_Sparrow_0093_118267.jpg,127,0
7447,128.Seaside_Sparrow/Seaside_Sparrow_0052_796498.jpg,128,0
7449,128.Seaside_Sparrow/Seaside_Sparrow_0062_796503.jpg,128,0
7450,128.Seaside_Sparrow/Seaside_Sparrow_0065_796504.jpg,128,0
7451,128.Seaside_Sparrow/Seaside_Sparrow_0033_796506.jpg,128,0
7452,128.Seaside_Sparrow/Seaside_Sparrow_0054_796507.jpg,128,0
7457,128.Seaside_Sparrow/Seaside_Sparrow_0004_796514.jpg,128,0
7458,128.Seaside_Sparrow/Seaside_Sparrow_0068_796515.jpg,128,0
7466,128.Seaside_Sparrow/Seaside_Sparrow_0031_796526.jpg,128,0
7470,128.Seaside_Sparrow/Seaside_Sparrow_0037_796531.jpg,128,0
7473,128.Seaside_Sparrow/Seaside_Sparrow_0013_796535.jpg,128,0
7475,128.Seaside_Sparrow/Seaside_Sparrow_0008_796538.jpg,128,0
7476,128.Seaside_Sparrow/Seaside_Sparrow_0003_796539.jpg,128,0
7477,128.Seaside_Sparrow/Seaside_Sparrow_0070_796540.jpg,128,0
7478,128.Seaside_Sparrow/Seaside_Sparrow_0063_120707.jpg,128,0
7479,128.Seaside_Sparrow/Seaside_Sparrow_0056_120710.jpg,128,0
7481,128.Seaside_Sparrow/Seaside_Sparrow_0018_120716.jpg,128,0
7483,128.Seaside_Sparrow/Seaside_Sparrow_0022_120721.jpg,128,0
7486,128.Seaside_Sparrow/Seaside_Sparrow_0020_120743.jpg,128,0
7487,128.Seaside_Sparrow/Seaside_Sparrow_0058_120744.jpg,128,0
7488,128.Seaside_Sparrow/Seaside_Sparrow_0007_120690.jpg,128,0
7492,128.Seaside_Sparrow/Seaside_Sparrow_0032_120767.jpg,128,0
7494,128.Seaside_Sparrow/Seaside_Sparrow_0030_120780.jpg,128,0
7497,128.Seaside_Sparrow/Seaside_Sparrow_0059_120794.jpg,128,0
7498,128.Seaside_Sparrow/Seaside_Sparrow_0026_120798.jpg,128,0
7500,128.Seaside_Sparrow/Seaside_Sparrow_0069_120700.jpg,128,0
7502,128.Seaside_Sparrow/Seaside_Sparrow_0038_120819.jpg,128,0
7505,128.Seaside_Sparrow/Seaside_Sparrow_0019_120826.jpg,128,0
7506,128.Seaside_Sparrow/Seaside_Sparrow_0029_120828.jpg,128,0
7507,129.Song_Sparrow/Song_Sparrow_0060_122371.jpg,129,0
7509,129.Song_Sparrow/Song_Sparrow_0118_121905.jpg,129,0
7510,129.Song_Sparrow/Song_Sparrow_0059_120885.jpg,129,0
7511,129.Song_Sparrow/Song_Sparrow_0067_122424.jpg,129,0
7512,129.Song_Sparrow/Song_Sparrow_0003_122425.jpg,129,0
7516,129.Song_Sparrow/Song_Sparrow_0126_120901.jpg,129,0
7520,129.Song_Sparrow/Song_Sparrow_0097_121438.jpg,129,0
7521,129.Song_Sparrow/Song_Sparrow_0045_121951.jpg,129,0
7523,129.Song_Sparrow/Song_Sparrow_0009_121025.jpg,129,0
7526,129.Song_Sparrow/Song_Sparrow_0035_120986.jpg,129,0
7529,129.Song_Sparrow/Song_Sparrow_0050_121514.jpg,129,0
7531,129.Song_Sparrow/Song_Sparrow_0080_121033.jpg,129,0
7533,129.Song_Sparrow/Song_Sparrow_0053_121554.jpg,129,0
7537,129.Song_Sparrow/Song_Sparrow_0102_122090.jpg,129,0
7538,129.Song_Sparrow/Song_Sparrow_0130_121583.jpg,129,0
7539,129.Song_Sparrow/Song_Sparrow_0037_121078.jpg,129,0
7540,129.Song_Sparrow/Song_Sparrow_0057_121090.jpg,129,0
7546,129.Song_Sparrow/Song_Sparrow_0001_122169.jpg,129,0
7548,129.Song_Sparrow/Song_Sparrow_0038_121666.jpg,129,0
7550,129.Song_Sparrow/Song_Sparrow_0015_122081.jpg,129,0
7552,129.Song_Sparrow/Song_Sparrow_0113_121683.jpg,129,0
7553,129.Song_Sparrow/Song_Sparrow_0099_121193.jpg,129,0
7557,129.Song_Sparrow/Song_Sparrow_0106_121154.jpg,129,0
7558,129.Song_Sparrow/Song_Sparrow_0114_121233.jpg,129,0
7559,129.Song_Sparrow/Song_Sparrow_0123_121249.jpg,129,0
7560,129.Song_Sparrow/Song_Sparrow_0034_121255.jpg,129,0
7562,129.Song_Sparrow/Song_Sparrow_0096_121313.jpg,129,0
7565,129.Song_Sparrow/Song_Sparrow_0108_121327.jpg,129,0
7573,130.Tree_Sparrow/Tree_Sparrow_0066_123569.jpg,130,0
7574,130.Tree_Sparrow/Tree_Sparrow_0053_122933.jpg,130,0
7576,130.Tree_Sparrow/Tree_Sparrow_0044_122946.jpg,130,0
7577,130.Tree_Sparrow/Tree_Sparrow_0005_122949.jpg,130,0
7580,130.Tree_Sparrow/Tree_Sparrow_0011_122964.jpg,130,0
7581,130.Tree_Sparrow/Tree_Sparrow_0112_125014.jpg,130,0
7582,130.Tree_Sparrow/Tree_Sparrow_0072_123991.jpg,130,0
7583,130.Tree_Sparrow/Tree_Sparrow_0042_124512.jpg,130,0
7586,130.Tree_Sparrow/Tree_Sparrow_0062_123000.jpg,130,0
7587,130.Tree_Sparrow/Tree_Sparrow_0076_123669.jpg,130,0
7588,130.Tree_Sparrow/Tree_Sparrow_0043_124034.jpg,130,0
7591,130.Tree_Sparrow/Tree_Sparrow_0095_124090.jpg,130,0
7593,130.Tree_Sparrow/Tree_Sparrow_0058_123591.jpg,130,0
7596,130.Tree_Sparrow/Tree_Sparrow_0080_124120.jpg,130,0
7597,130.Tree_Sparrow/Tree_Sparrow_0113_123613.jpg,130,0
7601,130.Tree_Sparrow/Tree_Sparrow_0068_125230.jpg,130,0
7602,130.Tree_Sparrow/Tree_Sparrow_0025_124233.jpg,130,0
7603,130.Tree_Sparrow/Tree_Sparrow_0105_123227.jpg,130,0
7607,130.Tree_Sparrow/Tree_Sparrow_0090_110145.jpg,130,0
7609,130.Tree_Sparrow/Tree_Sparrow_0127_125322.jpg,130,0
7611,130.Tree_Sparrow/Tree_Sparrow_0036_122772.jpg,130,0
7613,130.Tree_Sparrow/Tree_Sparrow_0109_123802.jpg,130,0
7614,130.Tree_Sparrow/Tree_Sparrow_0024_123805.jpg,130,0
7615,130.Tree_Sparrow/Tree_Sparrow_0009_123294.jpg,130,0
7620,130.Tree_Sparrow/Tree_Sparrow_0028_122829.jpg,130,0
7622,130.Tree_Sparrow/Tree_Sparrow_0073_123871.jpg,130,0
7623,130.Tree_Sparrow/Tree_Sparrow_0030_122850.jpg,130,0
7625,130.Tree_Sparrow/Tree_Sparrow_0128_123979.jpg,130,0
7629,131.Vesper_Sparrow/Vesper_Sparrow_0052_125444.jpg,131,0
7630,131.Vesper_Sparrow/Vesper_Sparrow_0065_125446.jpg,131,0
7631,131.Vesper_Sparrow/Vesper_Sparrow_0043_125703.jpg,131,0
7636,131.Vesper_Sparrow/Vesper_Sparrow_0095_125459.jpg,131,0
7637,131.Vesper_Sparrow/Vesper_Sparrow_0083_125718.jpg,131,0
7638,131.Vesper_Sparrow/Vesper_Sparrow_0023_125465.jpg,131,0
7642,131.Vesper_Sparrow/Vesper_Sparrow_0089_125705.jpg,131,0
7644,131.Vesper_Sparrow/Vesper_Sparrow_0082_125503.jpg,131,0
7646,131.Vesper_Sparrow/Vesper_Sparrow_0086_125776.jpg,131,0
7647,131.Vesper_Sparrow/Vesper_Sparrow_0004_125787.jpg,131,0
7650,131.Vesper_Sparrow/Vesper_Sparrow_0081_125541.jpg,131,0
7651,131.Vesper_Sparrow/Vesper_Sparrow_0049_125806.jpg,131,0
7655,131.Vesper_Sparrow/Vesper_Sparrow_0032_125564.jpg,131,0
7659,131.Vesper_Sparrow/Vesper_Sparrow_0051_125587.jpg,131,0
7660,131.Vesper_Sparrow/Vesper_Sparrow_0077_125597.jpg,131,0
7661,131.Vesper_Sparrow/Vesper_Sparrow_0091_125598.jpg,131,0
7663,131.Vesper_Sparrow/Vesper_Sparrow_0068_125601.jpg,131,0
7667,131.Vesper_Sparrow/Vesper_Sparrow_0011_125608.jpg,131,0
7668,131.Vesper_Sparrow/Vesper_Sparrow_0055_125611.jpg,131,0
7669,131.Vesper_Sparrow/Vesper_Sparrow_0016_125615.jpg,131,0
7671,131.Vesper_Sparrow/Vesper_Sparrow_0028_118217.jpg,131,0
7672,131.Vesper_Sparrow/Vesper_Sparrow_0031_125631.jpg,131,0
7675,131.Vesper_Sparrow/Vesper_Sparrow_0037_125648.jpg,131,0
7679,131.Vesper_Sparrow/Vesper_Sparrow_0056_125657.jpg,131,0
7680,131.Vesper_Sparrow/Vesper_Sparrow_0058_125661.jpg,131,0
7681,131.Vesper_Sparrow/Vesper_Sparrow_0030_125663.jpg,131,0
7683,131.Vesper_Sparrow/Vesper_Sparrow_0003_125427.jpg,131,0
7684,131.Vesper_Sparrow/Vesper_Sparrow_0067_125429.jpg,131,0
7689,132.White_crowned_Sparrow/White_Crowned_Sparrow_0047_127575.jpg,132,0
7692,132.White_crowned_Sparrow/White_Crowned_Sparrow_0116_127512.jpg,132,0
7697,132.White_crowned_Sparrow/White_Crowned_Sparrow_0093_126531.jpg,132,0
7701,132.White_crowned_Sparrow/White_Crowned_Sparrow_0109_128529.jpg,132,0
7705,132.White_crowned_Sparrow/White_Crowned_Sparrow_0043_127096.jpg,132,0
7709,132.White_crowned_Sparrow/White_Crowned_Sparrow_0019_127652.jpg,132,0
7710,132.White_crowned_Sparrow/White_Crowned_Sparrow_0009_127658.jpg,132,0
7712,132.White_crowned_Sparrow/White_Crowned_Sparrow_0076_127604.jpg,132,0
7714,132.White_crowned_Sparrow/White_Crowned_Sparrow_0085_127194.jpg,132,0
7715,132.White_crowned_Sparrow/White_Crowned_Sparrow_0102_127708.jpg,132,0
7719,132.White_crowned_Sparrow/White_Crowned_Sparrow_0054_126068.jpg,132,0
7720,132.White_crowned_Sparrow/White_Crowned_Sparrow_0083_128777.jpg,132,0
7721,132.White_crowned_Sparrow/White_Crowned_Sparrow_0141_127766.jpg,132,0
7722,132.White_crowned_Sparrow/White_Crowned_Sparrow_0002_127774.jpg,132,0
7723,132.White_crowned_Sparrow/White_Crowned_Sparrow_0017_125829.jpg,132,0
7724,132.White_crowned_Sparrow/White_Crowned_Sparrow_0089_127778.jpg,132,0
7725,132.White_crowned_Sparrow/White_Crowned_Sparrow_0049_128311.jpg,132,0
7727,132.White_crowned_Sparrow/White_Crowned_Sparrow_0040_127313.jpg,132,0
7733,132.White_crowned_Sparrow/White_Crowned_Sparrow_0042_128395.jpg,132,0
7734,132.White_crowned_Sparrow/White_Crowned_Sparrow_0142_128237.jpg,132,0
7735,132.White_crowned_Sparrow/White_Crowned_Sparrow_0044_127386.jpg,132,0
7736,132.White_crowned_Sparrow/White_Crowned_Sparrow_0090_125864.jpg,132,0
7737,132.White_crowned_Sparrow/White_Crowned_Sparrow_0111_127404.jpg,132,0
7738,132.White_crowned_Sparrow/White_Crowned_Sparrow_0118_127919.jpg,132,0
7739,132.White_crowned_Sparrow/White_Crowned_Sparrow_0071_127922.jpg,132,0
7743,132.White_crowned_Sparrow/White_Crowned_Sparrow_0037_126969.jpg,132,0
7745,132.White_crowned_Sparrow/White_Crowned_Sparrow_0092_125934.jpg,132,0
7746,132.White_crowned_Sparrow/White_Crowned_Sparrow_0031_126457.jpg,132,0
7747,133.White_throated_Sparrow/White_Throated_Sparrow_0078_129041.jpg,133,0
7748,133.White_throated_Sparrow/White_Throated_Sparrow_0107_129046.jpg,133,0
7749,133.White_throated_Sparrow/White_Throated_Sparrow_0082_129048.jpg,133,0
7754,133.White_throated_Sparrow/White_Throated_Sparrow_0030_129076.jpg,133,0
7756,133.White_throated_Sparrow/White_Throated_Sparrow_0076_129088.jpg,133,0
7757,133.White_throated_Sparrow/White_Throated_Sparrow_0098_129089.jpg,133,0
7762,133.White_throated_Sparrow/White_Throated_Sparrow_0014_129148.jpg,133,0
7768,133.White_throated_Sparrow/White_Throated_Sparrow_0121_129201.jpg,133,0
7769,133.White_throated_Sparrow/White_Throated_Sparrow_0072_129203.jpg,133,0
7771,133.White_throated_Sparrow/White_Throated_Sparrow_0060_128802.jpg,133,0
7772,133.White_throated_Sparrow/White_Throated_Sparrow_0063_128803.jpg,133,0
7775,133.White_throated_Sparrow/White_Throated_Sparrow_0105_128814.jpg,133,0
7776,133.White_throated_Sparrow/White_Throated_Sparrow_0106_128815.jpg,133,0
7777,133.White_throated_Sparrow/White_Throated_Sparrow_0043_128818.jpg,133,0
7778,133.White_throated_Sparrow/White_Throated_Sparrow_0135_128819.jpg,133,0
7781,133.White_throated_Sparrow/White_Throated_Sparrow_0132_128833.jpg,133,0
7782,133.White_throated_Sparrow/White_Throated_Sparrow_0110_128838.jpg,133,0
7785,133.White_throated_Sparrow/White_Throated_Sparrow_0038_128853.jpg,133,0
7786,133.White_throated_Sparrow/White_Throated_Sparrow_0039_128859.jpg,133,0
7787,133.White_throated_Sparrow/White_Throated_Sparrow_0032_128866.jpg,133,0
7793,133.White_throated_Sparrow/White_Throated_Sparrow_0007_128918.jpg,133,0
7794,133.White_throated_Sparrow/White_Throated_Sparrow_0052_128923.jpg,133,0
7796,133.White_throated_Sparrow/White_Throated_Sparrow_0004_128944.jpg,133,0
7799,133.White_throated_Sparrow/White_Throated_Sparrow_0059_128964.jpg,133,0
7801,133.White_throated_Sparrow/White_Throated_Sparrow_0017_128982.jpg,133,0
7802,133.White_throated_Sparrow/White_Throated_Sparrow_0075_128990.jpg,133,0
7805,133.White_throated_Sparrow/White_Throated_Sparrow_0047_129014.jpg,133,0
7806,133.White_throated_Sparrow/White_Throated_Sparrow_0033_129016.jpg,133,0
7807,134.Cape_Glossy_Starling/Cape_Glossy_Starling_0027_129282.jpg,134,0
7808,134.Cape_Glossy_Starling/Cape_Glossy_Starling_0026_129288.jpg,134,0
7809,134.Cape_Glossy_Starling/Cape_Glossy_Starling_0074_129294.jpg,134,0
7812,134.Cape_Glossy_Starling/Cape_Glossy_Starling_0038_129301.jpg,134,0
7813,134.Cape_Glossy_Starling/Cape_Glossy_Starling_0097_129303.jpg,134,0
7815,134.Cape_Glossy_Starling/Cape_Glossy_Starling_0002_129310.jpg,134,0
7819,134.Cape_Glossy_Starling/Cape_Glossy_Starling_0025_129341.jpg,134,0
7820,134.Cape_Glossy_Starling/Cape_Glossy_Starling_0007_129345.jpg,134,0
7822,134.Cape_Glossy_Starling/Cape_Glossy_Starling_0047_129348.jpg,134,0
7825,134.Cape_Glossy_Starling/Cape_Glossy_Starling_0018_129356.jpg,134,0
7829,134.Cape_Glossy_Starling/Cape_Glossy_Starling_0098_129365.jpg,134,0
7830,134.Cape_Glossy_Starling/Cape_Glossy_Starling_0094_129368.jpg,134,0
7836,134.Cape_Glossy_Starling/Cape_Glossy_Starling_0072_129386.jpg,134,0
7841,134.Cape_Glossy_Starling/Cape_Glossy_Starling_0099_129412.jpg,134,0
7842,134.Cape_Glossy_Starling/Cape_Glossy_Starling_0022_129414.jpg,134,0
7851,134.Cape_Glossy_Starling/Cape_Glossy_Starling_0087_129481.jpg,134,0
7852,134.Cape_Glossy_Starling/Cape_Glossy_Starling_0016_129464.jpg,134,0
7853,134.Cape_Glossy_Starling/Cape_Glossy_Starling_0073_129465.jpg,134,0
7856,134.Cape_Glossy_Starling/Cape_Glossy_Starling_0082_129216.jpg,134,0
7857,134.Cape_Glossy_Starling/Cape_Glossy_Starling_0069_129218.jpg,134,0
7858,134.Cape_Glossy_Starling/Cape_Glossy_Starling_0053_129219.jpg,134,0
7859,134.Cape_Glossy_Starling/Cape_Glossy_Starling_0081_129220.jpg,134,0
7860,134.Cape_Glossy_Starling/Cape_Glossy_Starling_0060_129222.jpg,134,0
7862,134.Cape_Glossy_Starling/Cape_Glossy_Starling_0013_129244.jpg,134,0
7863,134.Cape_Glossy_Starling/Cape_Glossy_Starling_0062_129254.jpg,134,0
7864,134.Cape_Glossy_Starling/Cape_Glossy_Starling_0005_129262.jpg,134,0
7865,134.Cape_Glossy_Starling/Cape_Glossy_Starling_0015_129266.jpg,134,0
7866,134.Cape_Glossy_Starling/Cape_Glossy_Starling_0050_129274.jpg,134,0
7874,135.Bank_Swallow/Bank_Swallow_0013_129563.jpg,135,0
7877,135.Bank_Swallow/Bank_Swallow_0038_129830.jpg,135,0
7879,135.Bank_Swallow/Bank_Swallow_0008_129590.jpg,135,0
7882,135.Bank_Swallow/Bank_Swallow_0039_129599.jpg,135,0
7884,135.Bank_Swallow/Bank_Swallow_0026_129870.jpg,135,0
7887,135.Bank_Swallow/Bank_Swallow_0041_129625.jpg,135,0
7889,135.Bank_Swallow/Bank_Swallow_0059_129896.jpg,135,0
7891,135.Bank_Swallow/Bank_Swallow_0006_129652.jpg,135,0
7893,135.Bank_Swallow/Bank_Swallow_0022_129923.jpg,135,0
7894,135.Bank_Swallow/Bank_Swallow_0014_129668.jpg,135,0
7895,135.Bank_Swallow/Bank_Swallow_0040_129674.jpg,135,0
7897,135.Bank_Swallow/Bank_Swallow_0043_129685.jpg,135,0
7901,135.Bank_Swallow/Bank_Swallow_0012_129518.jpg,135,0
7903,135.Bank_Swallow/Bank_Swallow_0061_129484.jpg,135,0
7904,135.Bank_Swallow/Bank_Swallow_0046_129742.jpg,135,0
7906,135.Bank_Swallow/Bank_Swallow_0032_129491.jpg,135,0
7907,135.Bank_Swallow/Bank_Swallow_0029_129751.jpg,135,0
7908,135.Bank_Swallow/Bank_Swallow_0034_129496.jpg,135,0
7909,135.Bank_Swallow/Bank_Swallow_0028_129754.jpg,135,0
7913,135.Bank_Swallow/Bank_Swallow_0027_129503.jpg,135,0
7915,135.Bank_Swallow/Bank_Swallow_0033_129509.jpg,135,0
7917,135.Bank_Swallow/Bank_Swallow_0001_129516.jpg,135,0
7919,135.Bank_Swallow/Bank_Swallow_0047_129520.jpg,135,0
7920,135.Bank_Swallow/Bank_Swallow_0025_129521.jpg,135,0
7922,135.Bank_Swallow/Bank_Swallow_0050_129780.jpg,135,0
7923,135.Bank_Swallow/Bank_Swallow_0035_129528.jpg,135,0
7924,135.Bank_Swallow/Bank_Swallow_0019_129788.jpg,135,0
7925,135.Bank_Swallow/Bank_Swallow_0016_129791.jpg,135,0
7926,136.Barn_Swallow/Barn_Swallow_0038_132780.jpg,136,0
7927,136.Barn_Swallow/Barn_Swallow_0041_131860.jpg,136,0
7928,136.Barn_Swallow/Barn_Swallow_0053_130585.jpg,136,0
7931,136.Barn_Swallow/Barn_Swallow_0003_130086.jpg,136,0
7932,136.Barn_Swallow/Barn_Swallow_0050_130095.jpg,136,0
7933,136.Barn_Swallow/Barn_Swallow_0034_130099.jpg,136,0
7942,136.Barn_Swallow/Barn_Swallow_0022_130631.jpg,136,0
7943,136.Barn_Swallow/Barn_Swallow_0054_131146.jpg,136,0
7944,136.Barn_Swallow/Barn_Swallow_0085_132939.jpg,136,0
7947,136.Barn_Swallow/Barn_Swallow_0083_132949.jpg,136,0
7949,136.Barn_Swallow/Barn_Swallow_0055_131933.jpg,136,0
7950,136.Barn_Swallow/Barn_Swallow_0089_131934.jpg,136,0
7951,136.Barn_Swallow/Barn_Swallow_0014_130403.jpg,136,0
7952,136.Barn_Swallow/Barn_Swallow_0062_132755.jpg,136,0
7953,136.Barn_Swallow/Barn_Swallow_0044_132542.jpg,136,0
7955,136.Barn_Swallow/Barn_Swallow_0086_132477.jpg,136,0
7956,136.Barn_Swallow/Barn_Swallow_0023_130325.jpg,136,0
7963,136.Barn_Swallow/Barn_Swallow_0072_130474.jpg,136,0
7965,136.Barn_Swallow/Barn_Swallow_0093_130121.jpg,136,0
7967,136.Barn_Swallow/Barn_Swallow_0027_129978.jpg,136,0
7970,136.Barn_Swallow/Barn_Swallow_0052_131539.jpg,136,0
7971,136.Barn_Swallow/Barn_Swallow_0007_131030.jpg,136,0
7973,136.Barn_Swallow/Barn_Swallow_0063_132572.jpg,136,0
7974,136.Barn_Swallow/Barn_Swallow_0020_132317.jpg,136,0
7975,136.Barn_Swallow/Barn_Swallow_0029_132832.jpg,136,0
7980,136.Barn_Swallow/Barn_Swallow_0006_131315.jpg,136,0
7984,136.Barn_Swallow/Barn_Swallow_0019_130555.jpg,136,0
7985,136.Barn_Swallow/Barn_Swallow_0074_132094.jpg,136,0
7986,137.Cliff_Swallow/Cliff_Swallow_0012_133527.jpg,137,0
7987,137.Cliff_Swallow/Cliff_Swallow_0084_133974.jpg,137,0
7990,137.Cliff_Swallow/Cliff_Swallow_0039_133645.jpg,137,0
7991,137.Cliff_Swallow/Cliff_Swallow_0042_133646.jpg,137,0
7994,137.Cliff_Swallow/Cliff_Swallow_0100_133665.jpg,137,0
7996,137.Cliff_Swallow/Cliff_Swallow_0031_133164.jpg,137,0
7998,137.Cliff_Swallow/Cliff_Swallow_0036_133168.jpg,137,0
7999,137.Cliff_Swallow/Cliff_Swallow_0013_133169.jpg,137,0
8003,137.Cliff_Swallow/Cliff_Swallow_0038_133701.jpg,137,0
8005,137.Cliff_Swallow/Cliff_Swallow_0027_133203.jpg,137,0
8009,137.Cliff_Swallow/Cliff_Swallow_0068_134236.jpg,137,0
8011,137.Cliff_Swallow/Cliff_Swallow_0099_133948.jpg,137,0
8013,137.Cliff_Swallow/Cliff_Swallow_0006_133489.jpg,137,0
8015,137.Cliff_Swallow/Cliff_Swallow_0003_133496.jpg,137,0
8017,137.Cliff_Swallow/Cliff_Swallow_0061_133259.jpg,137,0
8021,137.Cliff_Swallow/Cliff_Swallow_0060_133280.jpg,137,0
8022,137.Cliff_Swallow/Cliff_Swallow_0083_133771.jpg,137,0
8025,137.Cliff_Swallow/Cliff_Swallow_0089_133545.jpg,137,0
8027,137.Cliff_Swallow/Cliff_Swallow_0017_133806.jpg,137,0
8028,137.Cliff_Swallow/Cliff_Swallow_0093_133052.jpg,137,0
8029,137.Cliff_Swallow/Cliff_Swallow_0052_133055.jpg,137,0
8032,137.Cliff_Swallow/Cliff_Swallow_0056_133921.jpg,137,0
8033,137.Cliff_Swallow/Cliff_Swallow_0033_133836.jpg,137,0
8036,137.Cliff_Swallow/Cliff_Swallow_0063_133852.jpg,137,0
8037,137.Cliff_Swallow/Cliff_Swallow_0041_134111.jpg,137,0
8039,137.Cliff_Swallow/Cliff_Swallow_0081_134119.jpg,137,0
8040,137.Cliff_Swallow/Cliff_Swallow_0035_133097.jpg,137,0
8045,137.Cliff_Swallow/Cliff_Swallow_0073_133116.jpg,137,0
8049,138.Tree_Swallow/Tree_Swallow_0100_137493.jpg,138,0
8050,138.Tree_Swallow/Tree_Swallow_0032_136216.jpg,138,0
8051,138.Tree_Swallow/Tree_Swallow_0098_134916.jpg,138,0
8054,138.Tree_Swallow/Tree_Swallow_0107_136223.jpg,138,0
8056,138.Tree_Swallow/Tree_Swallow_0092_136236.jpg,138,0
8058,138.Tree_Swallow/Tree_Swallow_0044_135984.jpg,138,0
8059,138.Tree_Swallow/Tree_Swallow_0074_135219.jpg,138,0
8061,138.Tree_Swallow/Tree_Swallow_0061_134712.jpg,138,0
8063,138.Tree_Swallow/Tree_Swallow_0008_135352.jpg,138,0
8068,138.Tree_Swallow/Tree_Swallow_0082_135006.jpg,138,0
8069,138.Tree_Swallow/Tree_Swallow_0083_136800.jpg,138,0
8072,138.Tree_Swallow/Tree_Swallow_0016_135549.jpg,138,0
8073,138.Tree_Swallow/Tree_Swallow_0039_135038.jpg,138,0
8077,138.Tree_Swallow/Tree_Swallow_0037_134647.jpg,138,0
8079,138.Tree_Swallow/Tree_Swallow_0020_136587.jpg,138,0
8080,138.Tree_Swallow/Tree_Swallow_0035_136589.jpg,138,0
8081,138.Tree_Swallow/Tree_Swallow_0113_136849.jpg,138,0
8082,138.Tree_Swallow/Tree_Swallow_0095_135829.jpg,138,0
8084,138.Tree_Swallow/Tree_Swallow_0115_135832.jpg,138,0
8086,138.Tree_Swallow/Tree_Swallow_0090_135325.jpg,138,0
8087,138.Tree_Swallow/Tree_Swallow_0075_136081.jpg,138,0
8088,138.Tree_Swallow/Tree_Swallow_0091_136870.jpg,138,0
8093,138.Tree_Swallow/Tree_Swallow_0050_135104.jpg,138,0
8095,138.Tree_Swallow/Tree_Swallow_0042_136401.jpg,138,0
8097,138.Tree_Swallow/Tree_Swallow_0110_136921.jpg,138,0
8098,138.Tree_Swallow/Tree_Swallow_0029_134882.jpg,138,0
8100,138.Tree_Swallow/Tree_Swallow_0056_135079.jpg,138,0
8105,138.Tree_Swallow/Tree_Swallow_0073_134997.jpg,138,0
8106,139.Scarlet_Tanager/Scarlet_Tanager_0116_138242.jpg,139,0
8108,139.Scarlet_Tanager/Scarlet_Tanager_0121_138255.jpg,139,0
8109,139.Scarlet_Tanager/Scarlet_Tanager_0129_137745.jpg,139,0
8111,139.Scarlet_Tanager/Scarlet_Tanager_0068_137758.jpg,139,0
8118,139.Scarlet_Tanager/Scarlet_Tanager_0099_137783.jpg,139,0
8119,139.Scarlet_Tanager/Scarlet_Tanager_0014_138298.jpg,139,0
8124,139.Scarlet_Tanager/Scarlet_Tanager_0012_138410.jpg,139,0
8126,139.Scarlet_Tanager/Scarlet_Tanager_0087_137937.jpg,139,0
8128,139.Scarlet_Tanager/Scarlet_Tanager_0082_137978.jpg,139,0
8130,139.Scarlet_Tanager/Scarlet_Tanager_0021_138199.jpg,139,0
8134,139.Scarlet_Tanager/Scarlet_Tanager_0039_138010.jpg,139,0
8135,139.Scarlet_Tanager/Scarlet_Tanager_0096_138022.jpg,139,0
8136,139.Scarlet_Tanager/Scarlet_Tanager_0022_138049.jpg,139,0
8137,139.Scarlet_Tanager/Scarlet_Tanager_0054_138210.jpg,139,0
8139,139.Scarlet_Tanager/Scarlet_Tanager_0009_138076.jpg,139,0
8140,139.Scarlet_Tanager/Scarlet_Tanager_0073_138108.jpg,139,0
8143,139.Scarlet_Tanager/Scarlet_Tanager_0008_137607.jpg,139,0
8148,139.Scarlet_Tanager/Scarlet_Tanager_0065_138683.jpg,139,0
8149,139.Scarlet_Tanager/Scarlet_Tanager_0092_138688.jpg,139,0
8150,139.Scarlet_Tanager/Scarlet_Tanager_0112_138695.jpg,139,0
8152,139.Scarlet_Tanager/Scarlet_Tanager_0038_138198.jpg,139,0
8154,139.Scarlet_Tanager/Scarlet_Tanager_0025_138712.jpg,139,0
8155,139.Scarlet_Tanager/Scarlet_Tanager_0109_137698.jpg,139,0
8156,139.Scarlet_Tanager/Scarlet_Tanager_0135_137699.jpg,139,0
8157,139.Scarlet_Tanager/Scarlet_Tanager_0076_137702.jpg,139,0
8159,139.Scarlet_Tanager/Scarlet_Tanager_0043_138236.jpg,139,0
8162,139.Scarlet_Tanager/Scarlet_Tanager_0063_138227.jpg,139,0
8165,139.Scarlet_Tanager/Scarlet_Tanager_0003_137724.jpg,139,0
8166,140.Summer_Tanager/Summer_Tanager_0103_139267.jpg,140,0
8168,140.Summer_Tanager/Summer_Tanager_0071_140289.jpg,140,0
8171,140.Summer_Tanager/Summer_Tanager_0106_139801.jpg,140,0
8173,140.Summer_Tanager/Summer_Tanager_0052_139804.jpg,140,0
8174,140.Summer_Tanager/Summer_Tanager_0127_139297.jpg,140,0
8175,140.Summer_Tanager/Summer_Tanager_0059_140582.jpg,140,0
8176,140.Summer_Tanager/Summer_Tanager_0101_139441.jpg,140,0
8182,140.Summer_Tanager/Summer_Tanager_0117_140812.jpg,140,0
8184,140.Summer_Tanager/Summer_Tanager_0080_140110.jpg,140,0
8185,140.Summer_Tanager/Summer_Tanager_0075_139858.jpg,140,0
8186,140.Summer_Tanager/Summer_Tanager_0023_139859.jpg,140,0
8188,140.Summer_Tanager/Summer_Tanager_0094_139351.jpg,140,0
8189,140.Summer_Tanager/Summer_Tanager_0062_140633.jpg,140,0
8190,140.Summer_Tanager/Summer_Tanager_0050_139358.jpg,140,0
8195,140.Summer_Tanager/Summer_Tanager_0038_139371.jpg,140,0
8196,140.Summer_Tanager/Summer_Tanager_0043_139884.jpg,140,0
8197,140.Summer_Tanager/Summer_Tanager_0073_139379.jpg,140,0
8199,140.Summer_Tanager/Summer_Tanager_0041_139902.jpg,140,0
8200,140.Summer_Tanager/Summer_Tanager_0074_139592.jpg,140,0
8204,140.Summer_Tanager/Summer_Tanager_0017_140173.jpg,140,0
8210,140.Summer_Tanager/Summer_Tanager_0069_139941.jpg,140,0
8215,140.Summer_Tanager/Summer_Tanager_0124_139963.jpg,140,0
8216,140.Summer_Tanager/Summer_Tanager_0044_140611.jpg,140,0
8220,140.Summer_Tanager/Summer_Tanager_0107_139488.jpg,140,0
8222,140.Summer_Tanager/Summer_Tanager_0091_139602.jpg,140,0
8223,140.Summer_Tanager/Summer_Tanager_0070_137714.jpg,140,0
8224,140.Summer_Tanager/Summer_Tanager_0115_139253.jpg,140,0
8225,140.Summer_Tanager/Summer_Tanager_0093_139517.jpg,140,0
8227,141.Artic_Tern/Artic_Tern_0015_141829.jpg,141,0
8228,141.Artic_Tern/Artic_Tern_0035_143366.jpg,141,0
8232,141.Artic_Tern/Artic_Tern_0048_142372.jpg,141,0
8234,141.Artic_Tern/Artic_Tern_0059_141876.jpg,141,0
8235,141.Artic_Tern/Artic_Tern_0093_141880.jpg,141,0
8238,141.Artic_Tern/Artic_Tern_0129_141395.jpg,141,0
8242,141.Artic_Tern/Artic_Tern_0019_141922.jpg,141,0
8243,141.Artic_Tern/Artic_Tern_0127_142440.jpg,141,0
8244,141.Artic_Tern/Artic_Tern_0036_142447.jpg,141,0
8248,141.Artic_Tern/Artic_Tern_0060_141955.jpg,141,0
8249,141.Artic_Tern/Artic_Tern_0023_140898.jpg,141,0
8252,141.Artic_Tern/Artic_Tern_0138_142527.jpg,141,0
8253,141.Artic_Tern/Artic_Tern_0034_142022.jpg,141,0
8254,141.Artic_Tern/Artic_Tern_0117_143394.jpg,141,0
8257,141.Artic_Tern/Artic_Tern_0115_142570.jpg,141,0
8260,141.Artic_Tern/Artic_Tern_0142_142078.jpg,141,0
8261,141.Artic_Tern/Artic_Tern_0041_142079.jpg,141,0
8266,141.Artic_Tern/Artic_Tern_0027_141617.jpg,141,0
8268,141.Artic_Tern/Artic_Tern_0082_142127.jpg,141,0
8270,141.Artic_Tern/Artic_Tern_0044_142151.jpg,141,0
8272,141.Artic_Tern/Artic_Tern_0037_141141.jpg,141,0
8273,141.Artic_Tern/Artic_Tern_0119_142682.jpg,141,0
8275,141.Artic_Tern/Artic_Tern_0014_141716.jpg,141,0
8277,141.Artic_Tern/Artic_Tern_0029_142220.jpg,141,0
8278,141.Artic_Tern/Artic_Tern_0024_143268.jpg,141,0
8282,141.Artic_Tern/Artic_Tern_0030_141816.jpg,141,0
8283,141.Artic_Tern/Artic_Tern_0011_143355.jpg,141,0
8284,142.Black_Tern/Black_Tern_0017_143876.jpg,142,0
8285,142.Black_Tern/Black_Tern_0006_144646.jpg,142,0
8296,142.Black_Tern/Black_Tern_0096_143917.jpg,142,0
8300,142.Black_Tern/Black_Tern_0094_144466.jpg,142,0
8304,142.Black_Tern/Black_Tern_0008_143965.jpg,142,0
8307,142.Black_Tern/Black_Tern_0058_143981.jpg,142,0
8308,142.Black_Tern/Black_Tern_0023_143985.jpg,142,0
8310,142.Black_Tern/Black_Tern_0064_143990.jpg,142,0
8311,142.Black_Tern/Black_Tern_0025_144503.jpg,142,0
8313,142.Black_Tern/Black_Tern_0107_144661.jpg,142,0
8314,142.Black_Tern/Black_Tern_0050_144000.jpg,142,0
8315,142.Black_Tern/Black_Tern_0048_144001.jpg,142,0
8316,142.Black_Tern/Black_Tern_0044_144021.jpg,142,0
8317,142.Black_Tern/Black_Tern_0032_144029.jpg,142,0
8318,142.Black_Tern/Black_Tern_0070_144292.jpg,142,0
8319,142.Black_Tern/Black_Tern_0104_144038.jpg,142,0
8320,142.Black_Tern/Black_Tern_0024_144039.jpg,142,0
8325,142.Black_Tern/Black_Tern_0091_144063.jpg,142,0
8326,142.Black_Tern/Black_Tern_0033_144328.jpg,142,0
8327,142.Black_Tern/Black_Tern_0065_144076.jpg,142,0
8328,142.Black_Tern/Black_Tern_0101_144331.jpg,142,0
8330,142.Black_Tern/Black_Tern_0073_144638.jpg,142,0
8331,142.Black_Tern/Black_Tern_0100_144597.jpg,142,0
8332,142.Black_Tern/Black_Tern_0102_144344.jpg,142,0
8333,142.Black_Tern/Black_Tern_0098_144089.jpg,142,0
8334,142.Black_Tern/Black_Tern_0012_144091.jpg,142,0
8338,142.Black_Tern/Black_Tern_0034_144106.jpg,142,0
8342,142.Black_Tern/Black_Tern_0105_144380.jpg,142,0
8345,143.Caspian_Tern/Caspian_Tern_0024_146033.jpg,143,0
8346,143.Caspian_Tern/Caspian_Tern_0097_145923.jpg,143,0
8347,143.Caspian_Tern/Caspian_Tern_0115_145927.jpg,143,0
8348,143.Caspian_Tern/Caspian_Tern_0102_145928.jpg,143,0
8349,143.Caspian_Tern/Caspian_Tern_0005_145929.jpg,143,0
8351,143.Caspian_Tern/Caspian_Tern_0069_145931.jpg,143,0
8352,143.Caspian_Tern/Caspian_Tern_0079_145777.jpg,143,0
8353,143.Caspian_Tern/Caspian_Tern_0099_145939.jpg,143,0
8357,143.Caspian_Tern/Caspian_Tern_0074_145964.jpg,143,0
8359,143.Caspian_Tern/Caspian_Tern_0062_145981.jpg,143,0
8360,143.Caspian_Tern/Caspian_Tern_0041_144964.jpg,143,0
8362,143.Caspian_Tern/Caspian_Tern_0111_145995.jpg,143,0
8364,143.Caspian_Tern/Caspian_Tern_0119_145492.jpg,143,0
8365,143.Caspian_Tern/Caspian_Tern_0060_146007.jpg,143,0
8367,143.Caspian_Tern/Caspian_Tern_0018_146010.jpg,143,0
8372,143.Caspian_Tern/Caspian_Tern_0108_145278.jpg,143,0
8375,143.Caspian_Tern/Caspian_Tern_0113_146828.jpg,143,0
8380,143.Caspian_Tern/Caspian_Tern_0063_146082.jpg,143,0
8382,143.Caspian_Tern/Caspian_Tern_0012_147632.jpg,143,0
8383,143.Caspian_Tern/Caspian_Tern_0068_146615.jpg,143,0
8386,143.Caspian_Tern/Caspian_Tern_0106_147645.jpg,143,0
8387,143.Caspian_Tern/Caspian_Tern_0048_145672.jpg,143,0
8388,143.Caspian_Tern/Caspian_Tern_0016_145314.jpg,143,0
8393,143.Caspian_Tern/Caspian_Tern_0067_145107.jpg,143,0
8395,143.Caspian_Tern/Caspian_Tern_0058_145886.jpg,143,0
8396,143.Caspian_Tern/Caspian_Tern_0054_145890.jpg,143,0
8397,143.Caspian_Tern/Caspian_Tern_0026_145125.jpg,143,0
8399,143.Caspian_Tern/Caspian_Tern_0014_145640.jpg,143,0
8404,144.Common_Tern/Common_Tern_0040_147973.jpg,144,0
8412,144.Common_Tern/Common_Tern_0075_148528.jpg,144,0
8414,144.Common_Tern/Common_Tern_0045_150067.jpg,144,0
8417,144.Common_Tern/Common_Tern_0056_148549.jpg,144,0
8418,144.Common_Tern/Common_Tern_0063_147789.jpg,144,0
8421,144.Common_Tern/Common_Tern_0105_149841.jpg,144,0
8423,144.Common_Tern/Common_Tern_0088_147941.jpg,144,0
8424,144.Common_Tern/Common_Tern_0027_150113.jpg,144,0
8425,144.Common_Tern/Common_Tern_0028_150117.jpg,144,0
8426,144.Common_Tern/Common_Tern_0009_149609.jpg,144,0
8428,144.Common_Tern/Common_Tern_0087_147945.jpg,144,0
8432,144.Common_Tern/Common_Tern_0097_148874.jpg,144,0
8433,144.Common_Tern/Common_Tern_0092_147779.jpg,144,0
8434,144.Common_Tern/Common_Tern_0055_149486.jpg,144,0
8438,144.Common_Tern/Common_Tern_0108_149672.jpg,144,0
8439,144.Common_Tern/Common_Tern_0078_149161.jpg,144,0
8440,144.Common_Tern/Common_Tern_0106_149345.jpg,144,0
8442,144.Common_Tern/Common_Tern_0042_147897.jpg,144,0
8443,144.Common_Tern/Common_Tern_0120_148670.jpg,144,0
8444,144.Common_Tern/Common_Tern_0050_148928.jpg,144,0
8447,144.Common_Tern/Common_Tern_0044_148680.jpg,144,0
8448,144.Common_Tern/Common_Tern_0047_149195.jpg,144,0
8451,144.Common_Tern/Common_Tern_0004_148977.jpg,144,0
8454,144.Common_Tern/Common_Tern_0103_149733.jpg,144,0
8455,144.Common_Tern/Common_Tern_0014_149194.jpg,144,0
8457,144.Common_Tern/Common_Tern_0115_149482.jpg,144,0
8461,144.Common_Tern/Common_Tern_0057_149749.jpg,144,0
8463,144.Common_Tern/Common_Tern_0012_148477.jpg,144,0
8464,145.Elegant_Tern/Elegant_Tern_0093_150534.jpg,145,0
8465,145.Elegant_Tern/Elegant_Tern_0080_150538.jpg,145,0
8467,145.Elegant_Tern/Elegant_Tern_0077_150548.jpg,145,0
8468,145.Elegant_Tern/Elegant_Tern_0030_151067.jpg,145,0
8469,145.Elegant_Tern/Elegant_Tern_0096_151068.jpg,145,0
8474,145.Elegant_Tern/Elegant_Tern_0085_151091.jpg,145,0
8475,145.Elegant_Tern/Elegant_Tern_0060_150837.jpg,145,0
8476,145.Elegant_Tern/Elegant_Tern_0024_150852.jpg,145,0
8477,145.Elegant_Tern/Elegant_Tern_0058_150853.jpg,145,0
8478,145.Elegant_Tern/Elegant_Tern_0089_150854.jpg,145,0
8481,145.Elegant_Tern/Elegant_Tern_0106_150872.jpg,145,0
8485,145.Elegant_Tern/Elegant_Tern_0090_45924.jpg,145,0
8487,145.Elegant_Tern/Elegant_Tern_0023_150654.jpg,145,0
8489,145.Elegant_Tern/Elegant_Tern_0053_150507.jpg,145,0
8490,145.Elegant_Tern/Elegant_Tern_0084_150922.jpg,145,0
8492,145.Elegant_Tern/Elegant_Tern_0067_151185.jpg,145,0
8493,145.Elegant_Tern/Elegant_Tern_0042_150851.jpg,145,0
8495,145.Elegant_Tern/Elegant_Tern_0099_150682.jpg,145,0
8497,145.Elegant_Tern/Elegant_Tern_0033_150687.jpg,145,0
8501,145.Elegant_Tern/Elegant_Tern_0079_150953.jpg,145,0
8503,145.Elegant_Tern/Elegant_Tern_0107_150960.jpg,145,0
8504,145.Elegant_Tern/Elegant_Tern_0006_150963.jpg,145,0
8505,145.Elegant_Tern/Elegant_Tern_0005_150708.jpg,145,0
8506,145.Elegant_Tern/Elegant_Tern_0101_150715.jpg,145,0
8507,145.Elegant_Tern/Elegant_Tern_0036_150972.jpg,145,0
8508,145.Elegant_Tern/Elegant_Tern_0039_150944.jpg,145,0
8511,145.Elegant_Tern/Elegant_Tern_0035_150744.jpg,145,0
8519,145.Elegant_Tern/Elegant_Tern_0082_150517.jpg,145,0
8524,146.Forsters_Tern/Forsters_Tern_0012_151558.jpg,146,0
8525,146.Forsters_Tern/Forsters_Tern_0098_151258.jpg,146,0
8528,146.Forsters_Tern/Forsters_Tern_0057_151570.jpg,146,0
8529,146.Forsters_Tern/Forsters_Tern_0109_152094.jpg,146,0
8530,146.Forsters_Tern/Forsters_Tern_0076_151330.jpg,146,0
8531,146.Forsters_Tern/Forsters_Tern_0043_151332.jpg,146,0
8535,146.Forsters_Tern/Forsters_Tern_0092_152119.jpg,146,0
8537,146.Forsters_Tern/Forsters_Tern_0071_152142.jpg,146,0
8538,146.Forsters_Tern/Forsters_Tern_0049_151631.jpg,146,0
8539,146.Forsters_Tern/Forsters_Tern_0041_149586.jpg,146,0
8541,146.Forsters_Tern/Forsters_Tern_0091_151895.jpg,146,0
8546,146.Forsters_Tern/Forsters_Tern_0042_151644.jpg,146,0
8547,146.Forsters_Tern/Forsters_Tern_0021_144734.jpg,146,0
8552,146.Forsters_Tern/Forsters_Tern_0082_151937.jpg,146,0
8554,146.Forsters_Tern/Forsters_Tern_0116_151688.jpg,146,0
8558,146.Forsters_Tern/Forsters_Tern_0064_152047.jpg,146,0
8560,146.Forsters_Tern/Forsters_Tern_0086_152738.jpg,146,0
8561,146.Forsters_Tern/Forsters_Tern_0097_151731.jpg,146,0
8563,146.Forsters_Tern/Forsters_Tern_0087_151226.jpg,146,0
8565,146.Forsters_Tern/Forsters_Tern_0029_151228.jpg,146,0
8571,146.Forsters_Tern/Forsters_Tern_0010_151243.jpg,146,0
8573,146.Forsters_Tern/Forsters_Tern_0126_151257.jpg,146,0
8575,146.Forsters_Tern/Forsters_Tern_0003_151547.jpg,146,0
8577,146.Forsters_Tern/Forsters_Tern_0059_151269.jpg,146,0
8578,146.Forsters_Tern/Forsters_Tern_0099_152529.jpg,146,0
8580,146.Forsters_Tern/Forsters_Tern_0095_152067.jpg,146,0
8581,146.Forsters_Tern/Forsters_Tern_0083_151282.jpg,146,0
8582,146.Forsters_Tern/Forsters_Tern_0004_152358.jpg,146,0
8586,147.Least_Tern/Least_Tern_0127_154141.jpg,147,0
8590,147.Least_Tern/Least_Tern_0007_153661.jpg,147,0
8591,147.Least_Tern/Least_Tern_0025_153678.jpg,147,0
8593,147.Least_Tern/Least_Tern_0026_153702.jpg,147,0
8594,147.Least_Tern/Least_Tern_0116_153715.jpg,147,0
8596,147.Least_Tern/Least_Tern_0128_153732.jpg,147,0
8600,147.Least_Tern/Least_Tern_0058_153747.jpg,147,0
8601,147.Least_Tern/Least_Tern_0014_153757.jpg,147,0
8604,147.Least_Tern/Least_Tern_0028_153781.jpg,147,0
8608,147.Least_Tern/Least_Tern_0098_153820.jpg,147,0
8610,147.Least_Tern/Least_Tern_0008_153313.jpg,147,0
8611,147.Least_Tern/Least_Tern_0024_153317.jpg,147,0
8613,147.Least_Tern/Least_Tern_0096_153868.jpg,147,0
8617,147.Least_Tern/Least_Tern_0111_153308.jpg,147,0
8618,147.Least_Tern/Least_Tern_0132_154149.jpg,147,0
8619,147.Least_Tern/Least_Tern_0113_153415.jpg,147,0
8620,147.Least_Tern/Least_Tern_0089_152912.jpg,147,0
8622,147.Least_Tern/Least_Tern_0035_152932.jpg,147,0
8623,147.Least_Tern/Least_Tern_0129_153449.jpg,147,0
8624,147.Least_Tern/Least_Tern_0034_153963.jpg,147,0
8627,147.Least_Tern/Least_Tern_0100_153461.jpg,147,0
8628,147.Least_Tern/Least_Tern_0104_152950.jpg,147,0
8629,147.Least_Tern/Least_Tern_0021_153979.jpg,147,0
8630,147.Least_Tern/Least_Tern_0041_153470.jpg,147,0
8631,147.Least_Tern/Least_Tern_0131_153983.jpg,147,0
8633,147.Least_Tern/Least_Tern_0125_153996.jpg,147,0
8639,147.Least_Tern/Least_Tern_0040_153039.jpg,147,0
8640,147.Least_Tern/Least_Tern_0029_154064.jpg,147,0
8644,148.Green_tailed_Towhee/Green_Tailed_Towhee_0109_797440.jpg,148,0
8645,148.Green_tailed_Towhee/Green_Tailed_Towhee_0061_154880.jpg,148,0
8649,148.Green_tailed_Towhee/Green_Tailed_Towhee_0035_154888.jpg,148,0
8651,148.Green_tailed_Towhee/Green_Tailed_Towhee_0050_154898.jpg,148,0
8652,148.Green_tailed_Towhee/Green_Tailed_Towhee_0101_154907.jpg,148,0
8654,148.Green_tailed_Towhee/Green_Tailed_Towhee_0021_797404.jpg,148,0
8655,148.Green_tailed_Towhee/Green_Tailed_Towhee_0044_154934.jpg,148,0
8658,148.Green_tailed_Towhee/Green_Tailed_Towhee_0072_154946.jpg,148,0
8659,148.Green_tailed_Towhee/Green_Tailed_Towhee_0004_154951.jpg,148,0
8660,148.Green_tailed_Towhee/Green_Tailed_Towhee_0100_154966.jpg,148,0
8664,148.Green_tailed_Towhee/Green_Tailed_Towhee_0079_154764.jpg,148,0
8665,148.Green_tailed_Towhee/Green_Tailed_Towhee_0051_154768.jpg,148,0
8667,148.Green_tailed_Towhee/Green_Tailed_Towhee_0047_154776.jpg,148,0
8669,148.Green_tailed_Towhee/Green_Tailed_Towhee_0005_154784.jpg,148,0
8672,148.Green_tailed_Towhee/Green_Tailed_Towhee_0053_154921.jpg,148,0
8675,148.Green_tailed_Towhee/Green_Tailed_Towhee_0085_154822.jpg,148,0
8678,148.Green_tailed_Towhee/Green_Tailed_Towhee_0082_797395.jpg,148,0
8682,148.Green_tailed_Towhee/Green_Tailed_Towhee_0017_797400.jpg,148,0
8684,148.Green_tailed_Towhee/Green_Tailed_Towhee_0104_797403.jpg,148,0
8686,148.Green_tailed_Towhee/Green_Tailed_Towhee_0037_797405.jpg,148,0
8690,148.Green_tailed_Towhee/Green_Tailed_Towhee_0003_797414.jpg,148,0
8691,148.Green_tailed_Towhee/Green_Tailed_Towhee_0014_797415.jpg,148,0
8692,148.Green_tailed_Towhee/Green_Tailed_Towhee_0030_797417.jpg,148,0
8693,148.Green_tailed_Towhee/Green_Tailed_Towhee_0102_797420.jpg,148,0
8694,148.Green_tailed_Towhee/Green_Tailed_Towhee_0062_797424.jpg,148,0
8695,148.Green_tailed_Towhee/Green_Tailed_Towhee_0015_797425.jpg,148,0
8696,148.Green_tailed_Towhee/Green_Tailed_Towhee_0067_797426.jpg,148,0
8699,148.Green_tailed_Towhee/Green_Tailed_Towhee_0010_797431.jpg,148,0
8705,149.Brown_Thrasher/Brown_Thrasher_0061_155140.jpg,149,0
8706,149.Brown_Thrasher/Brown_Thrasher_0054_155145.jpg,149,0
8709,149.Brown_Thrasher/Brown_Thrasher_0046_155154.jpg,149,0
8712,149.Brown_Thrasher/Brown_Thrasher_0057_155164.jpg,149,0
8715,149.Brown_Thrasher/Brown_Thrasher_0005_155176.jpg,149,0
8719,149.Brown_Thrasher/Brown_Thrasher_0084_155189.jpg,149,0
8720,149.Brown_Thrasher/Brown_Thrasher_0127_155193.jpg,149,0
8722,149.Brown_Thrasher/Brown_Thrasher_0080_155200.jpg,149,0
8723,149.Brown_Thrasher/Brown_Thrasher_0042_155213.jpg,149,0
8726,149.Brown_Thrasher/Brown_Thrasher_0020_155223.jpg,149,0
8727,149.Brown_Thrasher/Brown_Thrasher_0065_155229.jpg,149,0
8729,149.Brown_Thrasher/Brown_Thrasher_0038_155246.jpg,149,0
8735,149.Brown_Thrasher/Brown_Thrasher_0132_155337.jpg,149,0
8737,149.Brown_Thrasher/Brown_Thrasher_0070_155343.jpg,149,0
8740,149.Brown_Thrasher/Brown_Thrasher_0024_155363.jpg,149,0
8741,149.Brown_Thrasher/Brown_Thrasher_0135_155366.jpg,149,0
8742,149.Brown_Thrasher/Brown_Thrasher_0011_155370.jpg,149,0
8743,149.Brown_Thrasher/Brown_Thrasher_0073_155376.jpg,149,0
8747,149.Brown_Thrasher/Brown_Thrasher_0096_155412.jpg,149,0
8748,149.Brown_Thrasher/Brown_Thrasher_0092_155415.jpg,149,0
8749,149.Brown_Thrasher/Brown_Thrasher_0014_155421.jpg,149,0
8752,149.Brown_Thrasher/Brown_Thrasher_0056_155048.jpg,149,0
8753,149.Brown_Thrasher/Brown_Thrasher_0124_155052.jpg,149,0
8757,149.Brown_Thrasher/Brown_Thrasher_0049_155110.jpg,149,0
8758,149.Brown_Thrasher/Brown_Thrasher_0113_155111.jpg,149,0
8760,149.Brown_Thrasher/Brown_Thrasher_0063_155127.jpg,149,0
8762,149.Brown_Thrasher/Brown_Thrasher_0120_155133.jpg,149,0
8763,150.Sage_Thrasher/Sage_Thrasher_0097_155564.jpg,150,0
8768,150.Sage_Thrasher/Sage_Thrasher_0036_796444.jpg,150,0
8771,150.Sage_Thrasher/Sage_Thrasher_0098_796448.jpg,150,0
8775,150.Sage_Thrasher/Sage_Thrasher_0056_796457.jpg,150,0
8776,150.Sage_Thrasher/Sage_Thrasher_0029_796459.jpg,150,0
8777,150.Sage_Thrasher/Sage_Thrasher_0062_796462.jpg,150,0
8778,150.Sage_Thrasher/Sage_Thrasher_0024_796463.jpg,150,0
8779,150.Sage_Thrasher/Sage_Thrasher_0003_155479.jpg,150,0
8780,150.Sage_Thrasher/Sage_Thrasher_0022_155447.jpg,150,0
8783,150.Sage_Thrasher/Sage_Thrasher_0068_155452.jpg,150,0
8785,150.Sage_Thrasher/Sage_Thrasher_0090_155713.jpg,150,0
8788,150.Sage_Thrasher/Sage_Thrasher_0055_155467.jpg,150,0
8789,150.Sage_Thrasher/Sage_Thrasher_0081_155724.jpg,150,0
8791,150.Sage_Thrasher/Sage_Thrasher_0050_155475.jpg,150,0
8793,150.Sage_Thrasher/Sage_Thrasher_0006_155478.jpg,150,0
8795,150.Sage_Thrasher/Sage_Thrasher_0057_155488.jpg,150,0
8796,150.Sage_Thrasher/Sage_Thrasher_0084_155490.jpg,150,0
8802,150.Sage_Thrasher/Sage_Thrasher_0064_155531.jpg,150,0
8803,150.Sage_Thrasher/Sage_Thrasher_0072_155539.jpg,150,0
8807,150.Sage_Thrasher/Sage_Thrasher_0061_155462.jpg,150,0
8808,150.Sage_Thrasher/Sage_Thrasher_0085_155562.jpg,150,0
8809,150.Sage_Thrasher/Sage_Thrasher_0009_155463.jpg,150,0
8811,150.Sage_Thrasher/Sage_Thrasher_0016_155566.jpg,150,0
8812,150.Sage_Thrasher/Sage_Thrasher_0005_155569.jpg,150,0
8817,150.Sage_Thrasher/Sage_Thrasher_0044_155610.jpg,150,0
8818,150.Sage_Thrasher/Sage_Thrasher_0073_155614.jpg,150,0
8821,150.Sage_Thrasher/Sage_Thrasher_0023_796458.jpg,150,0
8822,150.Sage_Thrasher/Sage_Thrasher_0026_155646.jpg,150,0
8825,151.Black_capped_Vireo/Black_Capped_Vireo_0031_797446.jpg,151,0
8826,151.Black_capped_Vireo/Black_Capped_Vireo_0034_797448.jpg,151,0
8827,151.Black_capped_Vireo/Black_Capped_Vireo_0048_797449.jpg,151,0
8834,151.Black_capped_Vireo/Black_Capped_Vireo_0051_797456.jpg,151,0
8840,151.Black_capped_Vireo/Black_Capped_Vireo_0045_797464.jpg,151,0
8841,151.Black_capped_Vireo/Black_Capped_Vireo_0038_797465.jpg,151,0
8844,151.Black_capped_Vireo/Black_Capped_Vireo_0049_797468.jpg,151,0
8849,151.Black_capped_Vireo/Black_Capped_Vireo_0033_797474.jpg,151,0
8850,151.Black_capped_Vireo/Black_Capped_Vireo_0036_797475.jpg,151,0
8854,151.Black_capped_Vireo/Black_Capped_Vireo_0021_797480.jpg,151,0
8856,151.Black_capped_Vireo/Black_Capped_Vireo_0042_797483.jpg,151,0
8858,151.Black_capped_Vireo/Black_Capped_Vireo_0052_797487.jpg,151,0
8859,151.Black_capped_Vireo/Black_Capped_Vireo_0011_797488.jpg,151,0
8862,151.Black_capped_Vireo/Black_Capped_Vireo_0017_797492.jpg,151,0
8864,151.Black_capped_Vireo/Black_Capped_Vireo_0046_797494.jpg,151,0
8865,151.Black_capped_Vireo/Black_Capped_Vireo_0037_797495.jpg,151,0
8867,151.Black_capped_Vireo/Black_Capped_Vireo_0050_155836.jpg,151,0
8872,151.Black_capped_Vireo/Black_Capped_Vireo_0026_155745.jpg,151,0
8873,151.Black_capped_Vireo/Black_Capped_Vireo_0019_797479.jpg,151,0
8874,152.Blue_headed_Vireo/Blue_Headed_Vireo_0088_156416.jpg,152,0
8876,152.Blue_headed_Vireo/Blue_Headed_Vireo_0012_156434.jpg,152,0
8879,152.Blue_headed_Vireo/Blue_Headed_Vireo_0022_156184.jpg,152,0
8880,152.Blue_headed_Vireo/Blue_Headed_Vireo_0123_156443.jpg,152,0
8882,152.Blue_headed_Vireo/Blue_Headed_Vireo_0091_155934.jpg,152,0
8883,152.Blue_headed_Vireo/Blue_Headed_Vireo_0118_156193.jpg,152,0
8887,152.Blue_headed_Vireo/Blue_Headed_Vireo_0087_156461.jpg,152,0
8888,152.Blue_headed_Vireo/Blue_Headed_Vireo_0008_155950.jpg,152,0
8890,152.Blue_headed_Vireo/Blue_Headed_Vireo_0076_156209.jpg,152,0
8891,152.Blue_headed_Vireo/Blue_Headed_Vireo_0037_155955.jpg,152,0
8892,152.Blue_headed_Vireo/Blue_Headed_Vireo_0028_156217.jpg,152,0
8895,152.Blue_headed_Vireo/Blue_Headed_Vireo_0105_156229.jpg,152,0
8897,152.Blue_headed_Vireo/Blue_Headed_Vireo_0032_156239.jpg,152,0
8898,152.Blue_headed_Vireo/Blue_Headed_Vireo_0002_156241.jpg,152,0
8899,152.Blue_headed_Vireo/Blue_Headed_Vireo_0072_155987.jpg,152,0
8900,152.Blue_headed_Vireo/Blue_Headed_Vireo_0086_156244.jpg,152,0
8904,152.Blue_headed_Vireo/Blue_Headed_Vireo_0117_156026.jpg,152,0
8905,152.Blue_headed_Vireo/Blue_Headed_Vireo_0027_155999.jpg,152,0
8906,152.Blue_headed_Vireo/Blue_Headed_Vireo_0111_156258.jpg,152,0
8909,152.Blue_headed_Vireo/Blue_Headed_Vireo_0058_156261.jpg,152,0
8910,152.Blue_headed_Vireo/Blue_Headed_Vireo_0005_156007.jpg,152,0
8919,152.Blue_headed_Vireo/Blue_Headed_Vireo_0017_156063.jpg,152,0
8920,152.Blue_headed_Vireo/Blue_Headed_Vireo_0113_156332.jpg,152,0
8922,152.Blue_headed_Vireo/Blue_Headed_Vireo_0049_156082.jpg,152,0
8923,152.Blue_headed_Vireo/Blue_Headed_Vireo_0079_156086.jpg,152,0
8926,152.Blue_headed_Vireo/Blue_Headed_Vireo_0115_156099.jpg,152,0
8930,152.Blue_headed_Vireo/Blue_Headed_Vireo_0107_156111.jpg,152,0
8931,152.Blue_headed_Vireo/Blue_Headed_Vireo_0103_156382.jpg,152,0
8934,153.Philadelphia_Vireo/Philadelphia_Vireo_0044_156548.jpg,153,0
8936,153.Philadelphia_Vireo/Philadelphia_Vireo_0008_156551.jpg,153,0
8937,153.Philadelphia_Vireo/Philadelphia_Vireo_0060_156555.jpg,153,0
8939,153.Philadelphia_Vireo/Philadelphia_Vireo_0056_156502.jpg,153,0
8940,153.Philadelphia_Vireo/Philadelphia_Vireo_0028_156510.jpg,153,0
8942,153.Philadelphia_Vireo/Philadelphia_Vireo_0057_156525.jpg,153,0
8945,153.Philadelphia_Vireo/Philadelphia_Vireo_0050_156538.jpg,153,0
8946,153.Philadelphia_Vireo/Philadelphia_Vireo_0022_156546.jpg,153,0
8950,153.Philadelphia_Vireo/Philadelphia_Vireo_0038_794759.jpg,153,0
8952,153.Philadelphia_Vireo/Philadelphia_Vireo_0083_794761.jpg,153,0
8959,153.Philadelphia_Vireo/Philadelphia_Vireo_0010_794769.jpg,153,0
8960,153.Philadelphia_Vireo/Philadelphia_Vireo_0037_794770.jpg,153,0
8965,153.Philadelphia_Vireo/Philadelphia_Vireo_0062_794777.jpg,153,0
8967,153.Philadelphia_Vireo/Philadelphia_Vireo_0063_794781.jpg,153,0
8968,153.Philadelphia_Vireo/Philadelphia_Vireo_0082_156574.jpg,153,0
8969,153.Philadelphia_Vireo/Philadelphia_Vireo_0055_156575.jpg,153,0
8971,153.Philadelphia_Vireo/Philadelphia_Vireo_0084_794790.jpg,153,0
8973,153.Philadelphia_Vireo/Philadelphia_Vireo_0027_156585.jpg,153,0
8978,153.Philadelphia_Vireo/Philadelphia_Vireo_0059_794799.jpg,153,0
8979,153.Philadelphia_Vireo/Philadelphia_Vireo_0035_156596.jpg,153,0
8980,153.Philadelphia_Vireo/Philadelphia_Vireo_0016_156598.jpg,153,0
8981,153.Philadelphia_Vireo/Philadelphia_Vireo_0005_156599.jpg,153,0
8984,153.Philadelphia_Vireo/Philadelphia_Vireo_0058_156558.jpg,153,0
8986,153.Philadelphia_Vireo/Philadelphia_Vireo_0031_156632.jpg,153,0
8988,153.Philadelphia_Vireo/Philadelphia_Vireo_0041_156642.jpg,153,0
8990,153.Philadelphia_Vireo/Philadelphia_Vireo_0072_156655.jpg,153,0
8992,153.Philadelphia_Vireo/Philadelphia_Vireo_0020_156663.jpg,153,0
8993,154.Red_eyed_Vireo/Red_Eyed_Vireo_0052_157185.jpg,154,0
8994,154.Red_eyed_Vireo/Red_Eyed_Vireo_0132_156686.jpg,154,0
8995,154.Red_eyed_Vireo/Red_Eyed_Vireo_0061_157202.jpg,154,0
8996,154.Red_eyed_Vireo/Red_Eyed_Vireo_0141_157205.jpg,154,0
8999,154.Red_eyed_Vireo/Red_Eyed_Vireo_0004_157224.jpg,154,0
9001,154.Red_eyed_Vireo/Red_Eyed_Vireo_0036_156727.jpg,154,0
9003,154.Red_eyed_Vireo/Red_Eyed_Vireo_0026_156751.jpg,154,0
9004,154.Red_eyed_Vireo/Red_Eyed_Vireo_0046_157265.jpg,154,0
9007,154.Red_eyed_Vireo/Red_Eyed_Vireo_0123_156780.jpg,154,0
9008,154.Red_eyed_Vireo/Red_Eyed_Vireo_0129_156781.jpg,154,0
9009,154.Red_eyed_Vireo/Red_Eyed_Vireo_0049_156785.jpg,154,0
9010,154.Red_eyed_Vireo/Red_Eyed_Vireo_0138_156798.jpg,154,0
9011,154.Red_eyed_Vireo/Red_Eyed_Vireo_0023_156800.jpg,154,0
9013,154.Red_eyed_Vireo/Red_Eyed_Vireo_0020_156875.jpg,154,0
9015,154.Red_eyed_Vireo/Red_Eyed_Vireo_0032_156897.jpg,154,0
9016,154.Red_eyed_Vireo/Red_Eyed_Vireo_0134_156919.jpg,154,0
9025,154.Red_eyed_Vireo/Red_Eyed_Vireo_0016_156971.jpg,154,0
9026,154.Red_eyed_Vireo/Red_Eyed_Vireo_0059_156974.jpg,154,0
9034,154.Red_eyed_Vireo/Red_Eyed_Vireo_0065_157019.jpg,154,0
9038,154.Red_eyed_Vireo/Red_Eyed_Vireo_0014_157062.jpg,154,0
9044,154.Red_eyed_Vireo/Red_Eyed_Vireo_0075_158151.jpg,154,0
9045,154.Red_eyed_Vireo/Red_Eyed_Vireo_0054_157158.jpg,154,0
9046,154.Red_eyed_Vireo/Red_Eyed_Vireo_0133_156668.jpg,154,0
9047,154.Red_eyed_Vireo/Red_Eyed_Vireo_0043_157162.jpg,154,0
9048,154.Red_eyed_Vireo/Red_Eyed_Vireo_0074_157170.jpg,154,0
9049,154.Red_eyed_Vireo/Red_Eyed_Vireo_0025_157173.jpg,154,0
9050,154.Red_eyed_Vireo/Red_Eyed_Vireo_0079_158198.jpg,154,0
9052,154.Red_eyed_Vireo/Red_Eyed_Vireo_0126_157179.jpg,154,0
9053,155.Warbling_Vireo/Warbling_Vireo_0009_158721.jpg,155,0
9054,155.Warbling_Vireo/Warbling_Vireo_0105_158727.jpg,155,0
9056,155.Warbling_Vireo/Warbling_Vireo_0047_158250.jpg,155,0
9057,155.Warbling_Vireo/Warbling_Vireo_0036_158268.jpg,155,0
9061,155.Warbling_Vireo/Warbling_Vireo_0083_158284.jpg,155,0
9064,155.Warbling_Vireo/Warbling_Vireo_0018_158304.jpg,155,0
9066,155.Warbling_Vireo/Warbling_Vireo_0019_158313.jpg,155,0
9069,155.Warbling_Vireo/Warbling_Vireo_0054_158321.jpg,155,0
9071,155.Warbling_Vireo/Warbling_Vireo_0081_158344.jpg,155,0
9072,155.Warbling_Vireo/Warbling_Vireo_0099_158744.jpg,155,0
9073,155.Warbling_Vireo/Warbling_Vireo_0087_158355.jpg,155,0
9075,155.Warbling_Vireo/Warbling_Vireo_0001_158397.jpg,155,0
9077,155.Warbling_Vireo/Warbling_Vireo_0090_158403.jpg,155,0
9079,155.Warbling_Vireo/Warbling_Vireo_0091_158419.jpg,155,0
9081,155.Warbling_Vireo/Warbling_Vireo_0072_158422.jpg,155,0
9082,155.Warbling_Vireo/Warbling_Vireo_0111_158423.jpg,155,0
9084,155.Warbling_Vireo/Warbling_Vireo_0064_158437.jpg,155,0
9085,155.Warbling_Vireo/Warbling_Vireo_0088_158452.jpg,155,0
9088,155.Warbling_Vireo/Warbling_Vireo_0006_158467.jpg,155,0
9096,155.Warbling_Vireo/Warbling_Vireo_0131_158522.jpg,155,0
9097,155.Warbling_Vireo/Warbling_Vireo_0052_158534.jpg,155,0
9098,155.Warbling_Vireo/Warbling_Vireo_0058_158539.jpg,155,0
9099,155.Warbling_Vireo/Warbling_Vireo_0086_158564.jpg,155,0
9102,155.Warbling_Vireo/Warbling_Vireo_0113_158588.jpg,155,0
9103,155.Warbling_Vireo/Warbling_Vireo_0127_158601.jpg,155,0
9108,155.Warbling_Vireo/Warbling_Vireo_0068_158684.jpg,155,0
9109,155.Warbling_Vireo/Warbling_Vireo_0092_158688.jpg,155,0
9110,155.Warbling_Vireo/Warbling_Vireo_0126_158696.jpg,155,0
9113,156.White_eyed_Vireo/White_Eyed_Vireo_0045_159232.jpg,156,0
9114,156.White_eyed_Vireo/White_Eyed_Vireo_0001_159237.jpg,156,0
9121,156.White_eyed_Vireo/White_Eyed_Vireo_0120_158991.jpg,156,0
9124,156.White_eyed_Vireo/White_Eyed_Vireo_0132_158908.jpg,156,0
9128,156.White_eyed_Vireo/White_Eyed_Vireo_0046_158849.jpg,156,0
9130,156.White_eyed_Vireo/White_Eyed_Vireo_0111_158864.jpg,156,0
9131,156.White_eyed_Vireo/White_Eyed_Vireo_0078_159382.jpg,156,0
9132,156.White_eyed_Vireo/White_Eyed_Vireo_0095_158886.jpg,156,0
9133,156.White_eyed_Vireo/White_Eyed_Vireo_0134_158889.jpg,156,0
9135,156.White_eyed_Vireo/White_Eyed_Vireo_0115_158932.jpg,156,0
9136,156.White_eyed_Vireo/White_Eyed_Vireo_0099_158933.jpg,156,0
9137,156.White_eyed_Vireo/White_Eyed_Vireo_0018_159450.jpg,156,0
9139,156.White_eyed_Vireo/White_Eyed_Vireo_0135_158955.jpg,156,0
9140,156.White_eyed_Vireo/White_Eyed_Vireo_0090_158958.jpg,156,0
9141,156.White_eyed_Vireo/White_Eyed_Vireo_0026_158963.jpg,156,0
9147,156.White_eyed_Vireo/White_Eyed_Vireo_0116_159028.jpg,156,0
9148,156.White_eyed_Vireo/White_Eyed_Vireo_0041_159032.jpg,156,0
9149,156.White_eyed_Vireo/White_Eyed_Vireo_0051_159033.jpg,156,0
9151,156.White_eyed_Vireo/White_Eyed_Vireo_0022_159037.jpg,156,0
9152,156.White_eyed_Vireo/White_Eyed_Vireo_0061_159042.jpg,156,0
9153,156.White_eyed_Vireo/White_Eyed_Vireo_0091_159045.jpg,156,0
9155,156.White_eyed_Vireo/White_Eyed_Vireo_0130_159075.jpg,156,0
9165,156.White_eyed_Vireo/White_Eyed_Vireo_0112_159147.jpg,156,0
9168,156.White_eyed_Vireo/White_Eyed_Vireo_0024_159193.jpg,156,0
9169,156.White_eyed_Vireo/White_Eyed_Vireo_0086_159202.jpg,156,0
9170,156.White_eyed_Vireo/White_Eyed_Vireo_0083_159203.jpg,156,0
9171,156.White_eyed_Vireo/White_Eyed_Vireo_0114_159206.jpg,156,0
9172,156.White_eyed_Vireo/White_Eyed_Vireo_0059_159225.jpg,156,0
9173,157.Yellow_throated_Vireo/Yellow_Throated_Vireo_0072_794969.jpg,157,0
9174,157.Yellow_throated_Vireo/Yellow_Throated_Vireo_0022_795012.jpg,157,0
9175,157.Yellow_throated_Vireo/Yellow_Throated_Vireo_0085_159580.jpg,157,0
9176,157.Yellow_throated_Vireo/Yellow_Throated_Vireo_0013_159531.jpg,157,0
9177,157.Yellow_throated_Vireo/Yellow_Throated_Vireo_0055_159532.jpg,157,0
9179,157.Yellow_throated_Vireo/Yellow_Throated_Vireo_0005_159588.jpg,157,0
9180,157.Yellow_throated_Vireo/Yellow_Throated_Vireo_0023_159584.jpg,157,0
9181,157.Yellow_throated_Vireo/Yellow_Throated_Vireo_0076_794984.jpg,157,0
9182,157.Yellow_throated_Vireo/Yellow_Throated_Vireo_0057_159570.jpg,157,0
9183,157.Yellow_throated_Vireo/Yellow_Throated_Vireo_0074_159571.jpg,157,0
9186,157.Yellow_throated_Vireo/Yellow_Throated_Vireo_0059_794970.jpg,157,0
9187,157.Yellow_throated_Vireo/Yellow_Throated_Vireo_0021_794971.jpg,157,0
9188,157.Yellow_throated_Vireo/Yellow_Throated_Vireo_0007_794972.jpg,157,0
9194,157.Yellow_throated_Vireo/Yellow_Throated_Vireo_0050_794979.jpg,157,0
9195,157.Yellow_throated_Vireo/Yellow_Throated_Vireo_0016_794981.jpg,157,0
9196,157.Yellow_throated_Vireo/Yellow_Throated_Vireo_0048_794982.jpg,157,0
9198,157.Yellow_throated_Vireo/Yellow_Throated_Vireo_0011_794986.jpg,157,0
9201,157.Yellow_throated_Vireo/Yellow_Throated_Vireo_0027_794989.jpg,157,0
9205,157.Yellow_throated_Vireo/Yellow_Throated_Vireo_0034_794993.jpg,157,0
9208,157.Yellow_throated_Vireo/Yellow_Throated_Vireo_0010_795000.jpg,157,0
9213,157.Yellow_throated_Vireo/Yellow_Throated_Vireo_0068_159620.jpg,157,0
9215,157.Yellow_throated_Vireo/Yellow_Throated_Vireo_0002_159625.jpg,157,0
9216,157.Yellow_throated_Vireo/Yellow_Throated_Vireo_0043_159628.jpg,157,0
9219,157.Yellow_throated_Vireo/Yellow_Throated_Vireo_0020_159634.jpg,157,0
9222,157.Yellow_throated_Vireo/Yellow_Throated_Vireo_0042_159655.jpg,157,0
9230,157.Yellow_throated_Vireo/Yellow_Throated_Vireo_0014_159709.jpg,157,0
9231,157.Yellow_throated_Vireo/Yellow_Throated_Vireo_0031_159712.jpg,157,0
9233,158.Bay_breasted_Warbler/Bay_Breasted_Warbler_0080_159749.jpg,158,0
9238,158.Bay_breasted_Warbler/Bay_Breasted_Warbler_0013_159787.jpg,158,0
9240,158.Bay_breasted_Warbler/Bay_Breasted_Warbler_0057_159818.jpg,158,0
9243,158.Bay_breasted_Warbler/Bay_Breasted_Warbler_0034_159861.jpg,158,0
9245,158.Bay_breasted_Warbler/Bay_Breasted_Warbler_0065_159722.jpg,158,0
9246,158.Bay_breasted_Warbler/Bay_Breasted_Warbler_0019_159871.jpg,158,0
9248,158.Bay_breasted_Warbler/Bay_Breasted_Warbler_0102_159887.jpg,158,0
9249,158.Bay_breasted_Warbler/Bay_Breasted_Warbler_0067_159895.jpg,158,0
9252,158.Bay_breasted_Warbler/Bay_Breasted_Warbler_0085_797107.jpg,158,0
9254,158.Bay_breasted_Warbler/Bay_Breasted_Warbler_0064_797109.jpg,158,0
9257,158.Bay_breasted_Warbler/Bay_Breasted_Warbler_0008_797115.jpg,158,0
9258,158.Bay_breasted_Warbler/Bay_Breasted_Warbler_0007_797118.jpg,158,0
9259,158.Bay_breasted_Warbler/Bay_Breasted_Warbler_0028_797119.jpg,158,0
9260,158.Bay_breasted_Warbler/Bay_Breasted_Warbler_0082_797121.jpg,158,0
9262,158.Bay_breasted_Warbler/Bay_Breasted_Warbler_0054_797124.jpg,158,0
9264,158.Bay_breasted_Warbler/Bay_Breasted_Warbler_0090_797128.jpg,158,0
9266,158.Bay_breasted_Warbler/Bay_Breasted_Warbler_0051_797132.jpg,158,0
9267,158.Bay_breasted_Warbler/Bay_Breasted_Warbler_0068_797133.jpg,158,0
9268,158.Bay_breasted_Warbler/Bay_Breasted_Warbler_0016_797134.jpg,158,0
9270,158.Bay_breasted_Warbler/Bay_Breasted_Warbler_0031_797137.jpg,158,0
9272,158.Bay_breasted_Warbler/Bay_Breasted_Warbler_0025_159957.jpg,158,0
9276,158.Bay_breasted_Warbler/Bay_Breasted_Warbler_0101_797146.jpg,158,0
9278,158.Bay_breasted_Warbler/Bay_Breasted_Warbler_0039_797152.jpg,158,0
9279,158.Bay_breasted_Warbler/Bay_Breasted_Warbler_0043_797154.jpg,158,0
9280,158.Bay_breasted_Warbler/Bay_Breasted_Warbler_0053_797157.jpg,158,0
9282,158.Bay_breasted_Warbler/Bay_Breasted_Warbler_0042_797160.jpg,158,0
9285,158.Bay_breasted_Warbler/Bay_Breasted_Warbler_0110_159735.jpg,158,0
9289,158.Bay_breasted_Warbler/Bay_Breasted_Warbler_0076_159996.jpg,158,0
9294,159.Black_and_white_Warbler/Black_And_White_Warbler_0128_160803.jpg,159,0
9296,159.Black_and_white_Warbler/Black_And_White_Warbler_0071_160308.jpg,159,0
9297,159.Black_and_white_Warbler/Black_And_White_Warbler_0135_160334.jpg,159,0
9298,159.Black_and_white_Warbler/Black_And_White_Warbler_0111_160342.jpg,159,0
9301,159.Black_and_white_Warbler/Black_And_White_Warbler_0070_160354.jpg,159,0
9303,159.Black_and_white_Warbler/Black_And_White_Warbler_0118_160363.jpg,159,0
9306,159.Black_and_white_Warbler/Black_And_White_Warbler_0089_160370.jpg,159,0
9309,159.Black_and_white_Warbler/Black_And_White_Warbler_0002_160376.jpg,159,0
9310,159.Black_and_white_Warbler/Black_And_White_Warbler_0091_160896.jpg,159,0
9312,159.Black_and_white_Warbler/Black_And_White_Warbler_0061_160404.jpg,159,0
9316,159.Black_and_white_Warbler/Black_And_White_Warbler_0125_160482.jpg,159,0
9319,159.Black_and_white_Warbler/Black_And_White_Warbler_0106_160014.jpg,159,0
9320,159.Black_and_white_Warbler/Black_And_White_Warbler_0114_160537.jpg,159,0
9321,159.Black_and_white_Warbler/Black_And_White_Warbler_0073_160539.jpg,159,0
9323,159.Black_and_white_Warbler/Black_And_White_Warbler_0047_160547.jpg,159,0
9325,159.Black_and_white_Warbler/Black_And_White_Warbler_0024_160057.jpg,159,0
9327,159.Black_and_white_Warbler/Black_And_White_Warbler_0025_160584.jpg,159,0
9329,159.Black_and_white_Warbler/Black_And_White_Warbler_0030_160592.jpg,159,0
9330,159.Black_and_white_Warbler/Black_And_White_Warbler_0032_160569.jpg,159,0
9333,159.Black_and_white_Warbler/Black_And_White_Warbler_0122_160106.jpg,159,0
9338,159.Black_and_white_Warbler/Black_And_White_Warbler_0083_160237.jpg,159,0
9339,159.Black_and_white_Warbler/Black_And_White_Warbler_0088_160668.jpg,159,0
9341,159.Black_and_white_Warbler/Black_And_White_Warbler_0076_160173.jpg,159,0
9344,159.Black_and_white_Warbler/Black_And_White_Warbler_0010_160200.jpg,159,0
9346,159.Black_and_white_Warbler/Black_And_White_Warbler_0090_160247.jpg,159,0
9347,159.Black_and_white_Warbler/Black_And_White_Warbler_0003_160228.jpg,159,0
9348,159.Black_and_white_Warbler/Black_And_White_Warbler_0049_160749.jpg,159,0
9349,159.Black_and_white_Warbler/Black_And_White_Warbler_0109_160245.jpg,159,0
9352,160.Black_throated_Blue_Warbler/Black_Throated_Blue_Warbler_0129_161399.jpg,160,0
9353,160.Black_throated_Blue_Warbler/Black_Throated_Blue_Warbler_0136_161400.jpg,160,0
9355,160.Black_throated_Blue_Warbler/Black_Throated_Blue_Warbler_0113_161407.jpg,160,0
9356,160.Black_throated_Blue_Warbler/Black_Throated_Blue_Warbler_0119_161416.jpg,160,0
9362,160.Black_throated_Blue_Warbler/Black_Throated_Blue_Warbler_0101_161510.jpg,160,0
9363,160.Black_throated_Blue_Warbler/Black_Throated_Blue_Warbler_0047_161511.jpg,160,0
9366,160.Black_throated_Blue_Warbler/Black_Throated_Blue_Warbler_0022_161520.jpg,160,0
9368,160.Black_throated_Blue_Warbler/Black_Throated_Blue_Warbler_0099_161524.jpg,160,0
9370,160.Black_throated_Blue_Warbler/Black_Throated_Blue_Warbler_0009_161534.jpg,160,0
9375,160.Black_throated_Blue_Warbler/Black_Throated_Blue_Warbler_0111_161615.jpg,160,0
9378,160.Black_throated_Blue_Warbler/Black_Throated_Blue_Warbler_0100_161622.jpg,160,0
9379,160.Black_throated_Blue_Warbler/Black_Throated_Blue_Warbler_0109_161635.jpg,160,0
9380,160.Black_throated_Blue_Warbler/Black_Throated_Blue_Warbler_0072_161636.jpg,160,0
9383,160.Black_throated_Blue_Warbler/Black_Throated_Blue_Warbler_0096_161654.jpg,160,0
9384,160.Black_throated_Blue_Warbler/Black_Throated_Blue_Warbler_0064_161656.jpg,160,0
9385,160.Black_throated_Blue_Warbler/Black_Throated_Blue_Warbler_0048_161665.jpg,160,0
9389,160.Black_throated_Blue_Warbler/Black_Throated_Blue_Warbler_0102_161161.jpg,160,0
9390,160.Black_throated_Blue_Warbler/Black_Throated_Blue_Warbler_0076_161162.jpg,160,0
9392,160.Black_throated_Blue_Warbler/Black_Throated_Blue_Warbler_0080_161681.jpg,160,0
9395,160.Black_throated_Blue_Warbler/Black_Throated_Blue_Warbler_0104_161686.jpg,160,0
9396,160.Black_throated_Blue_Warbler/Black_Throated_Blue_Warbler_0127_161176.jpg,160,0
9397,160.Black_throated_Blue_Warbler/Black_Throated_Blue_Warbler_0027_104004.jpg,160,0
9398,160.Black_throated_Blue_Warbler/Black_Throated_Blue_Warbler_0001_161189.jpg,160,0
9399,160.Black_throated_Blue_Warbler/Black_Throated_Blue_Warbler_0079_161194.jpg,160,0
9401,160.Black_throated_Blue_Warbler/Black_Throated_Blue_Warbler_0128_161708.jpg,160,0
9403,160.Black_throated_Blue_Warbler/Black_Throated_Blue_Warbler_0086_161716.jpg,160,0
9410,160.Black_throated_Blue_Warbler/Black_Throated_Blue_Warbler_0107_161214.jpg,160,0
9412,161.Blue_winged_Warbler/Blue_Winged_Warbler_0050_162057.jpg,161,0
9413,161.Blue_winged_Warbler/Blue_Winged_Warbler_0041_161802.jpg,161,0
9416,161.Blue_winged_Warbler/Blue_Winged_Warbler_0063_161810.jpg,161,0
9418,161.Blue_winged_Warbler/Blue_Winged_Warbler_0026_161813.jpg,161,0
9419,161.Blue_winged_Warbler/Blue_Winged_Warbler_0013_161816.jpg,161,0
9420,161.Blue_winged_Warbler/Blue_Winged_Warbler_0057_162085.jpg,161,0
9422,161.Blue_winged_Warbler/Blue_Winged_Warbler_0030_162088.jpg,161,0
9426,161.Blue_winged_Warbler/Blue_Winged_Warbler_0049_161856.jpg,161,0
9428,161.Blue_winged_Warbler/Blue_Winged_Warbler_0067_161860.jpg,161,0
9431,161.Blue_winged_Warbler/Blue_Winged_Warbler_0042_161869.jpg,161,0
9433,161.Blue_winged_Warbler/Blue_Winged_Warbler_0025_161873.jpg,161,0
9435,161.Blue_winged_Warbler/Blue_Winged_Warbler_0066_162062.jpg,161,0
9436,161.Blue_winged_Warbler/Blue_Winged_Warbler_0017_161878.jpg,161,0
9439,161.Blue_winged_Warbler/Blue_Winged_Warbler_0060_161888.jpg,161,0
9440,161.Blue_winged_Warbler/Blue_Winged_Warbler_0078_161889.jpg,161,0
9443,161.Blue_winged_Warbler/Blue_Winged_Warbler_0053_161896.jpg,161,0
9448,161.Blue_winged_Warbler/Blue_Winged_Warbler_0061_161984.jpg,161,0
9449,161.Blue_winged_Warbler/Blue_Winged_Warbler_0072_161991.jpg,161,0
9451,161.Blue_winged_Warbler/Blue_Winged_Warbler_0052_161739.jpg,161,0
9452,161.Blue_winged_Warbler/Blue_Winged_Warbler_0055_161996.jpg,161,0
9453,161.Blue_winged_Warbler/Blue_Winged_Warbler_0045_161997.jpg,161,0
9455,161.Blue_winged_Warbler/Blue_Winged_Warbler_0004_162005.jpg,161,0
9456,161.Blue_winged_Warbler/Blue_Winged_Warbler_0056_162013.jpg,161,0
9457,161.Blue_winged_Warbler/Blue_Winged_Warbler_0093_162014.jpg,161,0
9459,161.Blue_winged_Warbler/Blue_Winged_Warbler_0088_162018.jpg,161,0
9462,161.Blue_winged_Warbler/Blue_Winged_Warbler_0089_162026.jpg,161,0
9463,161.Blue_winged_Warbler/Blue_Winged_Warbler_0086_162027.jpg,161,0
9470,161.Blue_winged_Warbler/Blue_Winged_Warbler_0094_161790.jpg,161,0
9471,162.Canada_Warbler/Canada_Warbler_0094_26880.jpg,162,0
9473,162.Canada_Warbler/Canada_Warbler_0115_162309.jpg,162,0
9475,162.Canada_Warbler/Canada_Warbler_0067_162314.jpg,162,0
9476,162.Canada_Warbler/Canada_Warbler_0063_162324.jpg,162,0
9479,162.Canada_Warbler/Canada_Warbler_0006_103959.jpg,162,0
9482,162.Canada_Warbler/Canada_Warbler_0103_162339.jpg,162,0
9487,162.Canada_Warbler/Canada_Warbler_0022_157106.jpg,162,0
9489,162.Canada_Warbler/Canada_Warbler_0020_162354.jpg,162,0
9490,162.Canada_Warbler/Canada_Warbler_0093_162356.jpg,162,0
9492,162.Canada_Warbler/Canada_Warbler_0074_162366.jpg,162,0
9493,162.Canada_Warbler/Canada_Warbler_0105_162372.jpg,162,0
9494,162.Canada_Warbler/Canada_Warbler_0013_162375.jpg,162,0
9495,162.Canada_Warbler/Canada_Warbler_0035_162377.jpg,162,0
9498,162.Canada_Warbler/Canada_Warbler_0023_162383.jpg,162,0
9500,162.Canada_Warbler/Canada_Warbler_0015_162388.jpg,162,0
9504,162.Canada_Warbler/Canada_Warbler_0117_162394.jpg,162,0
9505,162.Canada_Warbler/Canada_Warbler_0114_162396.jpg,162,0
9507,162.Canada_Warbler/Canada_Warbler_0095_162401.jpg,162,0
9509,162.Canada_Warbler/Canada_Warbler_0037_162405.jpg,162,0
9510,162.Canada_Warbler/Canada_Warbler_0056_162407.jpg,162,0
9514,162.Canada_Warbler/Canada_Warbler_0008_162416.jpg,162,0
9518,162.Canada_Warbler/Canada_Warbler_0002_162426.jpg,162,0
9520,162.Canada_Warbler/Canada_Warbler_0090_162432.jpg,162,0
9523,162.Canada_Warbler/Canada_Warbler_0107_162440.jpg,162,0
9524,162.Canada_Warbler/Canada_Warbler_0051_162447.jpg,162,0
9527,162.Canada_Warbler/Canada_Warbler_0122_162219.jpg,162,0
9528,162.Canada_Warbler/Canada_Warbler_0027_162223.jpg,162,0
9529,162.Canada_Warbler/Canada_Warbler_0109_93363.jpg,162,0
9533,163.Cape_May_Warbler/Cape_May_Warbler_0117_163079.jpg,163,0
9534,163.Cape_May_Warbler/Cape_May_Warbler_0093_163089.jpg,163,0
9535,163.Cape_May_Warbler/Cape_May_Warbler_0096_163093.jpg,163,0
9537,163.Cape_May_Warbler/Cape_May_Warbler_0115_163121.jpg,163,0
9539,163.Cape_May_Warbler/Cape_May_Warbler_0122_163131.jpg,163,0
9542,163.Cape_May_Warbler/Cape_May_Warbler_0085_162628.jpg,163,0
9547,163.Cape_May_Warbler/Cape_May_Warbler_0048_162915.jpg,163,0
9548,163.Cape_May_Warbler/Cape_May_Warbler_0129_163157.jpg,163,0
9549,163.Cape_May_Warbler/Cape_May_Warbler_0015_163159.jpg,163,0
9550,163.Cape_May_Warbler/Cape_May_Warbler_0007_163087.jpg,163,0
9552,163.Cape_May_Warbler/Cape_May_Warbler_0046_163167.jpg,163,0
9554,163.Cape_May_Warbler/Cape_May_Warbler_0026_162913.jpg,163,0
9555,163.Cape_May_Warbler/Cape_May_Warbler_0035_162658.jpg,163,0
9556,163.Cape_May_Warbler/Cape_May_Warbler_0055_163171.jpg,163,0
9558,163.Cape_May_Warbler/Cape_May_Warbler_0003_162920.jpg,163,0
9560,163.Cape_May_Warbler/Cape_May_Warbler_0100_162923.jpg,163,0
9561,163.Cape_May_Warbler/Cape_May_Warbler_0004_162928.jpg,163,0
9564,163.Cape_May_Warbler/Cape_May_Warbler_0107_162941.jpg,163,0
9566,163.Cape_May_Warbler/Cape_May_Warbler_0060_162949.jpg,163,0
9567,163.Cape_May_Warbler/Cape_May_Warbler_0053_162950.jpg,163,0
9569,163.Cape_May_Warbler/Cape_May_Warbler_0062_162955.jpg,163,0
9571,163.Cape_May_Warbler/Cape_May_Warbler_0104_162958.jpg,163,0
9573,163.Cape_May_Warbler/Cape_May_Warbler_0095_162965.jpg,163,0
9577,163.Cape_May_Warbler/Cape_May_Warbler_0119_162976.jpg,163,0
9580,163.Cape_May_Warbler/Cape_May_Warbler_0092_163057.jpg,163,0
9584,163.Cape_May_Warbler/Cape_May_Warbler_0008_163062.jpg,163,0
9587,163.Cape_May_Warbler/Cape_May_Warbler_0067_162539.jpg,163,0
9588,163.Cape_May_Warbler/Cape_May_Warbler_0044_163055.jpg,163,0
9591,164.Cerulean_Warbler/Cerulean_Warbler_0019_797186.jpg,164,0
9593,164.Cerulean_Warbler/Cerulean_Warbler_0022_797189.jpg,164,0
9595,164.Cerulean_Warbler/Cerulean_Warbler_0088_797194.jpg,164,0
9597,164.Cerulean_Warbler/Cerulean_Warbler_0093_797196.jpg,164,0
9598,164.Cerulean_Warbler/Cerulean_Warbler_0053_797197.jpg,164,0
9600,164.Cerulean_Warbler/Cerulean_Warbler_0004_797199.jpg,164,0
9604,164.Cerulean_Warbler/Cerulean_Warbler_0043_797203.jpg,164,0
9606,164.Cerulean_Warbler/Cerulean_Warbler_0005_797206.jpg,164,0
9610,164.Cerulean_Warbler/Cerulean_Warbler_0037_797212.jpg,164,0
9611,164.Cerulean_Warbler/Cerulean_Warbler_0007_797215.jpg,164,0
9613,164.Cerulean_Warbler/Cerulean_Warbler_0067_797220.jpg,164,0
9614,164.Cerulean_Warbler/Cerulean_Warbler_0046_797222.jpg,164,0
9615,164.Cerulean_Warbler/Cerulean_Warbler_0042_797223.jpg,164,0
9618,164.Cerulean_Warbler/Cerulean_Warbler_0075_797233.jpg,164,0
9619,164.Cerulean_Warbler/Cerulean_Warbler_0054_797235.jpg,164,0
9623,164.Cerulean_Warbler/Cerulean_Warbler_0024_163406.jpg,164,0
9628,164.Cerulean_Warbler/Cerulean_Warbler_0092_163455.jpg,164,0
9631,164.Cerulean_Warbler/Cerulean_Warbler_0040_163219.jpg,164,0
9633,164.Cerulean_Warbler/Cerulean_Warbler_0057_163227.jpg,164,0
9634,164.Cerulean_Warbler/Cerulean_Warbler_0051_163244.jpg,164,0
9636,164.Cerulean_Warbler/Cerulean_Warbler_0016_163265.jpg,164,0
9637,164.Cerulean_Warbler/Cerulean_Warbler_0055_163524.jpg,164,0
9640,164.Cerulean_Warbler/Cerulean_Warbler_0041_163535.jpg,164,0
9641,164.Cerulean_Warbler/Cerulean_Warbler_0002_797219.jpg,164,0
9643,164.Cerulean_Warbler/Cerulean_Warbler_0028_163302.jpg,164,0
9645,164.Cerulean_Warbler/Cerulean_Warbler_0025_797232.jpg,164,0
9648,164.Cerulean_Warbler/Cerulean_Warbler_0081_797179.jpg,164,0
9649,164.Cerulean_Warbler/Cerulean_Warbler_0082_797180.jpg,164,0
9652,165.Chestnut_sided_Warbler/Chestnut_Sided_Warbler_0038_164354.jpg,165,0
9654,165.Chestnut_sided_Warbler/Chestnut_Sided_Warbler_0108_164356.jpg,165,0
9655,165.Chestnut_sided_Warbler/Chestnut_Sided_Warbler_0030_163847.jpg,165,0
9658,165.Chestnut_sided_Warbler/Chestnut_Sided_Warbler_0046_163856.jpg,165,0
9659,165.Chestnut_sided_Warbler/Chestnut_Sided_Warbler_0096_163672.jpg,165,0
9661,165.Chestnut_sided_Warbler/Chestnut_Sided_Warbler_0062_163859.jpg,165,0
9662,165.Chestnut_sided_Warbler/Chestnut_Sided_Warbler_0127_163860.jpg,165,0
9663,165.Chestnut_sided_Warbler/Chestnut_Sided_Warbler_0033_163607.jpg,165,0
9667,165.Chestnut_sided_Warbler/Chestnut_Sided_Warbler_0084_163872.jpg,165,0
9668,165.Chestnut_sided_Warbler/Chestnut_Sided_Warbler_0036_163622.jpg,165,0
9669,165.Chestnut_sided_Warbler/Chestnut_Sided_Warbler_0090_163629.jpg,165,0
9673,165.Chestnut_sided_Warbler/Chestnut_Sided_Warbler_0034_163911.jpg,165,0
9676,165.Chestnut_sided_Warbler/Chestnut_Sided_Warbler_0103_163669.jpg,165,0
9678,165.Chestnut_sided_Warbler/Chestnut_Sided_Warbler_0068_164184.jpg,165,0
9683,165.Chestnut_sided_Warbler/Chestnut_Sided_Warbler_0057_163957.jpg,165,0
9684,165.Chestnut_sided_Warbler/Chestnut_Sided_Warbler_0087_164221.jpg,165,0
9686,165.Chestnut_sided_Warbler/Chestnut_Sided_Warbler_0037_164233.jpg,165,0
9687,165.Chestnut_sided_Warbler/Chestnut_Sided_Warbler_0061_163978.jpg,165,0
9688,165.Chestnut_sided_Warbler/Chestnut_Sided_Warbler_0052_163728.jpg,165,0
9689,165.Chestnut_sided_Warbler/Chestnut_Sided_Warbler_0058_163990.jpg,165,0
9690,165.Chestnut_sided_Warbler/Chestnut_Sided_Warbler_0049_163735.jpg,165,0
9697,165.Chestnut_sided_Warbler/Chestnut_Sided_Warbler_0086_164024.jpg,165,0
9698,165.Chestnut_sided_Warbler/Chestnut_Sided_Warbler_0089_163776.jpg,165,0
9699,165.Chestnut_sided_Warbler/Chestnut_Sided_Warbler_0125_164247.jpg,165,0
9702,165.Chestnut_sided_Warbler/Chestnut_Sided_Warbler_0083_164056.jpg,165,0
9705,165.Chestnut_sided_Warbler/Chestnut_Sided_Warbler_0005_164061.jpg,165,0
9706,165.Chestnut_sided_Warbler/Chestnut_Sided_Warbler_0117_164066.jpg,165,0
9708,165.Chestnut_sided_Warbler/Chestnut_Sided_Warbler_0001_163813.jpg,165,0
9711,166.Golden_winged_Warbler/Golden_Winged_Warbler_0035_164362.jpg,166,0
9714,166.Golden_winged_Warbler/Golden_Winged_Warbler_0041_164379.jpg,166,0
9716,166.Golden_winged_Warbler/Golden_Winged_Warbler_0075_794848.jpg,166,0
9717,166.Golden_winged_Warbler/Golden_Winged_Warbler_0077_164432.jpg,166,0
9718,166.Golden_winged_Warbler/Golden_Winged_Warbler_0042_164437.jpg,166,0
9720,166.Golden_winged_Warbler/Golden_Winged_Warbler_0070_164460.jpg,166,0
9722,166.Golden_winged_Warbler/Golden_Winged_Warbler_0084_164541.jpg,166,0
9727,166.Golden_winged_Warbler/Golden_Winged_Warbler_0043_164476.jpg,166,0
9728,166.Golden_winged_Warbler/Golden_Winged_Warbler_0081_164487.jpg,166,0
9730,166.Golden_winged_Warbler/Golden_Winged_Warbler_0049_164509.jpg,166,0
9732,166.Golden_winged_Warbler/Golden_Winged_Warbler_0034_794800.jpg,166,0
9733,166.Golden_winged_Warbler/Golden_Winged_Warbler_0052_164529.jpg,166,0
9737,166.Golden_winged_Warbler/Golden_Winged_Warbler_0091_794808.jpg,166,0
9738,166.Golden_winged_Warbler/Golden_Winged_Warbler_0095_794809.jpg,166,0
9739,166.Golden_winged_Warbler/Golden_Winged_Warbler_0087_794810.jpg,166,0
9742,166.Golden_winged_Warbler/Golden_Winged_Warbler_0082_164544.jpg,166,0
9743,166.Golden_winged_Warbler/Golden_Winged_Warbler_0036_794817.jpg,166,0
9752,166.Golden_winged_Warbler/Golden_Winged_Warbler_0022_794833.jpg,166,0
9754,166.Golden_winged_Warbler/Golden_Winged_Warbler_0090_794830.jpg,166,0
9755,166.Golden_winged_Warbler/Golden_Winged_Warbler_0037_794839.jpg,166,0
9756,166.Golden_winged_Warbler/Golden_Winged_Warbler_0031_794840.jpg,166,0
9758,166.Golden_winged_Warbler/Golden_Winged_Warbler_0065_794842.jpg,166,0
9759,166.Golden_winged_Warbler/Golden_Winged_Warbler_0086_794844.jpg,166,0
9763,166.Golden_winged_Warbler/Golden_Winged_Warbler_0032_794849.jpg,166,0
9766,166.Golden_winged_Warbler/Golden_Winged_Warbler_0050_164589.jpg,166,0
9767,166.Golden_winged_Warbler/Golden_Winged_Warbler_0076_164591.jpg,166,0
9768,166.Golden_winged_Warbler/Golden_Winged_Warbler_0040_164605.jpg,166,0
9771,167.Hooded_Warbler/Hooded_Warbler_0106_164869.jpg,167,0
9772,167.Hooded_Warbler/Hooded_Warbler_0068_164872.jpg,167,0
9773,167.Hooded_Warbler/Hooded_Warbler_0028_164883.jpg,167,0
9775,167.Hooded_Warbler/Hooded_Warbler_0051_164892.jpg,167,0
9776,167.Hooded_Warbler/Hooded_Warbler_0042_164895.jpg,167,0
9777,167.Hooded_Warbler/Hooded_Warbler_0030_164897.jpg,167,0
9778,167.Hooded_Warbler/Hooded_Warbler_0017_164911.jpg,167,0
9782,167.Hooded_Warbler/Hooded_Warbler_0125_164925.jpg,167,0
9785,167.Hooded_Warbler/Hooded_Warbler_0128_164620.jpg,167,0
9787,167.Hooded_Warbler/Hooded_Warbler_0072_22097.jpg,167,0
9789,167.Hooded_Warbler/Hooded_Warbler_0118_164991.jpg,167,0
9790,167.Hooded_Warbler/Hooded_Warbler_0133_165016.jpg,167,0
9791,167.Hooded_Warbler/Hooded_Warbler_0035_165040.jpg,167,0
9795,167.Hooded_Warbler/Hooded_Warbler_0105_165095.jpg,167,0
9796,167.Hooded_Warbler/Hooded_Warbler_0117_165106.jpg,167,0
9798,167.Hooded_Warbler/Hooded_Warbler_0048_164622.jpg,167,0
9802,167.Hooded_Warbler/Hooded_Warbler_0007_164633.jpg,167,0
9803,167.Hooded_Warbler/Hooded_Warbler_0122_164635.jpg,167,0
9805,167.Hooded_Warbler/Hooded_Warbler_0089_164640.jpg,167,0
9809,167.Hooded_Warbler/Hooded_Warbler_0050_164662.jpg,167,0
9813,167.Hooded_Warbler/Hooded_Warbler_0033_165213.jpg,167,0
9816,167.Hooded_Warbler/Hooded_Warbler_0095_164709.jpg,167,0
9817,167.Hooded_Warbler/Hooded_Warbler_0019_164710.jpg,167,0
9818,167.Hooded_Warbler/Hooded_Warbler_0096_164739.jpg,167,0
9819,167.Hooded_Warbler/Hooded_Warbler_0067_164743.jpg,167,0
9820,167.Hooded_Warbler/Hooded_Warbler_0036_164779.jpg,167,0
9821,167.Hooded_Warbler/Hooded_Warbler_0090_164794.jpg,167,0
9823,167.Hooded_Warbler/Hooded_Warbler_0101_164806.jpg,167,0
9830,168.Kentucky_Warbler/Kentucky_Warbler_0063_795904.jpg,168,0
9835,168.Kentucky_Warbler/Kentucky_Warbler_0019_165389.jpg,168,0
9836,168.Kentucky_Warbler/Kentucky_Warbler_0005_795919.jpg,168,0
9837,168.Kentucky_Warbler/Kentucky_Warbler_0014_165336.jpg,168,0
9838,168.Kentucky_Warbler/Kentucky_Warbler_0067_165404.jpg,168,0
9842,168.Kentucky_Warbler/Kentucky_Warbler_0044_165436.jpg,168,0
9843,168.Kentucky_Warbler/Kentucky_Warbler_0058_165441.jpg,168,0
9845,168.Kentucky_Warbler/Kentucky_Warbler_0002_795886.jpg,168,0
9847,168.Kentucky_Warbler/Kentucky_Warbler_0021_165230.jpg,168,0
9848,168.Kentucky_Warbler/Kentucky_Warbler_0043_165240.jpg,168,0
9849,168.Kentucky_Warbler/Kentucky_Warbler_0023_165247.jpg,168,0
9851,168.Kentucky_Warbler/Kentucky_Warbler_0074_165269.jpg,168,0
9854,168.Kentucky_Warbler/Kentucky_Warbler_0048_165360.jpg,168,0
9856,168.Kentucky_Warbler/Kentucky_Warbler_0047_165298.jpg,168,0
9860,168.Kentucky_Warbler/Kentucky_Warbler_0049_165313.jpg,168,0
9863,168.Kentucky_Warbler/Kentucky_Warbler_0053_165332.jpg,168,0
9865,168.Kentucky_Warbler/Kentucky_Warbler_0009_795865.jpg,168,0
9866,168.Kentucky_Warbler/Kentucky_Warbler_0015_795867.jpg,168,0
9868,168.Kentucky_Warbler/Kentucky_Warbler_0082_795869.jpg,168,0
9870,168.Kentucky_Warbler/Kentucky_Warbler_0036_795872.jpg,168,0
9873,168.Kentucky_Warbler/Kentucky_Warbler_0057_165349.jpg,168,0
9876,168.Kentucky_Warbler/Kentucky_Warbler_0022_795882.jpg,168,0
9877,168.Kentucky_Warbler/Kentucky_Warbler_0083_795883.jpg,168,0
9879,168.Kentucky_Warbler/Kentucky_Warbler_0030_795885.jpg,168,0
9883,168.Kentucky_Warbler/Kentucky_Warbler_0003_795892.jpg,168,0
9885,168.Kentucky_Warbler/Kentucky_Warbler_0073_795895.jpg,168,0
9887,168.Kentucky_Warbler/Kentucky_Warbler_0065_795899.jpg,168,0
9889,169.Magnolia_Warbler/Magnolia_Warbler_0113_166401.jpg,169,0
9892,169.Magnolia_Warbler/Magnolia_Warbler_0021_165919.jpg,169,0
9894,169.Magnolia_Warbler/Magnolia_Warbler_0122_165940.jpg,169,0
9897,169.Magnolia_Warbler/Magnolia_Warbler_0045_165448.jpg,169,0
9900,169.Magnolia_Warbler/Magnolia_Warbler_0120_165462.jpg,169,0
9903,169.Magnolia_Warbler/Magnolia_Warbler_0111_165478.jpg,169,0
9904,169.Magnolia_Warbler/Magnolia_Warbler_0067_165484.jpg,169,0
9905,169.Magnolia_Warbler/Magnolia_Warbler_0026_165498.jpg,169,0
9907,169.Magnolia_Warbler/Magnolia_Warbler_0039_165532.jpg,169,0
9908,169.Magnolia_Warbler/Magnolia_Warbler_0072_165534.jpg,169,0
9911,169.Magnolia_Warbler/Magnolia_Warbler_0139_166081.jpg,169,0
9913,169.Magnolia_Warbler/Magnolia_Warbler_0034_166097.jpg,169,0
9914,169.Magnolia_Warbler/Magnolia_Warbler_0095_166098.jpg,169,0
9915,169.Magnolia_Warbler/Magnolia_Warbler_0044_165599.jpg,169,0
9918,169.Magnolia_Warbler/Magnolia_Warbler_0051_165646.jpg,169,0
9919,169.Magnolia_Warbler/Magnolia_Warbler_0103_165647.jpg,169,0
9920,169.Magnolia_Warbler/Magnolia_Warbler_0105_165661.jpg,169,0
9921,169.Magnolia_Warbler/Magnolia_Warbler_0066_166184.jpg,169,0
9922,169.Magnolia_Warbler/Magnolia_Warbler_0057_165673.jpg,169,0
9925,169.Magnolia_Warbler/Magnolia_Warbler_0131_166197.jpg,169,0
9927,169.Magnolia_Warbler/Magnolia_Warbler_0022_165693.jpg,169,0
9931,169.Magnolia_Warbler/Magnolia_Warbler_0043_165774.jpg,169,0
9932,169.Magnolia_Warbler/Magnolia_Warbler_0020_166211.jpg,169,0
9934,169.Magnolia_Warbler/Magnolia_Warbler_0079_165783.jpg,169,0
9942,169.Magnolia_Warbler/Magnolia_Warbler_0048_165862.jpg,169,0
9943,169.Magnolia_Warbler/Magnolia_Warbler_0140_165543.jpg,169,0
9945,169.Magnolia_Warbler/Magnolia_Warbler_0136_166388.jpg,169,0
9949,170.Mourning_Warbler/Mourning_Warbler_0009_166429.jpg,170,0
9952,170.Mourning_Warbler/Mourning_Warbler_0055_166436.jpg,170,0
9957,170.Mourning_Warbler/Mourning_Warbler_0056_166476.jpg,170,0
9958,170.Mourning_Warbler/Mourning_Warbler_0033_166489.jpg,170,0
9959,170.Mourning_Warbler/Mourning_Warbler_0066_166491.jpg,170,0
9961,170.Mourning_Warbler/Mourning_Warbler_0031_166494.jpg,170,0
9971,170.Mourning_Warbler/Mourning_Warbler_0039_166546.jpg,170,0
9972,170.Mourning_Warbler/Mourning_Warbler_0038_166549.jpg,170,0
9976,170.Mourning_Warbler/Mourning_Warbler_0077_166567.jpg,170,0
9978,170.Mourning_Warbler/Mourning_Warbler_0045_166575.jpg,170,0
9980,170.Mourning_Warbler/Mourning_Warbler_0006_166595.jpg,170,0
9981,170.Mourning_Warbler/Mourning_Warbler_0048_166596.jpg,170,0
9982,170.Mourning_Warbler/Mourning_Warbler_0061_166598.jpg,170,0
9984,170.Mourning_Warbler/Mourning_Warbler_0050_795343.jpg,170,0
9985,170.Mourning_Warbler/Mourning_Warbler_0025_166608.jpg,170,0
9986,170.Mourning_Warbler/Mourning_Warbler_0053_795345.jpg,170,0
9987,170.Mourning_Warbler/Mourning_Warbler_0019_795347.jpg,170,0
9989,170.Mourning_Warbler/Mourning_Warbler_0067_795353.jpg,170,0
9990,170.Mourning_Warbler/Mourning_Warbler_0060_795355.jpg,170,0
9991,170.Mourning_Warbler/Mourning_Warbler_0041_795358.jpg,170,0
9992,170.Mourning_Warbler/Mourning_Warbler_0023_795362.jpg,170,0
9996,170.Mourning_Warbler/Mourning_Warbler_0040_795370.jpg,170,0
9997,170.Mourning_Warbler/Mourning_Warbler_0005_795372.jpg,170,0
9998,170.Mourning_Warbler/Mourning_Warbler_0047_795373.jpg,170,0
9999,170.Mourning_Warbler/Mourning_Warbler_0065_795374.jpg,170,0
10000,170.Mourning_Warbler/Mourning_Warbler_0083_795376.jpg,170,0
10006,170.Mourning_Warbler/Mourning_Warbler_0018_795386.jpg,170,0
10007,170.Mourning_Warbler/Mourning_Warbler_0054_795387.jpg,170,0
10010,171.Myrtle_Warbler/Myrtle_Warbler_0094_166922.jpg,171,0
10011,171.Myrtle_Warbler/Myrtle_Warbler_0086_166926.jpg,171,0
10017,171.Myrtle_Warbler/Myrtle_Warbler_0071_166692.jpg,171,0
10021,171.Myrtle_Warbler/Myrtle_Warbler_0039_166709.jpg,171,0
10022,171.Myrtle_Warbler/Myrtle_Warbler_0045_166710.jpg,171,0
10024,171.Myrtle_Warbler/Myrtle_Warbler_0034_166720.jpg,171,0
10028,171.Myrtle_Warbler/Myrtle_Warbler_0054_166985.jpg,171,0
10029,171.Myrtle_Warbler/Myrtle_Warbler_0093_166986.jpg,171,0
10030,171.Myrtle_Warbler/Myrtle_Warbler_0047_166987.jpg,171,0
10031,171.Myrtle_Warbler/Myrtle_Warbler_0016_166736.jpg,171,0
10033,171.Myrtle_Warbler/Myrtle_Warbler_0020_166997.jpg,171,0
10035,171.Myrtle_Warbler/Myrtle_Warbler_0097_167001.jpg,171,0
10037,171.Myrtle_Warbler/Myrtle_Warbler_0077_166749.jpg,171,0
10039,171.Myrtle_Warbler/Myrtle_Warbler_0091_166762.jpg,171,0
10041,171.Myrtle_Warbler/Myrtle_Warbler_0001_166770.jpg,171,0
10042,171.Myrtle_Warbler/Myrtle_Warbler_0087_166783.jpg,171,0
10044,171.Myrtle_Warbler/Myrtle_Warbler_0068_166892.jpg,171,0
10047,171.Myrtle_Warbler/Myrtle_Warbler_0028_166905.jpg,171,0
10052,171.Myrtle_Warbler/Myrtle_Warbler_0014_166831.jpg,171,0
10054,171.Myrtle_Warbler/Myrtle_Warbler_0113_166834.jpg,171,0
10055,171.Myrtle_Warbler/Myrtle_Warbler_0032_166847.jpg,171,0
10056,171.Myrtle_Warbler/Myrtle_Warbler_0063_93378.jpg,171,0
10057,171.Myrtle_Warbler/Myrtle_Warbler_0044_166852.jpg,171,0
10058,171.Myrtle_Warbler/Myrtle_Warbler_0005_166853.jpg,171,0
10059,171.Myrtle_Warbler/Myrtle_Warbler_0030_166732.jpg,171,0
10062,171.Myrtle_Warbler/Myrtle_Warbler_0078_166875.jpg,171,0
10064,171.Myrtle_Warbler/Myrtle_Warbler_0074_166637.jpg,171,0
10065,171.Myrtle_Warbler/Myrtle_Warbler_0088_166639.jpg,171,0
10068,172.Nashville_Warbler/Nashville_Warbler_0109_167428.jpg,172,0
10070,172.Nashville_Warbler/Nashville_Warbler_0105_167452.jpg,172,0
10077,172.Nashville_Warbler/Nashville_Warbler_0127_167494.jpg,172,0
10079,172.Nashville_Warbler/Nashville_Warbler_0057_167008.jpg,172,0
10080,172.Nashville_Warbler/Nashville_Warbler_0115_167039.jpg,172,0
10081,172.Nashville_Warbler/Nashville_Warbler_0029_167044.jpg,172,0
10082,172.Nashville_Warbler/Nashville_Warbler_0086_167045.jpg,172,0
10084,172.Nashville_Warbler/Nashville_Warbler_0041_167534.jpg,172,0
10088,172.Nashville_Warbler/Nashville_Warbler_0130_167101.jpg,172,0
10089,172.Nashville_Warbler/Nashville_Warbler_0005_167103.jpg,172,0
10090,172.Nashville_Warbler/Nashville_Warbler_0001_167117.jpg,172,0
10091,172.Nashville_Warbler/Nashville_Warbler_0056_167123.jpg,172,0
10092,172.Nashville_Warbler/Nashville_Warbler_0004_167146.jpg,172,0
10093,172.Nashville_Warbler/Nashville_Warbler_0120_167149.jpg,172,0
10094,172.Nashville_Warbler/Nashville_Warbler_0107_167186.jpg,172,0
10095,172.Nashville_Warbler/Nashville_Warbler_0014_167190.jpg,172,0
10096,172.Nashville_Warbler/Nashville_Warbler_0018_167191.jpg,172,0
10098,172.Nashville_Warbler/Nashville_Warbler_0020_167198.jpg,172,0
10100,172.Nashville_Warbler/Nashville_Warbler_0027_167224.jpg,172,0
10105,172.Nashville_Warbler/Nashville_Warbler_0054_167258.jpg,172,0
10109,172.Nashville_Warbler/Nashville_Warbler_0126_167274.jpg,172,0
10112,172.Nashville_Warbler/Nashville_Warbler_0124_167285.jpg,172,0
10115,172.Nashville_Warbler/Nashville_Warbler_0123_167324.jpg,172,0
10116,172.Nashville_Warbler/Nashville_Warbler_0013_167326.jpg,172,0
10118,172.Nashville_Warbler/Nashville_Warbler_0042_167346.jpg,172,0
10121,172.Nashville_Warbler/Nashville_Warbler_0061_167355.jpg,172,0
10122,172.Nashville_Warbler/Nashville_Warbler_0044_167357.jpg,172,0
10127,172.Nashville_Warbler/Nashville_Warbler_0075_167419.jpg,172,0
10130,173.Orange_crowned_Warbler/Orange_Crowned_Warbler_0065_167952.jpg,173,0
10131,173.Orange_crowned_Warbler/Orange_Crowned_Warbler_0064_166929.jpg,173,0
10133,173.Orange_crowned_Warbler/Orange_Crowned_Warbler_0078_167964.jpg,173,0
10135,173.Orange_crowned_Warbler/Orange_Crowned_Warbler_0037_167687.jpg,173,0
10136,173.Orange_crowned_Warbler/Orange_Crowned_Warbler_0113_167984.jpg,173,0
10137,173.Orange_crowned_Warbler/Orange_Crowned_Warbler_0117_167987.jpg,173,0
10138,173.Orange_crowned_Warbler/Orange_Crowned_Warbler_0033_167991.jpg,173,0
10139,173.Orange_crowned_Warbler/Orange_Crowned_Warbler_0006_167998.jpg,173,0
10141,173.Orange_crowned_Warbler/Orange_Crowned_Warbler_0097_168004.jpg,173,0
10142,173.Orange_crowned_Warbler/Orange_Crowned_Warbler_0090_167607.jpg,173,0
10145,173.Orange_crowned_Warbler/Orange_Crowned_Warbler_0040_168029.jpg,173,0
10147,173.Orange_crowned_Warbler/Orange_Crowned_Warbler_0088_168052.jpg,173,0
10150,173.Orange_crowned_Warbler/Orange_Crowned_Warbler_0007_167545.jpg,173,0
10151,173.Orange_crowned_Warbler/Orange_Crowned_Warbler_0016_168082.jpg,173,0
10154,173.Orange_crowned_Warbler/Orange_Crowned_Warbler_0094_167584.jpg,173,0
10161,173.Orange_crowned_Warbler/Orange_Crowned_Warbler_0048_167610.jpg,173,0
10163,173.Orange_crowned_Warbler/Orange_Crowned_Warbler_0011_167615.jpg,173,0
10167,173.Orange_crowned_Warbler/Orange_Crowned_Warbler_0081_167647.jpg,173,0
10172,173.Orange_crowned_Warbler/Orange_Crowned_Warbler_0102_168189.jpg,173,0
10173,173.Orange_crowned_Warbler/Orange_Crowned_Warbler_0015_168196.jpg,173,0
10174,173.Orange_crowned_Warbler/Orange_Crowned_Warbler_0009_168228.jpg,173,0
10175,173.Orange_crowned_Warbler/Orange_Crowned_Warbler_0114_167732.jpg,173,0
10176,173.Orange_crowned_Warbler/Orange_Crowned_Warbler_0059_168259.jpg,173,0
10177,173.Orange_crowned_Warbler/Orange_Crowned_Warbler_0021_168263.jpg,173,0
10178,173.Orange_crowned_Warbler/Orange_Crowned_Warbler_0005_168314.jpg,173,0
10181,173.Orange_crowned_Warbler/Orange_Crowned_Warbler_0027_168381.jpg,173,0
10182,173.Orange_crowned_Warbler/Orange_Crowned_Warbler_0038_168384.jpg,173,0
10185,173.Orange_crowned_Warbler/Orange_Crowned_Warbler_0112_168437.jpg,173,0
10188,174.Palm_Warbler/Palm_Warbler_0007_169473.jpg,174,0
10192,174.Palm_Warbler/Palm_Warbler_0051_169487.jpg,174,0
10193,174.Palm_Warbler/Palm_Warbler_0110_169490.jpg,174,0
10195,174.Palm_Warbler/Palm_Warbler_0002_169527.jpg,174,0
10196,174.Palm_Warbler/Palm_Warbler_0050_170042.jpg,174,0
10198,174.Palm_Warbler/Palm_Warbler_0077_169042.jpg,174,0
10201,174.Palm_Warbler/Palm_Warbler_0106_169571.jpg,174,0
10206,174.Palm_Warbler/Palm_Warbler_0046_169837.jpg,174,0
10210,174.Palm_Warbler/Palm_Warbler_0111_169663.jpg,174,0
10211,174.Palm_Warbler/Palm_Warbler_0086_169676.jpg,174,0
10216,174.Palm_Warbler/Palm_Warbler_0068_170243.jpg,174,0
10217,174.Palm_Warbler/Palm_Warbler_0082_168709.jpg,174,0
10218,174.Palm_Warbler/Palm_Warbler_0100_168725.jpg,174,0
10219,174.Palm_Warbler/Palm_Warbler_0081_169256.jpg,174,0
10221,174.Palm_Warbler/Palm_Warbler_0075_168751.jpg,174,0
10224,174.Palm_Warbler/Palm_Warbler_0066_169284.jpg,174,0
10226,174.Palm_Warbler/Palm_Warbler_0116_170319.jpg,174,0
10228,174.Palm_Warbler/Palm_Warbler_0067_169318.jpg,174,0
10229,174.Palm_Warbler/Palm_Warbler_0044_169319.jpg,174,0
10231,174.Palm_Warbler/Palm_Warbler_0034_170352.jpg,174,0
10232,174.Palm_Warbler/Palm_Warbler_0096_170867.jpg,174,0
10233,174.Palm_Warbler/Palm_Warbler_0102_168829.jpg,174,0
10234,174.Palm_Warbler/Palm_Warbler_0047_169354.jpg,174,0
10235,174.Palm_Warbler/Palm_Warbler_0039_170894.jpg,174,0
10238,174.Palm_Warbler/Palm_Warbler_0105_170429.jpg,174,0
10239,174.Palm_Warbler/Palm_Warbler_0005_169918.jpg,174,0
10241,174.Palm_Warbler/Palm_Warbler_0013_169411.jpg,174,0
10242,174.Palm_Warbler/Palm_Warbler_0108_169426.jpg,174,0
10251,175.Pine_Warbler/Pine_Warbler_0005_171548.jpg,175,0
10253,175.Pine_Warbler/Pine_Warbler_0119_171551.jpg,175,0
10254,175.Pine_Warbler/Pine_Warbler_0111_171040.jpg,175,0
10256,175.Pine_Warbler/Pine_Warbler_0095_171588.jpg,175,0
10258,175.Pine_Warbler/Pine_Warbler_0065_172119.jpg,175,0
10259,175.Pine_Warbler/Pine_Warbler_0035_98396.jpg,175,0
10261,175.Pine_Warbler/Pine_Warbler_0044_171104.jpg,175,0
10268,175.Pine_Warbler/Pine_Warbler_0133_171641.jpg,175,0
10272,175.Pine_Warbler/Pine_Warbler_0045_171150.jpg,175,0
10274,175.Pine_Warbler/Pine_Warbler_0104_171668.jpg,175,0
10276,175.Pine_Warbler/Pine_Warbler_0097_171671.jpg,175,0
10282,175.Pine_Warbler/Pine_Warbler_0050_159442.jpg,175,0
10285,175.Pine_Warbler/Pine_Warbler_0141_171263.jpg,175,0
10286,175.Pine_Warbler/Pine_Warbler_0122_171274.jpg,175,0
10288,175.Pine_Warbler/Pine_Warbler_0054_171287.jpg,175,0
10289,175.Pine_Warbler/Pine_Warbler_0120_172340.jpg,175,0
10290,175.Pine_Warbler/Pine_Warbler_0008_171330.jpg,175,0
10292,175.Pine_Warbler/Pine_Warbler_0052_171380.jpg,175,0
10293,175.Pine_Warbler/Pine_Warbler_0136_171382.jpg,175,0
10294,175.Pine_Warbler/Pine_Warbler_0084_172409.jpg,175,0
10295,175.Pine_Warbler/Pine_Warbler_0038_171386.jpg,175,0
10296,175.Pine_Warbler/Pine_Warbler_0103_171922.jpg,175,0
10297,175.Pine_Warbler/Pine_Warbler_0075_171933.jpg,175,0
10298,175.Pine_Warbler/Pine_Warbler_0132_171936.jpg,175,0
10299,175.Pine_Warbler/Pine_Warbler_0113_172456.jpg,175,0
10301,175.Pine_Warbler/Pine_Warbler_0080_171975.jpg,175,0
10302,175.Pine_Warbler/Pine_Warbler_0020_171989.jpg,175,0
10307,175.Pine_Warbler/Pine_Warbler_0101_171501.jpg,175,0
10308,176.Prairie_Warbler/Prairie_Warbler_0113_172544.jpg,176,0
10310,176.Prairie_Warbler/Prairie_Warbler_0010_172547.jpg,176,0
10312,176.Prairie_Warbler/Prairie_Warbler_0037_172550.jpg,176,0
10313,176.Prairie_Warbler/Prairie_Warbler_0108_172559.jpg,176,0
10316,176.Prairie_Warbler/Prairie_Warbler_0058_172573.jpg,176,0
10317,176.Prairie_Warbler/Prairie_Warbler_0096_172577.jpg,176,0
10318,176.Prairie_Warbler/Prairie_Warbler_0048_173095.jpg,176,0
10323,176.Prairie_Warbler/Prairie_Warbler_0130_172609.jpg,176,0
10325,176.Prairie_Warbler/Prairie_Warbler_0028_173123.jpg,176,0
10327,176.Prairie_Warbler/Prairie_Warbler_0029_172618.jpg,176,0
10329,176.Prairie_Warbler/Prairie_Warbler_0071_173140.jpg,176,0
10332,176.Prairie_Warbler/Prairie_Warbler_0138_172695.jpg,176,0
10334,176.Prairie_Warbler/Prairie_Warbler_0132_172705.jpg,176,0
10337,176.Prairie_Warbler/Prairie_Warbler_0078_172729.jpg,176,0
10338,176.Prairie_Warbler/Prairie_Warbler_0079_172735.jpg,176,0
10339,176.Prairie_Warbler/Prairie_Warbler_0011_172744.jpg,176,0
10341,176.Prairie_Warbler/Prairie_Warbler_0118_173261.jpg,176,0
10342,176.Prairie_Warbler/Prairie_Warbler_0062_172755.jpg,176,0
10343,176.Prairie_Warbler/Prairie_Warbler_0133_173279.jpg,176,0
10351,176.Prairie_Warbler/Prairie_Warbler_0066_173350.jpg,176,0
10352,176.Prairie_Warbler/Prairie_Warbler_0094_91950.jpg,176,0
10355,176.Prairie_Warbler/Prairie_Warbler_0052_173400.jpg,176,0
10356,176.Prairie_Warbler/Prairie_Warbler_0021_172902.jpg,176,0
10359,176.Prairie_Warbler/Prairie_Warbler_0126_172931.jpg,176,0
10361,176.Prairie_Warbler/Prairie_Warbler_0027_172465.jpg,176,0
10364,176.Prairie_Warbler/Prairie_Warbler_0009_173022.jpg,176,0
10366,176.Prairie_Warbler/Prairie_Warbler_0125_172536.jpg,176,0
10367,176.Prairie_Warbler/Prairie_Warbler_0014_172542.jpg,176,0
10369,177.Prothonotary_Warbler/Prothonotary_Warbler_0102_174595.jpg,177,0
10371,177.Prothonotary_Warbler/Prothonotary_Warbler_0105_174097.jpg,177,0
10374,177.Prothonotary_Warbler/Prothonotary_Warbler_0117_174622.jpg,177,0
10377,177.Prothonotary_Warbler/Prothonotary_Warbler_0094_173607.jpg,177,0
10380,177.Prothonotary_Warbler/Prothonotary_Warbler_0033_174123.jpg,177,0
10381,177.Prothonotary_Warbler/Prothonotary_Warbler_0089_174636.jpg,177,0
10383,177.Prothonotary_Warbler/Prothonotary_Warbler_0121_174643.jpg,177,0
10384,177.Prothonotary_Warbler/Prothonotary_Warbler_0022_174138.jpg,177,0
10386,177.Prothonotary_Warbler/Prothonotary_Warbler_0090_174183.jpg,177,0
10389,177.Prothonotary_Warbler/Prothonotary_Warbler_0071_173690.jpg,177,0
10390,177.Prothonotary_Warbler/Prothonotary_Warbler_0069_174210.jpg,177,0
10391,177.Prothonotary_Warbler/Prothonotary_Warbler_0049_174213.jpg,177,0
10392,177.Prothonotary_Warbler/Prothonotary_Warbler_0106_174221.jpg,177,0
10393,177.Prothonotary_Warbler/Prothonotary_Warbler_0023_173788.jpg,177,0
10396,177.Prothonotary_Warbler/Prothonotary_Warbler_0057_173865.jpg,177,0
10399,177.Prothonotary_Warbler/Prothonotary_Warbler_0047_174340.jpg,177,0
10400,177.Prothonotary_Warbler/Prothonotary_Warbler_0085_173829.jpg,177,0
10401,177.Prothonotary_Warbler/Prothonotary_Warbler_0019_173838.jpg,177,0
10408,177.Prothonotary_Warbler/Prothonotary_Warbler_0107_173921.jpg,177,0
10412,177.Prothonotary_Warbler/Prothonotary_Warbler_0065_173422.jpg,177,0
10415,177.Prothonotary_Warbler/Prothonotary_Warbler_0059_173434.jpg,177,0
10417,177.Prothonotary_Warbler/Prothonotary_Warbler_0074_173443.jpg,177,0
10419,177.Prothonotary_Warbler/Prothonotary_Warbler_0040_173447.jpg,177,0
10421,177.Prothonotary_Warbler/Prothonotary_Warbler_0004_173475.jpg,177,0
10422,177.Prothonotary_Warbler/Prothonotary_Warbler_0081_173510.jpg,177,0
10423,177.Prothonotary_Warbler/Prothonotary_Warbler_0100_174539.jpg,177,0
10425,177.Prothonotary_Warbler/Prothonotary_Warbler_0054_174556.jpg,177,0
10427,177.Prothonotary_Warbler/Prothonotary_Warbler_0031_174578.jpg,177,0
10431,178.Swainson_Warbler/Swainson_Warbler_0029_794883.jpg,178,0
10432,178.Swainson_Warbler/Swainson_Warbler_0010_174724.jpg,178,0
10434,178.Swainson_Warbler/Swainson_Warbler_0008_794886.jpg,178,0
10438,178.Swainson_Warbler/Swainson_Warbler_0015_794891.jpg,178,0
10439,178.Swainson_Warbler/Swainson_Warbler_0013_794892.jpg,178,0
10442,178.Swainson_Warbler/Swainson_Warbler_0042_794895.jpg,178,0
10443,178.Swainson_Warbler/Swainson_Warbler_0028_794896.jpg,178,0
10445,178.Swainson_Warbler/Swainson_Warbler_0012_174739.jpg,178,0
10447,178.Swainson_Warbler/Swainson_Warbler_0035_174741.jpg,178,0
10449,178.Swainson_Warbler/Swainson_Warbler_0026_794884.jpg,178,0
10450,178.Swainson_Warbler/Swainson_Warbler_0009_174746.jpg,178,0
10453,178.Swainson_Warbler/Swainson_Warbler_0005_794888.jpg,178,0
10454,178.Swainson_Warbler/Swainson_Warbler_0033_794856.jpg,178,0
10456,178.Swainson_Warbler/Swainson_Warbler_0053_174678.jpg,178,0
10463,178.Swainson_Warbler/Swainson_Warbler_0031_174696.jpg,178,0
10464,178.Swainson_Warbler/Swainson_Warbler_0006_794857.jpg,178,0
10468,178.Swainson_Warbler/Swainson_Warbler_0050_794861.jpg,178,0
10471,178.Swainson_Warbler/Swainson_Warbler_0016_174705.jpg,178,0
10472,178.Swainson_Warbler/Swainson_Warbler_0003_794866.jpg,178,0
10473,178.Swainson_Warbler/Swainson_Warbler_0055_794899.jpg,178,0
10477,178.Swainson_Warbler/Swainson_Warbler_0056_794871.jpg,178,0
10478,178.Swainson_Warbler/Swainson_Warbler_0046_794872.jpg,178,0
10480,178.Swainson_Warbler/Swainson_Warbler_0052_794875.jpg,178,0
10482,178.Swainson_Warbler/Swainson_Warbler_0027_794877.jpg,178,0
10485,179.Tennessee_Warbler/Tennessee_Warbler_0050_174851.jpg,179,0
10488,179.Tennessee_Warbler/Tennessee_Warbler_0014_175126.jpg,179,0
10489,179.Tennessee_Warbler/Tennessee_Warbler_0039_174883.jpg,179,0
10490,179.Tennessee_Warbler/Tennessee_Warbler_0002_174884.jpg,179,0
10493,179.Tennessee_Warbler/Tennessee_Warbler_0003_175154.jpg,179,0
10496,179.Tennessee_Warbler/Tennessee_Warbler_0088_175163.jpg,179,0
10499,179.Tennessee_Warbler/Tennessee_Warbler_0054_174914.jpg,179,0
10500,179.Tennessee_Warbler/Tennessee_Warbler_0040_174933.jpg,179,0
10501,179.Tennessee_Warbler/Tennessee_Warbler_0009_174937.jpg,179,0
10504,179.Tennessee_Warbler/Tennessee_Warbler_0085_156530.jpg,179,0
10505,179.Tennessee_Warbler/Tennessee_Warbler_0087_174968.jpg,179,0
10506,179.Tennessee_Warbler/Tennessee_Warbler_0025_174973.jpg,179,0
10514,179.Tennessee_Warbler/Tennessee_Warbler_0049_175006.jpg,179,0
10515,179.Tennessee_Warbler/Tennessee_Warbler_0065_174757.jpg,179,0
10517,179.Tennessee_Warbler/Tennessee_Warbler_0038_174760.jpg,179,0
10519,179.Tennessee_Warbler/Tennessee_Warbler_0075_174763.jpg,179,0
10520,179.Tennessee_Warbler/Tennessee_Warbler_0089_174764.jpg,179,0
10521,179.Tennessee_Warbler/Tennessee_Warbler_0070_174962.jpg,179,0
10522,179.Tennessee_Warbler/Tennessee_Warbler_0081_174771.jpg,179,0
10525,179.Tennessee_Warbler/Tennessee_Warbler_0042_175092.jpg,179,0
10528,179.Tennessee_Warbler/Tennessee_Warbler_0007_174796.jpg,179,0
10532,179.Tennessee_Warbler/Tennessee_Warbler_0098_174800.jpg,179,0
10534,179.Tennessee_Warbler/Tennessee_Warbler_0027_174805.jpg,179,0
10535,179.Tennessee_Warbler/Tennessee_Warbler_0076_174807.jpg,179,0
10536,179.Tennessee_Warbler/Tennessee_Warbler_0092_174810.jpg,179,0
10537,179.Tennessee_Warbler/Tennessee_Warbler_0013_163552.jpg,179,0
10538,179.Tennessee_Warbler/Tennessee_Warbler_0048_175079.jpg,179,0
10543,180.Wilson_Warbler/Wilson_Warbler_0007_175618.jpg,180,0
10546,180.Wilson_Warbler/Wilson_Warbler_0133_175626.jpg,180,0
10547,180.Wilson_Warbler/Wilson_Warbler_0127_175637.jpg,180,0
10548,180.Wilson_Warbler/Wilson_Warbler_0074_175645.jpg,180,0
10549,180.Wilson_Warbler/Wilson_Warbler_0066_117820.jpg,180,0
10551,180.Wilson_Warbler/Wilson_Warbler_0019_175175.jpg,180,0
10554,180.Wilson_Warbler/Wilson_Warbler_0055_175183.jpg,180,0
10557,180.Wilson_Warbler/Wilson_Warbler_0075_175234.jpg,180,0
10563,180.Wilson_Warbler/Wilson_Warbler_0080_175770.jpg,180,0
10565,180.Wilson_Warbler/Wilson_Warbler_0067_175261.jpg,180,0
10567,180.Wilson_Warbler/Wilson_Warbler_0118_175779.jpg,180,0
10569,180.Wilson_Warbler/Wilson_Warbler_0056_175269.jpg,180,0
10570,180.Wilson_Warbler/Wilson_Warbler_0024_175278.jpg,180,0
10572,180.Wilson_Warbler/Wilson_Warbler_0027_175290.jpg,180,0
10577,180.Wilson_Warbler/Wilson_Warbler_0040_175347.jpg,180,0
10578,180.Wilson_Warbler/Wilson_Warbler_0064_175361.jpg,180,0
10581,180.Wilson_Warbler/Wilson_Warbler_0134_175374.jpg,180,0
10584,180.Wilson_Warbler/Wilson_Warbler_0029_175417.jpg,180,0
10585,180.Wilson_Warbler/Wilson_Warbler_0060_175420.jpg,180,0
10587,180.Wilson_Warbler/Wilson_Warbler_0034_175443.jpg,180,0
10588,180.Wilson_Warbler/Wilson_Warbler_0072_175958.jpg,180,0
10591,180.Wilson_Warbler/Wilson_Warbler_0092_175676.jpg,180,0
10592,180.Wilson_Warbler/Wilson_Warbler_0043_175491.jpg,180,0
10594,180.Wilson_Warbler/Wilson_Warbler_0016_175532.jpg,180,0
10596,180.Wilson_Warbler/Wilson_Warbler_0099_175559.jpg,180,0
10597,180.Wilson_Warbler/Wilson_Warbler_0002_175571.jpg,180,0
10600,180.Wilson_Warbler/Wilson_Warbler_0109_175578.jpg,180,0
10601,180.Wilson_Warbler/Wilson_Warbler_0095_175595.jpg,180,0
10604,181.Worm_eating_Warbler/Worm_Eating_Warbler_0075_176045.jpg,181,0
10608,181.Worm_eating_Warbler/Worm_Eating_Warbler_0066_92460.jpg,181,0
10610,181.Worm_eating_Warbler/Worm_Eating_Warbler_0046_176053.jpg,181,0
10611,181.Worm_eating_Warbler/Worm_Eating_Warbler_0069_176055.jpg,181,0
10615,181.Worm_eating_Warbler/Worm_Eating_Warbler_0005_175977.jpg,181,0
10616,181.Worm_eating_Warbler/Worm_Eating_Warbler_0087_175978.jpg,181,0
10619,181.Worm_eating_Warbler/Worm_Eating_Warbler_0067_795520.jpg,181,0
10623,181.Worm_eating_Warbler/Worm_Eating_Warbler_0016_795528.jpg,181,0
10625,181.Worm_eating_Warbler/Worm_Eating_Warbler_0002_795533.jpg,181,0
10627,181.Worm_eating_Warbler/Worm_Eating_Warbler_0061_795537.jpg,181,0
10629,181.Worm_eating_Warbler/Worm_Eating_Warbler_0021_795545.jpg,181,0
10631,181.Worm_eating_Warbler/Worm_Eating_Warbler_0056_795547.jpg,181,0
10635,181.Worm_eating_Warbler/Worm_Eating_Warbler_0019_795554.jpg,181,0
10637,181.Worm_eating_Warbler/Worm_Eating_Warbler_0079_176036.jpg,181,0
10639,181.Worm_eating_Warbler/Worm_Eating_Warbler_0072_795559.jpg,181,0
10641,181.Worm_eating_Warbler/Worm_Eating_Warbler_0014_176042.jpg,181,0
10642,181.Worm_eating_Warbler/Worm_Eating_Warbler_0098_795565.jpg,181,0
10644,181.Worm_eating_Warbler/Worm_Eating_Warbler_0062_795568.jpg,181,0
10646,181.Worm_eating_Warbler/Worm_Eating_Warbler_0042_795571.jpg,181,0
10647,181.Worm_eating_Warbler/Worm_Eating_Warbler_0036_795573.jpg,181,0
10649,181.Worm_eating_Warbler/Worm_Eating_Warbler_0027_176062.jpg,181,0
10650,181.Worm_eating_Warbler/Worm_Eating_Warbler_0051_176068.jpg,181,0
10652,181.Worm_eating_Warbler/Worm_Eating_Warbler_0086_176073.jpg,181,0
10653,181.Worm_eating_Warbler/Worm_Eating_Warbler_0031_176075.jpg,181,0
10654,181.Worm_eating_Warbler/Worm_Eating_Warbler_0053_176079.jpg,181,0
10655,181.Worm_eating_Warbler/Worm_Eating_Warbler_0076_176086.jpg,181,0
10661,181.Worm_eating_Warbler/Worm_Eating_Warbler_0039_176120.jpg,181,0
10662,182.Yellow_Warbler/Yellow_Warbler_0038_176388.jpg,182,0
10664,182.Yellow_Warbler/Yellow_Warbler_0071_176655.jpg,182,0
10666,182.Yellow_Warbler/Yellow_Warbler_0061_176559.jpg,182,0
10667,182.Yellow_Warbler/Yellow_Warbler_0080_176542.jpg,182,0
10668,182.Yellow_Warbler/Yellow_Warbler_0118_176409.jpg,182,0
10669,182.Yellow_Warbler/Yellow_Warbler_0014_176414.jpg,182,0
10673,182.Yellow_Warbler/Yellow_Warbler_0003_176429.jpg,182,0
10675,182.Yellow_Warbler/Yellow_Warbler_0122_176182.jpg,182,0
10678,182.Yellow_Warbler/Yellow_Warbler_0016_176452.jpg,182,0
10679,182.Yellow_Warbler/Yellow_Warbler_0047_176456.jpg,182,0
10680,182.Yellow_Warbler/Yellow_Warbler_0114_176201.jpg,182,0
10684,182.Yellow_Warbler/Yellow_Warbler_0123_176471.jpg,182,0
10685,182.Yellow_Warbler/Yellow_Warbler_0073_176218.jpg,182,0
10688,182.Yellow_Warbler/Yellow_Warbler_0093_176490.jpg,182,0
10689,182.Yellow_Warbler/Yellow_Warbler_0040_176954.jpg,182,0
10695,182.Yellow_Warbler/Yellow_Warbler_0031_176282.jpg,182,0
10697,182.Yellow_Warbler/Yellow_Warbler_0063_176800.jpg,182,0
10699,182.Yellow_Warbler/Yellow_Warbler_0112_176301.jpg,182,0
10703,182.Yellow_Warbler/Yellow_Warbler_0042_176460.jpg,182,0
10705,182.Yellow_Warbler/Yellow_Warbler_0088_176336.jpg,182,0
10706,182.Yellow_Warbler/Yellow_Warbler_0026_176337.jpg,182,0
10707,182.Yellow_Warbler/Yellow_Warbler_0029_176855.jpg,182,0
10712,182.Yellow_Warbler/Yellow_Warbler_0101_176864.jpg,182,0
10713,182.Yellow_Warbler/Yellow_Warbler_0105_176849.jpg,182,0
10714,182.Yellow_Warbler/Yellow_Warbler_0035_176360.jpg,182,0
10719,182.Yellow_Warbler/Yellow_Warbler_0017_176888.jpg,182,0
10720,182.Yellow_Warbler/Yellow_Warbler_0058_176891.jpg,182,0
10721,182.Yellow_Warbler/Yellow_Warbler_0106_176383.jpg,182,0
10722,183.Northern_Waterthrush/Northern_Waterthrush_0077_177152.jpg,183,0
10725,183.Northern_Waterthrush/Northern_Waterthrush_0046_176984.jpg,183,0
10726,183.Northern_Waterthrush/Northern_Waterthrush_0038_177027.jpg,183,0
10729,183.Northern_Waterthrush/Northern_Waterthrush_0021_177187.jpg,183,0
10730,183.Northern_Waterthrush/Northern_Waterthrush_0041_177199.jpg,183,0
10732,183.Northern_Waterthrush/Northern_Waterthrush_0060_177213.jpg,183,0
10736,183.Northern_Waterthrush/Northern_Waterthrush_0081_176972.jpg,183,0
10737,183.Northern_Waterthrush/Northern_Waterthrush_0075_176978.jpg,183,0
10742,183.Northern_Waterthrush/Northern_Waterthrush_0023_177002.jpg,183,0
10744,183.Northern_Waterthrush/Northern_Waterthrush_0096_177007.jpg,183,0
10745,183.Northern_Waterthrush/Northern_Waterthrush_0079_177008.jpg,183,0
10746,183.Northern_Waterthrush/Northern_Waterthrush_0042_177272.jpg,183,0
10748,183.Northern_Waterthrush/Northern_Waterthrush_0036_177274.jpg,183,0
10749,183.Northern_Waterthrush/Northern_Waterthrush_0005_177023.jpg,183,0
10751,183.Northern_Waterthrush/Northern_Waterthrush_0027_177286.jpg,183,0
10752,183.Northern_Waterthrush/Northern_Waterthrush_0057_177291.jpg,183,0
10754,183.Northern_Waterthrush/Northern_Waterthrush_0097_177045.jpg,183,0
10755,183.Northern_Waterthrush/Northern_Waterthrush_0047_177304.jpg,183,0
10759,183.Northern_Waterthrush/Northern_Waterthrush_0073_177063.jpg,183,0
10762,183.Northern_Waterthrush/Northern_Waterthrush_0110_177074.jpg,183,0
10768,183.Northern_Waterthrush/Northern_Waterthrush_0063_177346.jpg,183,0
10769,183.Northern_Waterthrush/Northern_Waterthrush_0086_177358.jpg,183,0
10770,183.Northern_Waterthrush/Northern_Waterthrush_0062_177364.jpg,183,0
10773,183.Northern_Waterthrush/Northern_Waterthrush_0098_177116.jpg,183,0
10775,183.Northern_Waterthrush/Northern_Waterthrush_0072_177121.jpg,183,0
10778,183.Northern_Waterthrush/Northern_Waterthrush_0093_177141.jpg,183,0
10779,183.Northern_Waterthrush/Northern_Waterthrush_0058_177143.jpg,183,0
10780,183.Northern_Waterthrush/Northern_Waterthrush_0087_177148.jpg,183,0
10782,184.Louisiana_Waterthrush/Louisiana_Waterthrush_0027_177539.jpg,184,0
10784,184.Louisiana_Waterthrush/Louisiana_Waterthrush_0078_177444.jpg,184,0
10786,184.Louisiana_Waterthrush/Louisiana_Waterthrush_0059_177449.jpg,184,0
10787,184.Louisiana_Waterthrush/Louisiana_Waterthrush_0047_177523.jpg,184,0
10793,184.Louisiana_Waterthrush/Louisiana_Waterthrush_0054_176977.jpg,184,0
10797,184.Louisiana_Waterthrush/Louisiana_Waterthrush_0016_795240.jpg,184,0
10798,184.Louisiana_Waterthrush/Louisiana_Waterthrush_0053_795241.jpg,184,0
10804,184.Louisiana_Waterthrush/Louisiana_Waterthrush_0030_795248.jpg,184,0
10806,184.Louisiana_Waterthrush/Louisiana_Waterthrush_0040_795251.jpg,184,0
10807,184.Louisiana_Waterthrush/Louisiana_Waterthrush_0079_795252.jpg,184,0
10809,184.Louisiana_Waterthrush/Louisiana_Waterthrush_0010_795255.jpg,184,0
10810,184.Louisiana_Waterthrush/Louisiana_Waterthrush_0076_795257.jpg,184,0
10812,184.Louisiana_Waterthrush/Louisiana_Waterthrush_0066_795259.jpg,184,0
10815,184.Louisiana_Waterthrush/Louisiana_Waterthrush_0086_795263.jpg,184,0
10816,184.Louisiana_Waterthrush/Louisiana_Waterthrush_0094_795264.jpg,184,0
10819,184.Louisiana_Waterthrush/Louisiana_Waterthrush_0057_795270.jpg,184,0
10824,184.Louisiana_Waterthrush/Louisiana_Waterthrush_0055_795280.jpg,184,0
10826,184.Louisiana_Waterthrush/Louisiana_Waterthrush_0081_795283.jpg,184,0
10827,184.Louisiana_Waterthrush/Louisiana_Waterthrush_0088_795284.jpg,184,0
10828,184.Louisiana_Waterthrush/Louisiana_Waterthrush_0002_795285.jpg,184,0
10829,184.Louisiana_Waterthrush/Louisiana_Waterthrush_0073_177558.jpg,184,0
10831,184.Louisiana_Waterthrush/Louisiana_Waterthrush_0019_177062.jpg,184,0
10833,184.Louisiana_Waterthrush/Louisiana_Waterthrush_0052_177519.jpg,184,0
10835,184.Louisiana_Waterthrush/Louisiana_Waterthrush_0046_177604.jpg,184,0
10837,184.Louisiana_Waterthrush/Louisiana_Waterthrush_0064_177380.jpg,184,0
10838,184.Louisiana_Waterthrush/Louisiana_Waterthrush_0032_177385.jpg,184,0
10839,184.Louisiana_Waterthrush/Louisiana_Waterthrush_0058_177388.jpg,184,0
10840,184.Louisiana_Waterthrush/Louisiana_Waterthrush_0022_177397.jpg,184,0
10844,185.Bohemian_Waxwing/Bohemian_Waxwing_0001_796680.jpg,185,0
10845,185.Bohemian_Waxwing/Bohemian_Waxwing_0068_796682.jpg,185,0
10846,185.Bohemian_Waxwing/Bohemian_Waxwing_0062_796683.jpg,185,0
10847,185.Bohemian_Waxwing/Bohemian_Waxwing_0104_177676.jpg,185,0
10848,185.Bohemian_Waxwing/Bohemian_Waxwing_0079_796687.jpg,185,0
10856,185.Bohemian_Waxwing/Bohemian_Waxwing_0037_796638.jpg,185,0
10857,185.Bohemian_Waxwing/Bohemian_Waxwing_0084_796639.jpg,185,0
10858,185.Bohemian_Waxwing/Bohemian_Waxwing_0115_177724.jpg,185,0
10860,185.Bohemian_Waxwing/Bohemian_Waxwing_0099_177747.jpg,185,0
10861,185.Bohemian_Waxwing/Bohemian_Waxwing_0098_178009.jpg,185,0
10862,185.Bohemian_Waxwing/Bohemian_Waxwing_0101_796653.jpg,185,0
10864,185.Bohemian_Waxwing/Bohemian_Waxwing_0078_796649.jpg,185,0
10865,185.Bohemian_Waxwing/Bohemian_Waxwing_0057_177784.jpg,185,0
10868,185.Bohemian_Waxwing/Bohemian_Waxwing_0119_177942.jpg,185,0
10869,185.Bohemian_Waxwing/Bohemian_Waxwing_0004_796652.jpg,185,0
10872,185.Bohemian_Waxwing/Bohemian_Waxwing_0082_796655.jpg,185,0
10875,185.Bohemian_Waxwing/Bohemian_Waxwing_0121_796658.jpg,185,0
10876,185.Bohemian_Waxwing/Bohemian_Waxwing_0026_177845.jpg,185,0
10879,185.Bohemian_Waxwing/Bohemian_Waxwing_0054_796623.jpg,185,0
10881,185.Bohemian_Waxwing/Bohemian_Waxwing_0100_796627.jpg,185,0
10882,185.Bohemian_Waxwing/Bohemian_Waxwing_0050_796630.jpg,185,0
10883,185.Bohemian_Waxwing/Bohemian_Waxwing_0038_796632.jpg,185,0
10887,185.Bohemian_Waxwing/Bohemian_Waxwing_0041_177630.jpg,185,0
10889,185.Bohemian_Waxwing/Bohemian_Waxwing_0060_796642.jpg,185,0
10891,185.Bohemian_Waxwing/Bohemian_Waxwing_0056_796645.jpg,185,0
10892,185.Bohemian_Waxwing/Bohemian_Waxwing_0034_796646.jpg,185,0
10898,185.Bohemian_Waxwing/Bohemian_Waxwing_0036_796661.jpg,185,0
10900,185.Bohemian_Waxwing/Bohemian_Waxwing_0029_177915.jpg,185,0
10902,186.Cedar_Waxwing/Cedar_Waxwing_0034_179715.jpg,186,0
10903,186.Cedar_Waxwing/Cedar_Waxwing_0028_179724.jpg,186,0
10906,186.Cedar_Waxwing/Cedar_Waxwing_0030_178202.jpg,186,0
10908,186.Cedar_Waxwing/Cedar_Waxwing_0049_178723.jpg,186,0
10910,186.Cedar_Waxwing/Cedar_Waxwing_0033_178737.jpg,186,0
10912,186.Cedar_Waxwing/Cedar_Waxwing_0083_178743.jpg,186,0
10915,186.Cedar_Waxwing/Cedar_Waxwing_0061_179305.jpg,186,0
10916,186.Cedar_Waxwing/Cedar_Waxwing_0058_178795.jpg,186,0
10917,186.Cedar_Waxwing/Cedar_Waxwing_0015_178818.jpg,186,0
10919,186.Cedar_Waxwing/Cedar_Waxwing_0057_178370.jpg,186,0
10921,186.Cedar_Waxwing/Cedar_Waxwing_0043_178321.jpg,186,0
10922,186.Cedar_Waxwing/Cedar_Waxwing_0069_179310.jpg,186,0
10923,186.Cedar_Waxwing/Cedar_Waxwing_0124_178857.jpg,186,0
10927,186.Cedar_Waxwing/Cedar_Waxwing_0074_178888.jpg,186,0
10928,186.Cedar_Waxwing/Cedar_Waxwing_0010_178891.jpg,186,0
10929,186.Cedar_Waxwing/Cedar_Waxwing_0053_178892.jpg,186,0
10930,186.Cedar_Waxwing/Cedar_Waxwing_0051_178385.jpg,186,0
10935,186.Cedar_Waxwing/Cedar_Waxwing_0019_178654.jpg,186,0
10936,186.Cedar_Waxwing/Cedar_Waxwing_0072_178058.jpg,186,0
10937,186.Cedar_Waxwing/Cedar_Waxwing_0070_179007.jpg,186,0
10938,186.Cedar_Waxwing/Cedar_Waxwing_0059_178500.jpg,186,0
10942,186.Cedar_Waxwing/Cedar_Waxwing_0002_179071.jpg,186,0
10945,186.Cedar_Waxwing/Cedar_Waxwing_0107_179098.jpg,186,0
10947,186.Cedar_Waxwing/Cedar_Waxwing_0075_179114.jpg,186,0
10949,186.Cedar_Waxwing/Cedar_Waxwing_0113_178627.jpg,186,0
10951,186.Cedar_Waxwing/Cedar_Waxwing_0011_179149.jpg,186,0
10952,186.Cedar_Waxwing/Cedar_Waxwing_0100_178643.jpg,186,0
10955,186.Cedar_Waxwing/Cedar_Waxwing_0001_179170.jpg,186,0
10962,187.American_Three_toed_Woodpecker/American_Three_Toed_Woodpecker_0048_796163.jpg,187,0
10963,187.American_Three_toed_Woodpecker/American_Three_Toed_Woodpecker_0034_796165.jpg,187,0
10970,187.American_Three_toed_Woodpecker/American_Three_Toed_Woodpecker_0028_796175.jpg,187,0
10971,187.American_Three_toed_Woodpecker/American_Three_Toed_Woodpecker_0040_796180.jpg,187,0
10973,187.American_Three_toed_Woodpecker/American_Three_Toed_Woodpecker_0047_796185.jpg,187,0
10974,187.American_Three_toed_Woodpecker/American_Three_Toed_Woodpecker_0050_796186.jpg,187,0
10976,187.American_Three_toed_Woodpecker/American_Three_Toed_Woodpecker_0019_179870.jpg,187,0
10984,187.American_Three_toed_Woodpecker/American_Three_Toed_Woodpecker_0003_179891.jpg,187,0
10985,187.American_Three_toed_Woodpecker/American_Three_Toed_Woodpecker_0020_179828.jpg,187,0
10986,187.American_Three_toed_Woodpecker/American_Three_Toed_Woodpecker_0032_796170.jpg,187,0
10987,187.American_Three_toed_Woodpecker/American_Three_Toed_Woodpecker_0005_179902.jpg,187,0
10990,187.American_Three_toed_Woodpecker/American_Three_Toed_Woodpecker_0023_179909.jpg,187,0
10998,187.American_Three_toed_Woodpecker/American_Three_Toed_Woodpecker_0022_179933.jpg,187,0
11002,187.American_Three_toed_Woodpecker/American_Three_Toed_Woodpecker_0036_796146.jpg,187,0
11004,187.American_Three_toed_Woodpecker/American_Three_Toed_Woodpecker_0045_796148.jpg,187,0
11005,187.American_Three_toed_Woodpecker/American_Three_Toed_Woodpecker_0042_796149.jpg,187,0
11010,187.American_Three_toed_Woodpecker/American_Three_Toed_Woodpecker_0026_796157.jpg,187,0
11011,187.American_Three_toed_Woodpecker/American_Three_Toed_Woodpecker_0035_796158.jpg,187,0
11012,188.Pileated_Woodpecker/Pileated_Woodpecker_0075_180480.jpg,188,0
11016,188.Pileated_Woodpecker/Pileated_Woodpecker_0012_179976.jpg,188,0
11017,188.Pileated_Woodpecker/Pileated_Woodpecker_0013_180746.jpg,188,0
11026,188.Pileated_Woodpecker/Pileated_Woodpecker_0082_180523.jpg,188,0
11027,188.Pileated_Woodpecker/Pileated_Woodpecker_0039_180012.jpg,188,0
11028,188.Pileated_Woodpecker/Pileated_Woodpecker_0002_180024.jpg,188,0
11029,188.Pileated_Woodpecker/Pileated_Woodpecker_0121_180026.jpg,188,0
11031,188.Pileated_Woodpecker/Pileated_Woodpecker_0070_180034.jpg,188,0
11032,188.Pileated_Woodpecker/Pileated_Woodpecker_0067_179979.jpg,188,0
11033,188.Pileated_Woodpecker/Pileated_Woodpecker_0083_180038.jpg,188,0
11035,188.Pileated_Woodpecker/Pileated_Woodpecker_0074_180306.jpg,188,0
11040,188.Pileated_Woodpecker/Pileated_Woodpecker_0123_180076.jpg,188,0
11041,188.Pileated_Woodpecker/Pileated_Woodpecker_0080_180589.jpg,188,0
11042,188.Pileated_Woodpecker/Pileated_Woodpecker_0091_180343.jpg,188,0
11043,188.Pileated_Woodpecker/Pileated_Woodpecker_0073_180345.jpg,188,0
11046,188.Pileated_Woodpecker/Pileated_Woodpecker_0009_180460.jpg,188,0
11048,188.Pileated_Woodpecker/Pileated_Woodpecker_0093_180205.jpg,188,0
11049,188.Pileated_Woodpecker/Pileated_Woodpecker_0026_180078.jpg,188,0
11051,188.Pileated_Woodpecker/Pileated_Woodpecker_0097_180392.jpg,188,0
11052,188.Pileated_Woodpecker/Pileated_Woodpecker_0118_180138.jpg,188,0
11053,188.Pileated_Woodpecker/Pileated_Woodpecker_0050_180398.jpg,188,0
11055,188.Pileated_Woodpecker/Pileated_Woodpecker_0086_180096.jpg,188,0
11058,188.Pileated_Woodpecker/Pileated_Woodpecker_0098_180170.jpg,188,0
11062,188.Pileated_Woodpecker/Pileated_Woodpecker_0060_180443.jpg,188,0
11063,188.Pileated_Woodpecker/Pileated_Woodpecker_0106_180446.jpg,188,0
11064,188.Pileated_Woodpecker/Pileated_Woodpecker_0114_180455.jpg,188,0
11068,188.Pileated_Woodpecker/Pileated_Woodpecker_0027_179956.jpg,188,0
11070,188.Pileated_Woodpecker/Pileated_Woodpecker_0053_179960.jpg,188,0
11077,189.Red_bellied_Woodpecker/Red_Bellied_Woodpecker_0079_181010.jpg,189,0
11078,189.Red_bellied_Woodpecker/Red_Bellied_Woodpecker_0049_180755.jpg,189,0
11079,189.Red_bellied_Woodpecker/Red_Bellied_Woodpecker_0025_180756.jpg,189,0
11080,189.Red_bellied_Woodpecker/Red_Bellied_Woodpecker_0106_180757.jpg,189,0
11081,189.Red_bellied_Woodpecker/Red_Bellied_Woodpecker_0016_180760.jpg,189,0
11085,189.Red_bellied_Woodpecker/Red_Bellied_Woodpecker_0015_182320.jpg,189,0
11091,189.Red_bellied_Woodpecker/Red_Bellied_Woodpecker_0075_180788.jpg,189,0
11094,189.Red_bellied_Woodpecker/Red_Bellied_Woodpecker_0081_182336.jpg,189,0
11097,189.Red_bellied_Woodpecker/Red_Bellied_Woodpecker_0039_180814.jpg,189,0
11098,189.Red_bellied_Woodpecker/Red_Bellied_Woodpecker_0032_181587.jpg,189,0
11100,189.Red_bellied_Woodpecker/Red_Bellied_Woodpecker_0044_181122.jpg,189,0
11102,189.Red_bellied_Woodpecker/Red_Bellied_Woodpecker_0097_181363.jpg,189,0
11104,189.Red_bellied_Woodpecker/Red_Bellied_Woodpecker_0078_181887.jpg,189,0
11105,189.Red_bellied_Woodpecker/Red_Bellied_Woodpecker_0071_180866.jpg,189,0
11110,189.Red_bellied_Woodpecker/Red_Bellied_Woodpecker_0089_181907.jpg,189,0
11111,189.Red_bellied_Woodpecker/Red_Bellied_Woodpecker_0035_181913.jpg,189,0
11114,189.Red_bellied_Woodpecker/Red_Bellied_Woodpecker_0054_182031.jpg,189,0
11117,189.Red_bellied_Woodpecker/Red_Bellied_Woodpecker_0023_181958.jpg,189,0
11118,189.Red_bellied_Woodpecker/Red_Bellied_Woodpecker_0074_180936.jpg,189,0
11119,189.Red_bellied_Woodpecker/Red_Bellied_Woodpecker_0091_180938.jpg,189,0
11122,189.Red_bellied_Woodpecker/Red_Bellied_Woodpecker_0056_180946.jpg,189,0
11123,189.Red_bellied_Woodpecker/Red_Bellied_Woodpecker_0095_180948.jpg,189,0
11124,189.Red_bellied_Woodpecker/Red_Bellied_Woodpecker_0068_180949.jpg,189,0
11125,189.Red_bellied_Woodpecker/Red_Bellied_Woodpecker_0092_182235.jpg,189,0
11126,189.Red_bellied_Woodpecker/Red_Bellied_Woodpecker_0108_180956.jpg,189,0
11128,189.Red_bellied_Woodpecker/Red_Bellied_Woodpecker_0007_182242.jpg,189,0
11130,189.Red_bellied_Woodpecker/Red_Bellied_Woodpecker_0031_180975.jpg,189,0
11131,189.Red_bellied_Woodpecker/Red_Bellied_Woodpecker_0123_182116.jpg,189,0
11133,190.Red_cockaded_Woodpecker/Red_Cockaded_Woodpecker_0008_794753.jpg,190,0
11137,190.Red_cockaded_Woodpecker/Red_Cockaded_Woodpecker_0009_182540.jpg,190,0
11138,190.Red_cockaded_Woodpecker/Red_Cockaded_Woodpecker_0001_182541.jpg,190,0
11140,190.Red_cockaded_Woodpecker/Red_Cockaded_Woodpecker_0042_182373.jpg,190,0
11141,190.Red_cockaded_Woodpecker/Red_Cockaded_Woodpecker_0035_182435.jpg,190,0
11144,190.Red_cockaded_Woodpecker/Red_Cockaded_Woodpecker_0049_182452.jpg,190,0
11145,190.Red_cockaded_Woodpecker/Red_Cockaded_Woodpecker_0061_794728.jpg,190,0
11150,190.Red_cockaded_Woodpecker/Red_Cockaded_Woodpecker_0051_182347.jpg,190,0
11152,190.Red_cockaded_Woodpecker/Red_Cockaded_Woodpecker_0003_794695.jpg,190,0
11160,190.Red_cockaded_Woodpecker/Red_Cockaded_Woodpecker_0053_794707.jpg,190,0
11161,190.Red_cockaded_Woodpecker/Red_Cockaded_Woodpecker_0024_794708.jpg,190,0
11163,190.Red_cockaded_Woodpecker/Red_Cockaded_Woodpecker_0025_794710.jpg,190,0
11164,190.Red_cockaded_Woodpecker/Red_Cockaded_Woodpecker_0030_794711.jpg,190,0
11165,190.Red_cockaded_Woodpecker/Red_Cockaded_Woodpecker_0017_794712.jpg,190,0
11167,190.Red_cockaded_Woodpecker/Red_Cockaded_Woodpecker_0016_182493.jpg,190,0
11168,190.Red_cockaded_Woodpecker/Red_Cockaded_Woodpecker_0014_794718.jpg,190,0
11169,190.Red_cockaded_Woodpecker/Red_Cockaded_Woodpecker_0038_794719.jpg,190,0
11170,190.Red_cockaded_Woodpecker/Red_Cockaded_Woodpecker_0034_794720.jpg,190,0
11171,190.Red_cockaded_Woodpecker/Red_Cockaded_Woodpecker_0047_794704.jpg,190,0
11172,190.Red_cockaded_Woodpecker/Red_Cockaded_Woodpecker_0046_794722.jpg,190,0
11175,190.Red_cockaded_Woodpecker/Red_Cockaded_Woodpecker_0057_794725.jpg,190,0
11176,190.Red_cockaded_Woodpecker/Red_Cockaded_Woodpecker_0044_182374.jpg,190,0
11180,190.Red_cockaded_Woodpecker/Red_Cockaded_Woodpecker_0045_794727.jpg,190,0
11182,190.Red_cockaded_Woodpecker/Red_Cockaded_Woodpecker_0056_794734.jpg,190,0
11184,190.Red_cockaded_Woodpecker/Red_Cockaded_Woodpecker_0031_794737.jpg,190,0
11186,190.Red_cockaded_Woodpecker/Red_Cockaded_Woodpecker_0013_794740.jpg,190,0
11187,190.Red_cockaded_Woodpecker/Red_Cockaded_Woodpecker_0050_794743.jpg,190,0
11190,191.Red_headed_Woodpecker/Red_Headed_Woodpecker_0073_182784.jpg,191,0
11191,191.Red_headed_Woodpecker/Red_Headed_Woodpecker_0024_183297.jpg,191,0
11192,191.Red_headed_Woodpecker/Red_Headed_Woodpecker_0092_182787.jpg,191,0
11194,191.Red_headed_Woodpecker/Red_Headed_Woodpecker_0087_183271.jpg,191,0
11197,191.Red_headed_Woodpecker/Red_Headed_Woodpecker_0034_182806.jpg,191,0
11200,191.Red_headed_Woodpecker/Red_Headed_Woodpecker_0029_183337.jpg,191,0
11201,191.Red_headed_Woodpecker/Red_Headed_Woodpecker_0058_183086.jpg,191,0
11202,191.Red_headed_Woodpecker/Red_Headed_Woodpecker_0045_182832.jpg,191,0
11203,191.Red_headed_Woodpecker/Red_Headed_Woodpecker_0042_182834.jpg,191,0
11204,191.Red_headed_Woodpecker/Red_Headed_Woodpecker_0031_183096.jpg,191,0
11205,191.Red_headed_Woodpecker/Red_Headed_Woodpecker_0086_182715.jpg,191,0
11207,191.Red_headed_Woodpecker/Red_Headed_Woodpecker_0065_182863.jpg,191,0
11208,191.Red_headed_Woodpecker/Red_Headed_Woodpecker_0006_183383.jpg,191,0
11209,191.Red_headed_Woodpecker/Red_Headed_Woodpecker_0109_183385.jpg,191,0
11212,191.Red_headed_Woodpecker/Red_Headed_Woodpecker_0044_183141.jpg,191,0
11213,191.Red_headed_Woodpecker/Red_Headed_Woodpecker_0091_183144.jpg,191,0
11217,191.Red_headed_Woodpecker/Red_Headed_Woodpecker_0049_183229.jpg,191,0
11222,191.Red_headed_Woodpecker/Red_Headed_Woodpecker_0089_183435.jpg,191,0
11223,191.Red_headed_Woodpecker/Red_Headed_Woodpecker_0093_182925.jpg,191,0
11225,191.Red_headed_Woodpecker/Red_Headed_Woodpecker_0039_183446.jpg,191,0
11227,191.Red_headed_Woodpecker/Red_Headed_Woodpecker_0018_183455.jpg,191,0
11230,191.Red_headed_Woodpecker/Red_Headed_Woodpecker_0067_183710.jpg,191,0
11231,191.Red_headed_Woodpecker/Red_Headed_Woodpecker_0032_182815.jpg,191,0
11239,191.Red_headed_Woodpecker/Red_Headed_Woodpecker_0085_182703.jpg,191,0
11245,191.Red_headed_Woodpecker/Red_Headed_Woodpecker_0099_183524.jpg,191,0
11246,191.Red_headed_Woodpecker/Red_Headed_Woodpecker_0038_183280.jpg,191,0
11247,191.Red_headed_Woodpecker/Red_Headed_Woodpecker_0027_183029.jpg,191,0
11249,191.Red_headed_Woodpecker/Red_Headed_Woodpecker_0107_183290.jpg,191,0
11250,192.Downy_Woodpecker/Downy_Woodpecker_0116_184326.jpg,192,0
11253,192.Downy_Woodpecker/Downy_Woodpecker_0124_184364.jpg,192,0
11255,192.Downy_Woodpecker/Downy_Woodpecker_0078_184375.jpg,192,0
11257,192.Downy_Woodpecker/Downy_Woodpecker_0059_184396.jpg,192,0
11258,192.Downy_Woodpecker/Downy_Woodpecker_0072_184401.jpg,192,0
11259,192.Downy_Woodpecker/Downy_Woodpecker_0132_184408.jpg,192,0
11260,192.Downy_Woodpecker/Downy_Woodpecker_0113_184413.jpg,192,0
11262,192.Downy_Woodpecker/Downy_Woodpecker_0074_183907.jpg,192,0
11263,192.Downy_Woodpecker/Downy_Woodpecker_0056_183913.jpg,192,0
11266,192.Downy_Woodpecker/Downy_Woodpecker_0082_183922.jpg,192,0
11267,192.Downy_Woodpecker/Downy_Woodpecker_0120_183926.jpg,192,0
11270,192.Downy_Woodpecker/Downy_Woodpecker_0027_183940.jpg,192,0
11273,192.Downy_Woodpecker/Downy_Woodpecker_0094_184478.jpg,192,0
11274,192.Downy_Woodpecker/Downy_Woodpecker_0037_183968.jpg,192,0
11278,192.Downy_Woodpecker/Downy_Woodpecker_0058_184520.jpg,192,0
11281,192.Downy_Woodpecker/Downy_Woodpecker_0091_184537.jpg,192,0
11282,192.Downy_Woodpecker/Downy_Woodpecker_0006_184538.jpg,192,0
11284,192.Downy_Woodpecker/Downy_Woodpecker_0029_184046.jpg,192,0
11285,192.Downy_Woodpecker/Downy_Woodpecker_0036_184048.jpg,192,0
11287,192.Downy_Woodpecker/Downy_Woodpecker_0131_184446.jpg,192,0
11288,192.Downy_Woodpecker/Downy_Woodpecker_0098_184567.jpg,192,0
11290,192.Downy_Woodpecker/Downy_Woodpecker_0100_184584.jpg,192,0
11296,192.Downy_Woodpecker/Downy_Woodpecker_0028_184131.jpg,192,0
11298,192.Downy_Woodpecker/Downy_Woodpecker_0004_184648.jpg,192,0
11301,192.Downy_Woodpecker/Downy_Woodpecker_0048_184164.jpg,192,0
11305,192.Downy_Woodpecker/Downy_Woodpecker_0039_184243.jpg,192,0
11307,192.Downy_Woodpecker/Downy_Woodpecker_0061_184285.jpg,192,0
11308,192.Downy_Woodpecker/Downy_Woodpecker_0125_184656.jpg,192,0
11310,193.Bewick_Wren/Bewick_Wren_0056_184834.jpg,193,0
11311,193.Bewick_Wren/Bewick_Wren_0087_184918.jpg,193,0
11312,193.Bewick_Wren/Bewick_Wren_0139_184839.jpg,193,0
11314,193.Bewick_Wren/Bewick_Wren_0060_185366.jpg,193,0
11315,193.Bewick_Wren/Bewick_Wren_0032_184870.jpg,193,0
11320,193.Bewick_Wren/Bewick_Wren_0061_184898.jpg,193,0
11321,193.Bewick_Wren/Bewick_Wren_0092_184901.jpg,193,0
11325,193.Bewick_Wren/Bewick_Wren_0051_185425.jpg,193,0
11327,193.Bewick_Wren/Bewick_Wren_0066_184928.jpg,193,0
11331,193.Bewick_Wren/Bewick_Wren_0085_185474.jpg,193,0
11334,193.Bewick_Wren/Bewick_Wren_0016_184999.jpg,193,0
11335,193.Bewick_Wren/Bewick_Wren_0106_185013.jpg,193,0
11336,193.Bewick_Wren/Bewick_Wren_0082_185021.jpg,193,0
11337,193.Bewick_Wren/Bewick_Wren_0075_185046.jpg,193,0
11338,193.Bewick_Wren/Bewick_Wren_0073_185049.jpg,193,0
11340,193.Bewick_Wren/Bewick_Wren_0123_185069.jpg,193,0
11343,193.Bewick_Wren/Bewick_Wren_0113_185113.jpg,193,0
11344,193.Bewick_Wren/Bewick_Wren_0017_185127.jpg,193,0
11346,193.Bewick_Wren/Bewick_Wren_0096_185139.jpg,193,0
11348,193.Bewick_Wren/Bewick_Wren_0118_185169.jpg,193,0
11349,193.Bewick_Wren/Bewick_Wren_0109_185170.jpg,193,0
11352,193.Bewick_Wren/Bewick_Wren_0005_184699.jpg,193,0
11353,193.Bewick_Wren/Bewick_Wren_0027_185212.jpg,193,0
11357,193.Bewick_Wren/Bewick_Wren_0055_185230.jpg,193,0
11361,193.Bewick_Wren/Bewick_Wren_0127_184756.jpg,193,0
11362,193.Bewick_Wren/Bewick_Wren_0052_184760.jpg,193,0
11365,193.Bewick_Wren/Bewick_Wren_0014_184810.jpg,193,0
11368,193.Bewick_Wren/Bewick_Wren_0037_185332.jpg,193,0
11370,194.Cactus_Wren/Cactus_Wren_0040_185859.jpg,194,0
11371,194.Cactus_Wren/Cactus_Wren_0009_185871.jpg,194,0
11373,194.Cactus_Wren/Cactus_Wren_0056_185626.jpg,194,0
11374,194.Cactus_Wren/Cactus_Wren_0101_185627.jpg,194,0
11377,194.Cactus_Wren/Cactus_Wren_0095_185633.jpg,194,0
11378,194.Cactus_Wren/Cactus_Wren_0007_185634.jpg,194,0
11379,194.Cactus_Wren/Cactus_Wren_0027_185893.jpg,194,0
11380,194.Cactus_Wren/Cactus_Wren_0115_185895.jpg,194,0
11381,194.Cactus_Wren/Cactus_Wren_0096_185898.jpg,194,0
11384,194.Cactus_Wren/Cactus_Wren_0102_185902.jpg,194,0
11388,194.Cactus_Wren/Cactus_Wren_0116_185927.jpg,194,0
11389,194.Cactus_Wren/Cactus_Wren_0002_185680.jpg,194,0
11393,194.Cactus_Wren/Cactus_Wren_0092_185951.jpg,194,0
11395,194.Cactus_Wren/Cactus_Wren_0120_185956.jpg,194,0
11398,194.Cactus_Wren/Cactus_Wren_0014_185993.jpg,194,0
11399,194.Cactus_Wren/Cactus_Wren_0017_185745.jpg,194,0
11400,194.Cactus_Wren/Cactus_Wren_0077_186003.jpg,194,0
11404,194.Cactus_Wren/Cactus_Wren_0046_186017.jpg,194,0
11409,194.Cactus_Wren/Cactus_Wren_0042_185514.jpg,194,0
11410,194.Cactus_Wren/Cactus_Wren_0085_185515.jpg,194,0
11413,194.Cactus_Wren/Cactus_Wren_0067_186034.jpg,194,0
11415,194.Cactus_Wren/Cactus_Wren_0114_185532.jpg,194,0
11417,194.Cactus_Wren/Cactus_Wren_0004_185797.jpg,194,0
11418,194.Cactus_Wren/Cactus_Wren_0076_186067.jpg,194,0
11419,194.Cactus_Wren/Cactus_Wren_0045_185556.jpg,194,0
11420,194.Cactus_Wren/Cactus_Wren_0079_185560.jpg,194,0
11422,194.Cactus_Wren/Cactus_Wren_0036_185563.jpg,194,0
11427,194.Cactus_Wren/Cactus_Wren_0063_185589.jpg,194,0
11430,195.Carolina_Wren/Carolina_Wren_0130_186369.jpg,195,0
11432,195.Carolina_Wren/Carolina_Wren_0062_186390.jpg,195,0
11434,195.Carolina_Wren/Carolina_Wren_0080_186919.jpg,195,0
11437,195.Carolina_Wren/Carolina_Wren_0082_186421.jpg,195,0
11438,195.Carolina_Wren/Carolina_Wren_0090_186942.jpg,195,0
11442,195.Carolina_Wren/Carolina_Wren_0001_186455.jpg,195,0
11444,195.Carolina_Wren/Carolina_Wren_0125_187009.jpg,195,0
11445,195.Carolina_Wren/Carolina_Wren_0002_186506.jpg,195,0
11450,195.Carolina_Wren/Carolina_Wren_0019_186527.jpg,195,0
11453,195.Carolina_Wren/Carolina_Wren_0032_186566.jpg,195,0
11454,195.Carolina_Wren/Carolina_Wren_0078_186570.jpg,195,0
11457,195.Carolina_Wren/Carolina_Wren_0073_186587.jpg,195,0
11458,195.Carolina_Wren/Carolina_Wren_0108_186089.jpg,195,0
11459,195.Carolina_Wren/Carolina_Wren_0005_186109.jpg,195,0
11461,195.Carolina_Wren/Carolina_Wren_0044_186645.jpg,195,0
11462,195.Carolina_Wren/Carolina_Wren_0126_186654.jpg,195,0
11463,195.Carolina_Wren/Carolina_Wren_0119_186153.jpg,195,0
11467,195.Carolina_Wren/Carolina_Wren_0021_186683.jpg,195,0
11469,195.Carolina_Wren/Carolina_Wren_0031_186713.jpg,195,0
11470,195.Carolina_Wren/Carolina_Wren_0036_186722.jpg,195,0
11476,195.Carolina_Wren/Carolina_Wren_0077_186294.jpg,195,0
11477,195.Carolina_Wren/Carolina_Wren_0060_186296.jpg,195,0
11478,195.Carolina_Wren/Carolina_Wren_0066_186818.jpg,195,0
11481,195.Carolina_Wren/Carolina_Wren_0068_186830.jpg,195,0
11482,195.Carolina_Wren/Carolina_Wren_0083_186324.jpg,195,0
11483,195.Carolina_Wren/Carolina_Wren_0102_186332.jpg,195,0
11486,195.Carolina_Wren/Carolina_Wren_0006_186742.jpg,195,0
11488,195.Carolina_Wren/Carolina_Wren_0011_186871.jpg,195,0
11494,196.House_Wren/House_Wren_0061_187911.jpg,196,0
11495,196.House_Wren/House_Wren_0004_187448.jpg,196,0
11496,196.House_Wren/House_Wren_0012_187973.jpg,196,0
11497,196.House_Wren/House_Wren_0103_187466.jpg,196,0
11501,196.House_Wren/House_Wren_0005_187493.jpg,196,0
11502,196.House_Wren/House_Wren_0016_188006.jpg,196,0
11503,196.House_Wren/House_Wren_0114_188016.jpg,196,0
11504,196.House_Wren/House_Wren_0057_187157.jpg,196,0
11505,196.House_Wren/House_Wren_0047_188036.jpg,196,0
11513,196.House_Wren/House_Wren_0123_187095.jpg,196,0
11514,196.House_Wren/House_Wren_0042_187098.jpg,196,0
11515,196.House_Wren/House_Wren_0092_187100.jpg,196,0
11519,196.House_Wren/House_Wren_0110_187111.jpg,196,0
11520,196.House_Wren/House_Wren_0034_187120.jpg,196,0
11521,196.House_Wren/House_Wren_0101_187133.jpg,196,0
11523,196.House_Wren/House_Wren_0025_187160.jpg,196,0
11525,196.House_Wren/House_Wren_0139_187177.jpg,196,0
11526,196.House_Wren/House_Wren_0137_187273.jpg,196,0
11527,196.House_Wren/House_Wren_0023_187192.jpg,196,0
11531,196.House_Wren/House_Wren_0043_187224.jpg,196,0
11534,196.House_Wren/House_Wren_0099_187240.jpg,196,0
11537,196.House_Wren/House_Wren_0090_187762.jpg,196,0
11538,196.House_Wren/House_Wren_0125_187251.jpg,196,0
11539,196.House_Wren/House_Wren_0086_187815.jpg,196,0
11541,196.House_Wren/House_Wren_0017_187330.jpg,196,0
11543,196.House_Wren/House_Wren_0022_187848.jpg,196,0
11544,196.House_Wren/House_Wren_0098_187368.jpg,196,0
11547,196.House_Wren/House_Wren_0118_187383.jpg,196,0
11549,197.Marsh_Wren/Marsh_Wren_0043_188426.jpg,197,0
11550,197.Marsh_Wren/Marsh_Wren_0110_188434.jpg,197,0
11551,197.Marsh_Wren/Marsh_Wren_0115_188443.jpg,197,0
11559,197.Marsh_Wren/Marsh_Wren_0049_188540.jpg,197,0
11562,197.Marsh_Wren/Marsh_Wren_0106_188100.jpg,197,0
11563,197.Marsh_Wren/Marsh_Wren_0099_188579.jpg,197,0
11564,197.Marsh_Wren/Marsh_Wren_0053_188276.jpg,197,0
11566,197.Marsh_Wren/Marsh_Wren_0076_188108.jpg,197,0
11567,197.Marsh_Wren/Marsh_Wren_0071_188111.jpg,197,0
11570,197.Marsh_Wren/Marsh_Wren_0102_188654.jpg,197,0
11571,197.Marsh_Wren/Marsh_Wren_0050_188657.jpg,197,0
11574,197.Marsh_Wren/Marsh_Wren_0117_188676.jpg,197,0
11575,197.Marsh_Wren/Marsh_Wren_0082_188699.jpg,197,0
11576,197.Marsh_Wren/Marsh_Wren_0004_188188.jpg,197,0
11577,197.Marsh_Wren/Marsh_Wren_0145_188193.jpg,197,0
11578,197.Marsh_Wren/Marsh_Wren_0042_188195.jpg,197,0
11581,197.Marsh_Wren/Marsh_Wren_0070_188205.jpg,197,0
11583,197.Marsh_Wren/Marsh_Wren_0134_188213.jpg,197,0
11586,197.Marsh_Wren/Marsh_Wren_0072_188764.jpg,197,0
11587,197.Marsh_Wren/Marsh_Wren_0051_188260.jpg,197,0
11588,197.Marsh_Wren/Marsh_Wren_0069_188776.jpg,197,0
11593,197.Marsh_Wren/Marsh_Wren_0022_188280.jpg,197,0
11595,197.Marsh_Wren/Marsh_Wren_0028_188797.jpg,197,0
11597,197.Marsh_Wren/Marsh_Wren_0080_188812.jpg,197,0
11600,197.Marsh_Wren/Marsh_Wren_0015_188852.jpg,197,0
11602,197.Marsh_Wren/Marsh_Wren_0147_188367.jpg,197,0
11603,197.Marsh_Wren/Marsh_Wren_0048_188370.jpg,197,0
11608,197.Marsh_Wren/Marsh_Wren_0119_188404.jpg,197,0
11609,198.Rock_Wren/Rock_Wren_0127_188931.jpg,198,0
11611,198.Rock_Wren/Rock_Wren_0034_187656.jpg,198,0
11615,198.Rock_Wren/Rock_Wren_0098_188947.jpg,198,0
11618,198.Rock_Wren/Rock_Wren_0073_188952.jpg,198,0
11620,198.Rock_Wren/Rock_Wren_0078_188960.jpg,198,0
11625,198.Rock_Wren/Rock_Wren_0041_189227.jpg,198,0
11629,198.Rock_Wren/Rock_Wren_0035_188998.jpg,198,0
11630,198.Rock_Wren/Rock_Wren_0025_188897.jpg,198,0
11631,198.Rock_Wren/Rock_Wren_0037_189256.jpg,198,0
11632,198.Rock_Wren/Rock_Wren_0042_189006.jpg,198,0
11637,198.Rock_Wren/Rock_Wren_0066_189034.jpg,198,0
11638,198.Rock_Wren/Rock_Wren_0094_189037.jpg,198,0
11639,198.Rock_Wren/Rock_Wren_0036_189245.jpg,198,0
11641,198.Rock_Wren/Rock_Wren_0062_189045.jpg,198,0
11644,198.Rock_Wren/Rock_Wren_0050_189207.jpg,198,0
11645,198.Rock_Wren/Rock_Wren_0038_189328.jpg,198,0
11646,198.Rock_Wren/Rock_Wren_0023_189075.jpg,198,0
11648,198.Rock_Wren/Rock_Wren_0109_189094.jpg,198,0
11649,198.Rock_Wren/Rock_Wren_0116_189101.jpg,198,0
11650,198.Rock_Wren/Rock_Wren_0071_189213.jpg,198,0
11651,198.Rock_Wren/Rock_Wren_0053_189112.jpg,198,0
11654,198.Rock_Wren/Rock_Wren_0058_189346.jpg,198,0
11656,198.Rock_Wren/Rock_Wren_0029_189145.jpg,198,0
11658,198.Rock_Wren/Rock_Wren_0020_188895.jpg,198,0
11659,198.Rock_Wren/Rock_Wren_0067_189152.jpg,198,0
11661,198.Rock_Wren/Rock_Wren_0040_189159.jpg,198,0
11662,198.Rock_Wren/Rock_Wren_0104_189161.jpg,198,0
11665,198.Rock_Wren/Rock_Wren_0100_189426.jpg,198,0
11670,199.Winter_Wren/Winter_Wren_0122_189475.jpg,199,0
11672,199.Winter_Wren/Winter_Wren_0013_189500.jpg,199,0
11673,199.Winter_Wren/Winter_Wren_0062_189501.jpg,199,0
11674,199.Winter_Wren/Winter_Wren_0049_189504.jpg,199,0
11676,199.Winter_Wren/Winter_Wren_0056_189508.jpg,199,0
11678,199.Winter_Wren/Winter_Wren_0038_189510.jpg,199,0
11679,199.Winter_Wren/Winter_Wren_0083_190025.jpg,199,0
11680,199.Winter_Wren/Winter_Wren_0050_189514.jpg,199,0
11683,199.Winter_Wren/Winter_Wren_0073_190044.jpg,199,0
11684,199.Winter_Wren/Winter_Wren_0019_189533.jpg,199,0
11687,199.Winter_Wren/Winter_Wren_0063_189543.jpg,199,0
11689,199.Winter_Wren/Winter_Wren_0082_189549.jpg,199,0
11693,199.Winter_Wren/Winter_Wren_0110_189569.jpg,199,0
11695,199.Winter_Wren/Winter_Wren_0127_190091.jpg,199,0
11699,199.Winter_Wren/Winter_Wren_0090_190104.jpg,199,0
11700,199.Winter_Wren/Winter_Wren_0111_189596.jpg,199,0
11701,199.Winter_Wren/Winter_Wren_0021_189597.jpg,199,0
11704,199.Winter_Wren/Winter_Wren_0097_190139.jpg,199,0
11707,199.Winter_Wren/Winter_Wren_0141_190152.jpg,199,0
11709,199.Winter_Wren/Winter_Wren_0004_189670.jpg,199,0
11711,199.Winter_Wren/Winter_Wren_0048_189683.jpg,199,0
11712,199.Winter_Wren/Winter_Wren_0093_189686.jpg,199,0
11713,199.Winter_Wren/Winter_Wren_0071_189689.jpg,199,0
11714,199.Winter_Wren/Winter_Wren_0086_189692.jpg,199,0
11720,199.Winter_Wren/Winter_Wren_0003_189838.jpg,199,0
11723,199.Winter_Wren/Winter_Wren_0132_189861.jpg,199,0
11725,199.Winter_Wren/Winter_Wren_0142_190379.jpg,199,0
11727,199.Winter_Wren/Winter_Wren_0047_190390.jpg,199,0
11729,200.Common_Yellowthroat/Common_Yellowthroat_0020_190720.jpg,200,0
11730,200.Common_Yellowthroat/Common_Yellowthroat_0016_190986.jpg,200,0
11733,200.Common_Yellowthroat/Common_Yellowthroat_0114_190501.jpg,200,0
11735,200.Common_Yellowthroat/Common_Yellowthroat_0039_190513.jpg,200,0
11737,200.Common_Yellowthroat/Common_Yellowthroat_0019_190524.jpg,200,0
11740,200.Common_Yellowthroat/Common_Yellowthroat_0099_190531.jpg,200,0
11741,200.Common_Yellowthroat/Common_Yellowthroat_0125_190902.jpg,200,0
11742,200.Common_Yellowthroat/Common_Yellowthroat_0050_190535.jpg,200,0
11744,200.Common_Yellowthroat/Common_Yellowthroat_0025_190547.jpg,200,0
11745,200.Common_Yellowthroat/Common_Yellowthroat_0118_190805.jpg,200,0
11747,200.Common_Yellowthroat/Common_Yellowthroat_0045_190563.jpg,200,0
11749,200.Common_Yellowthroat/Common_Yellowthroat_0111_190569.jpg,200,0
11751,200.Common_Yellowthroat/Common_Yellowthroat_0112_190571.jpg,200,0
11756,200.Common_Yellowthroat/Common_Yellowthroat_0031_190582.jpg,200,0
11757,200.Common_Yellowthroat/Common_Yellowthroat_0059_190584.jpg,200,0
11761,200.Common_Yellowthroat/Common_Yellowthroat_0046_190446.jpg,200,0
11764,200.Common_Yellowthroat/Common_Yellowthroat_0027_190869.jpg,200,0
11768,200.Common_Yellowthroat/Common_Yellowthroat_0066_190646.jpg,200,0
11769,200.Common_Yellowthroat/Common_Yellowthroat_0018_190904.jpg,200,0
11771,200.Common_Yellowthroat/Common_Yellowthroat_0021_190655.jpg,200,0
11773,200.Common_Yellowthroat/Common_Yellowthroat_0011_190401.jpg,200,0
11775,200.Common_Yellowthroat/Common_Yellowthroat_0029_190403.jpg,200,0
11777,200.Common_Yellowthroat/Common_Yellowthroat_0071_190665.jpg,200,0
11779,200.Common_Yellowthroat/Common_Yellowthroat_0070_190678.jpg,200,0
11780,200.Common_Yellowthroat/Common_Yellowthroat_0040_190427.jpg,200,0
11783,200.Common_Yellowthroat/Common_Yellowthroat_0063_190440.jpg,200,0
11786,200.Common_Yellowthroat/Common_Yellowthroat_0008_190703.jpg,200,0
11788,200.Common_Yellowthroat/Common_Yellowthroat_0055_190967.jpg,200,0
